date,year,n_images,mean_clear_obs_in_lake,ndvi_lake,ndvi_reference,contrast
1984-01-01,1984,14,1.3,0.35744,0.55687,0.19943
1984-01-17,1984,16,1.5,0.34453,0.58108,0.23655
1984-02-02,1984,16,1,0.56117,0.61233,0.05116
1984-02-18,1984,16,1.54,0.28642,0.61832,0.33189
1984-03-05,1984,16,1,0.44631,0.57321,0.1269
1984-03-21,1984,16,1.12,0.25986,0.58523,0.32537
1984-04-06,1984,16,3.75,0.27574,0.5786,0.30286
1984-04-22,1984,16,3.57,0.4218,0.53021,0.10841
1984-05-08,1984,16,2.93,0.22124,0.48743,0.26618
1984-05-24,1984,16,2.56,0.32214,0.43857,0.11643
1984-06-09,1984,16,1.54,0.30722,0.43284,0.12562
1984-06-25,1984,16,1.53,0.26739,0.34678,0.07939
1984-07-11,1984,16,1.15,0.31045,0.33097,0.02051
1984-07-27,1984,16,1.39,0.30711,0.30001,-0.0071
1984-08-12,1984,16,2.34,0.28267,0.27253,-0.01014
1984-08-28,1984,16,1.53,0.25292,0.18853,-0.06439
1984-09-13,1984,16,1.41,0.19109,0.1942,0.00311
1984-09-29,1984,16,1.3,0.15229,0.1867,0.03441
1984-10-15,1984,16,1.61,0.29367,0.25479,-0.03889
1984-10-31,1984,16,1.54,0.13105,0.26856,0.1375
1984-11-16,1984,16,1.68,0.16714,0.38794,0.2208
1984-12-02,1984,15,1,0.13591,0.4889,0.353
1984-12-18,1984,16,1.16,0.5907,0.45629,-0.1344
1985-01-03,1985,16,1.12,0.26763,0.56025,0.29262
1985-01-19,1985,16,1.1,0.33675,0.62078,0.28403
1985-02-04,1985,14,1.56,0.56423,0.58474,0.02051
1985-02-20,1985,16,1.44,0.30581,0.58239,0.27658
1985-03-08,1985,16,1,0.19635,0.5804,0.38405
1985-03-24,1985,15,1.55,0.34289,0.56329,0.2204
1985-04-09,1985,15,2.48,0.31141,0.55221,0.2408
1985-04-25,1985,16,4.61,0.24072,0.54164,0.30092
1985-05-11,1985,16,3.88,0.29342,0.52996,0.23654
1985-05-27,1985,16,3.33,0.29766,0.47941,0.18175
1985-06-12,1985,16,3.42,0.13781,0.41137,0.27356
1985-06-28,1985,16,1.65,0.11062,0.37706,0.26645
1985-07-14,1985,16,2.84,0.19952,0.34855,0.14903
1985-07-30,1985,16,3.65,0.15943,0.32331,0.16388
1985-08-15,1985,16,1.75,0.22125,0.27444,0.0532
1985-08-31,1985,16,1.71,0.13881,0.22576,0.08695
1985-09-16,1985,16,1.56,0.09786,0.23773,0.13987
1985-10-02,1985,16,2.63,0.14183,0.22182,0.08
1985-10-18,1985,16,1.36,0.19044,0.31586,0.12542
1985-11-03,1985,16,2.54,0.17326,0.35866,0.18539
1985-11-19,1985,16,1.43,0.17896,0.47114,0.29217
1985-12-05,1985,16,1,0.24306,0.46692,0.22386
1985-12-21,1985,16,1.08,0.24229,0.55045,0.30816
1986-01-06,1986,16,1.86,0.29812,0.60017,0.30205
1986-01-22,1986,16,1,0.29857,0.5257,0.22712
1986-02-07,1986,16,1.73,0.40722,0.60518,0.19796
1986-02-23,1986,16,1.34,0.34717,0.5572,0.21003
1986-03-11,1986,15,1.45,0.25753,0.56333,0.3058
1986-03-27,1986,16,1.41,0.46552,0.56105,0.09553
1986-04-12,1986,16,1.53,0.46504,0.58108,0.11603
1986-04-28,1986,16,2.07,0.27996,0.5539,0.27393
1986-05-14,1986,16,1.11,0.15538,0.46851,0.31313
1986-05-30,1986,16,1.6,0.35626,0.42884,0.07258
1986-06-15,1986,16,1.88,0.25706,0.40295,0.14589
1986-07-01,1986,16,1.31,0.11398,0.34702,0.23304
1986-07-17,1986,16,1.73,0.17104,0.31546,0.14443
1986-08-02,1986,16,1.89,0.17765,0.29652,0.11886
1986-08-18,1986,16,1.76,0.12885,0.24702,0.11816
1986-09-03,1986,16,1.53,0.13727,0.21006,0.07279
1986-09-19,1986,16,1.05,0.09558,0.22148,0.12589
1986-10-05,1986,16,3.38,0.05455,0.23899,0.18444
1986-10-21,1986,16,1.89,0.04703,0.26652,0.2195
1986-11-06,1986,16,2.81,0.16659,0.41338,0.24679
1986-11-22,1986,16,1.19,0.19544,0.43299,0.23755
1986-12-08,1986,16,2.11,0.34582,0.54261,0.19679
1986-12-24,1986,16,1.46,0.1853,0.53869,0.35338
1987-01-09,1987,16,1.08,0.13153,0.53466,0.40314
1987-01-25,1987,16,1.69,0.39767,0.59143,0.19376
1987-02-10,1987,16,1.67,0.1857,0.57546,0.38976
1987-02-26,1987,16,1.41,0.00516,0.60253,0.59737
1987-03-14,1987,16,1.77,0.29412,0.58447,0.29036
1987-03-30,1987,16,2.55,0.16579,0.55187,0.38608
1987-04-15,1987,16,2.48,0.01433,0.5186,0.50426
1987-05-01,1987,16,1.64,0.18507,0.42359,0.23852
1987-05-17,1987,16,1.21,0.07926,0.42061,0.34134
1987-06-02,1987,16,1.43,0.01736,0.36442,0.34706
1987-06-18,1987,16,1.23,-0.01738,0.3171,0.33448
1987-07-04,1987,16,1.19,-0.00294,0.29177,0.29472
1987-07-20,1987,16,1.23,0.07447,0.21794,0.14347
1987-08-05,1987,16,1.27,0.05572,0.20628,0.15057
1987-08-21,1987,16,1.56,0.00759,0.18135,0.17376
1987-09-06,1987,16,1.58,0.0257,0.2046,0.1789
1987-09-22,1987,16,1.62,0.0858,0.21389,0.12809
1987-10-08,1987,16,3.57,0.10698,0.29195,0.18497
1987-10-24,1987,16,3.53,-0.034,0.275,0.309
1987-11-09,1987,16,2.94,0.13778,0.27892,0.14114
1987-11-25,1987,16,1.92,-0.05654,0.2647,0.32123
1987-12-11,1987,16,2.53,-0.01152,0.51756,0.52908
1987-12-27,1987,16,1.82,0.12039,0.57868,0.45829
1988-01-12,1988,16,1.0,0.40791,0.54844,0.14053
1988-01-28,1988,16,1.53,0.1221,0.62371,0.50161
1988-02-13,1988,16,1.97,0.05764,0.59534,0.5377
1988-02-29,1988,16,1,0.16595,0.63817,0.47223
1988-03-16,1988,16,1.76,0.08588,0.6098,0.52392
1988-04-01,1988,16,1.73,0.34483,0.5669,0.22206
1988-04-17,1988,16,1.22,0.22553,0.55524,0.32971
1988-05-03,1988,16,1.73,0.10386,0.5306,0.42674
1988-05-19,1988,16,1.2,-0.02552,0.47356,0.49908
1988-06-04,1988,16,2.0,0.04137,0.43857,0.3972
1988-06-20,1988,16,1.28,0.10521,0.4091,0.30389
1988-07-06,1988,16,1.48,0.13174,0.31184,0.18011
1988-07-22,1988,16,1.23,0.14395,0.28862,0.14467
1988-08-07,1988,16,1.22,0.06734,0.27431,0.20697
1988-08-23,1988,16,1.69,0.03388,0.21577,0.18189
1988-09-08,1988,16,1.57,0.15923,0.20026,0.04104
1988-09-24,1988,16,1.36,0.11468,0.1785,0.06382
1988-10-10,1988,16,1.07,0.11765,0.1927,0.07505
1988-10-26,1988,16,2.22,-0.1155,0.24753,0.36304
1988-11-11,1988,16,4.18,-0.18269,0.22874,0.41144
1988-11-27,1988,16,2.69,-0.11348,0.12639,0.23987
1988-12-13,1988,16,1.68,-0.24135,0.2981,0.53945
1988-12-29,1988,16,1.69,-0.12469,0.32657,0.45126
1989-01-14,1989,16,1.19,-0.01364,0.50137,0.51501
1989-01-30,1989,16,1.31,0.20463,0.55917,0.35454
1989-02-15,1989,16,1.57,-0.06303,0.53716,0.60019
1989-03-03,1989,16,2.78,-0.04718,0.55137,0.59855
1989-03-19,1989,16,2.71,0.05061,0.54107,0.49047
1989-04-04,1989,16,1.87,-0.04391,0.52903,0.57294
1989-04-20,1989,16,2.1,-0.00915,0.51826,0.52741
1989-05-06,1989,16,2.37,0.03925,0.49294,0.45369
1989-05-22,1989,16,2.19,0.21453,0.44008,0.22555
1989-06-07,1989,16,2.28,0.02333,0.44061,0.41729
1989-06-23,1989,16,3.43,-0.00243,0.39944,0.40186
1989-07-09,1989,16,4.35,0.00127,0.3424,0.34114
1989-07-25,1989,16,1.75,0.05381,0.3042,0.25039
1989-08-10,1989,16,3.25,-0.03723,0.27425,0.31148
1989-08-26,1989,16,4.14,0.04806,0.2512,0.20314
1989-09-11,1989,16,3.98,-0.06707,0.23927,0.30634
1989-09-27,1989,16,4.63,-0.03695,0.24291,0.27985
1989-10-13,1989,16,2.73,-0.03962,0.25607,0.29569
1989-10-29,1989,16,4.05,-0.00566,0.28456,0.29022
1989-11-14,1989,16,2.83,0.03986,0.26509,0.22522
1989-11-30,1989,16,1,0.28123,0.34022,0.05899
1989-12-16,1989,16,1.48,0.33266,0.46348,0.13083
1990-01-01,1990,16,1.55,-0.00462,0.56764,0.57225
1990-01-17,1990,16,1.23,0.18794,0.53672,0.34878
1990-02-02,1990,16,2.16,-0.05143,0.59885,0.65028
1990-02-18,1990,15,1.88,-0.0476,0.62422,0.67182
1990-03-06,1990,16,3.13,0.00425,0.57317,0.56892
1990-03-22,1990,16,2.66,-0.04932,0.50886,0.55818
1990-04-07,1990,16,2.14,-0.05953,0.51542,0.57495
1990-04-23,1990,16,1.9,-0.13894,0.47915,0.61809
1990-05-09,1990,16,1.59,-0.1251,0.46272,0.58782
1990-05-25,1990,16,2.27,-0.01771,0.46229,0.47999
1990-06-10,1990,16,1.79,-0.03011,0.39893,0.42905
1990-06-26,1990,16,5.22,-0.14621,0.37754,0.52375
1990-07-12,1990,16,2.95,-0.11228,0.31703,0.42931
1990-07-28,1990,16,1.07,-0.07895,0.36618,0.44512
1990-08-13,1990,16,2.82,-0.01551,0.25887,0.27438
1990-08-29,1990,16,2.98,-0.06719,0.25682,0.324
1990-09-14,1990,16,3.45,-0.13434,0.2394,0.37374
1990-09-30,1990,16,4.41,-0.0293,0.27463,0.30393
1990-10-16,1990,16,3.32,-0.09029,0.26483,0.35512
1990-11-01,1990,16,4.3,-0.12177,0.29402,0.41578
1990-11-17,1990,16,2.92,-0.10506,0.30686,0.41193
1990-12-03,1990,16,2.24,-0.04411,0.38491,0.42902
1990-12-19,1990,16,1.9,0.10344,0.40289,0.29945
1991-01-04,1991,16,1.21,-0.03414,0.50545,0.53959
1991-01-20,1991,16,3.33,-0.04707,0.57585,0.62292
1991-02-05,1991,16,1.87,0.27022,0.59765,0.32743
1991-02-21,1991,16,1.72,-0.10242,0.61578,0.7182
1991-03-09,1991,16,2.25,0.07777,0.57174,0.49397
1991-03-25,1991,16,2.01,-0.23184,0.56914,0.80098
1991-04-10,1991,16,1.93,-0.12152,0.57175,0.69327
1991-04-26,1991,16,1.98,-0.16173,0.52413,0.68586
1991-05-12,1991,16,1.81,-0.17723,0.48102,0.65826
1991-05-28,1991,16,2.14,-0.01482,0.47026,0.48507
1991-06-13,1991,16,2.06,0.02474,0.41588,0.39114
1991-06-29,1991,16,2.7,-0.11784,0.38784,0.50568
1991-07-15,1991,16,1.91,-0.12244,0.29173,0.41416
1991-07-31,1991,16,1.13,0.02605,0.26719,0.24114
1991-08-16,1991,16,1,0.04517,0.2334,0.18823
1991-09-01,1991,16,1.62,-0.00396,0.18466,0.18862
1991-09-17,1991,16,1.44,-0.06035,0.214,0.27435
1991-10-03,1991,16,2.63,0.04688,0.21597,0.16909
1991-10-19,1991,16,1.87,0.11759,0.22789,0.1103
1991-11-04,1991,16,1.9,-0.05766,0.2376,0.29526
1991-11-20,1991,16,1.64,-0.03084,0.40851,0.43935
1991-12-06,1991,16,1.11,-0.10716,0.41322,0.52038
1991-12-22,1991,16,1.09,-0.12492,0.44747,0.57239
1992-01-07,1992,16,1.55,-0.03365,0.53776,0.57141
1992-01-23,1992,16,1.16,0.00816,0.53072,0.52256
1992-02-08,1992,16,2.04,-0.08373,0.54556,0.6293
1992-02-24,1992,16,1.38,0.05215,0.57955,0.5274
1992-03-11,1992,16,1.19,-0.0474,0.56499,0.61239
1992-03-27,1992,16,1.58,-0.1708,0.52254,0.69334
1992-04-12,1992,16,1.5,0.03435,0.42816,0.39381
1992-04-28,1992,16,1,-0.06502,0.43525,0.50027
1992-05-14,1992,16,1.16,0.11523,0.35684,0.24161
1992-05-30,1992,16,1.44,-0.10244,0.32949,0.43193
1992-06-15,1992,16,1.39,-0.02569,0.29616,0.32185
1992-07-01,1992,16,1.19,-0.0723,0.25858,0.33088
1992-07-17,1992,16,1.14,0.02255,0.20882,0.18628
1992-08-02,1992,16,1.06,-0.00903,0.19065,0.19968
1992-08-18,1992,16,1.14,-0.06938,0.16904,0.23842
1992-09-03,1992,16,1.55,0.12997,0.14563,0.01566
1992-09-19,1992,16,2.0,0.04977,0.1828,0.13303
1992-10-05,1992,16,1.9,0.00718,0.18899,0.18181
1992-10-21,1992,16,2.29,-0.06094,0.2097,0.27065
1992-11-06,1992,16,1.01,0.01738,0.25671,0.23932
1992-11-22,1992,16,1.54,0.01555,0.23502,0.21947
1992-12-08,1992,16,1.49,-0.05503,0.23475,0.28978
1992-12-24,1992,16,1.47,-0.10591,0.41089,0.5168
1993-01-09,1993,16,1,0.29147,0.50682,0.21535
1993-01-25,1993,16,2.46,0.04095,0.58492,0.54398
1993-02-10,1993,16,1.08,0.38791,0.59361,0.20571
1993-02-26,1993,16,1,-0.10478,0.59927,0.70404
1993-03-14,1993,16,2.96,-0.08777,0.57901,0.66678
1993-03-30,1993,16,2.47,-0.04362,0.55506,0.59868
1993-04-15,1993,16,1.89,0.39874,0.52584,0.1271
1993-05-01,1993,16,3.35,0.02963,0.51077,0.48114
1993-05-17,1993,16,3.77,-0.10594,0.46939,0.57533
1993-06-02,1993,16,2.6,-0.15209,0.43404,0.58613
1993-06-18,1993,16,1.28,-0.09498,0.41254,0.50752
1993-07-04,1993,16,1.3,-0.13338,0.37217,0.50555
1993-07-20,1993,16,1.58,0.13755,0.31257,0.17502
1993-08-05,1993,16,1.3,0.32713,0.28569,-0.04144
1993-08-21,1993,16,1.17,0.21725,0.2432,0.02595
1993-09-06,1993,16,1.39,0.21214,0.20255,-0.00959
1993-09-22,1993,16,1.73,0.11545,0.1706,0.05516
1993-10-08,1993,16,1.92,-0.07093,0.19586,0.26679
1993-10-24,1993,16,2.52,-0.09836,0.25308,0.35144
1993-11-09,1993,16,1.55,0.18533,0.33942,0.15408
1993-11-25,1993,16,1.53,-0.09619,0.39665,0.49284
1993-12-11,1993,16,1.17,-0.08885,0.54512,0.63397
1993-12-27,1993,16,2.31,-0.10721,0.48106,0.58827
1994-01-12,1994,16,1.67,0.51899,0.59085,0.07186
1994-01-28,1994,16,1,-0.02175,0.60642,0.62817
1994-02-13,1994,16,1.8,0.15632,0.56224,0.40593
1994-03-01,1994,16,1.55,-0.09299,0.5711,0.6641
1994-03-17,1994,16,2.52,-0.12518,0.55768,0.68286
1994-04-02,1994,16,1.53,-0.08962,0.55137,0.64099
1994-04-18,1994,16,1.71,-0.02369,0.48649,0.51018
1994-05-04,1994,16,1,-0.04107,0.42199,0.46306
1994-05-20,1994,16,1,-0.09188,0.30963,0.40151
1994-06-05,1994,16,1,-0.11191,,
1994-06-21,1994,16,1,-0.06675,0.13487,0.20162
1994-07-07,1994,16,1,-0.17272,-0.44924,-0.27652
1994-07-23,1994,16,0,,,
1994-08-08,1994,16,1,-0.25356,0.12443,0.37799
1994-08-24,1994,16,1,0.04568,0.16977,0.12409
1994-09-09,1994,16,0,,,
1994-09-25,1994,16,0,,-0.1177,
1994-10-11,1994,16,0,,,
1994-10-27,1994,16,0,,,
1994-11-12,1994,16,0,,,
1994-11-28,1994,16,0,,,
1994-12-14,1994,16,0,,,
1994-12-30,1994,16,1.49,0.32444,0.55673,0.23229
1995-01-15,1995,16,1.53,0.3176,0.56041,0.24281
1995-01-31,1995,16,2.52,0.29916,0.5793,0.28015
1995-02-16,1995,16,3.65,0.34829,0.58734,0.23905
1995-03-04,1995,16,3.69,0.47649,0.58059,0.1041
1995-03-20,1995,16,3.65,0.51062,0.57513,0.06451
1995-04-05,1995,16,3.29,0.44485,0.55559,0.11074
1995-04-21,1995,16,3.17,0.48583,0.47092,-0.0149
1995-05-07,1995,16,2.41,0.37384,0.42924,0.0554
1995-05-23,1995,16,4.77,0.3524,0.42869,0.07629
1995-06-08,1995,16,4.13,0.30318,0.38739,0.08421
1995-06-24,1995,16,4.14,0.24226,0.34263,0.10037
1995-07-10,1995,16,2.39,0.20218,0.30922,0.10704
1995-07-26,1995,16,2.32,0.17786,0.26892,0.09106
1995-08-11,1995,16,1.84,0.11637,0.20666,0.09029
1995-08-27,1995,16,4.2,0.18072,0.24336,0.06264
1995-09-12,1995,16,2.3,0.16073,0.23542,0.07468
1995-09-28,1995,16,2.35,0.13862,0.23951,0.10089
1995-10-14,1995,16,2.33,0.15485,0.24949,0.09464
1995-10-30,1995,16,1.91,0.18609,0.22155,0.03547
1995-11-15,1995,16,1.47,0.13189,0.23108,0.09919
1995-12-01,1995,16,1.5,0.1284,0.34109,0.21269
1995-12-17,1995,16,2,0.46382,0.54602,0.0822
1996-01-02,1996,16,1.24,0.13725,0.57644,0.43918
1996-01-18,1996,16,1.34,0.28012,0.56466,0.28454
1996-02-03,1996,16,1.26,0.19472,0.60593,0.41122
1996-02-19,1996,16,1.74,0.18696,0.5984,0.41145
1996-03-06,1996,16,1.11,0.066,0.54051,0.47451
1996-03-22,1996,16,2.12,0.12889,0.61803,0.48915
1996-04-07,1996,16,1.75,0.32771,0.55045,0.22274
1996-04-23,1996,16,1.63,0.23914,0.54546,0.30632
1996-05-09,1996,16,1.41,0.23563,0.53173,0.2961
1996-05-25,1996,16,1.01,0.19931,0.50847,0.30916
1996-06-10,1996,16,1.47,0.14651,0.48012,0.33361
1996-06-26,1996,16,1.27,0.29747,0.40175,0.10428
1996-07-12,1996,16,2.56,0.09329,0.4014,0.30811
1996-07-28,1996,16,3.5,0.11491,0.35899,0.24408
1996-08-13,1996,16,3.16,0.11235,0.31349,0.20114
1996-08-29,1996,16,4.51,0.13,0.28997,0.15996
1996-09-14,1996,16,2.81,0.04875,0.26894,0.22019
1996-09-30,1996,16,3.16,0.15018,0.25632,0.10615
1996-10-16,1996,16,1.6,0.07833,0.26873,0.1904
1996-11-01,1996,16,3.38,0.1299,0.28224,0.15234
1996-11-17,1996,16,2.23,0.17421,0.24879,0.07457
1996-12-03,1996,16,2.28,0.17295,0.36701,0.19406
1996-12-19,1996,16,1.29,0.26229,0.40105,0.13876
1997-01-04,1997,16,1.21,0.16743,0.59688,0.42945
1997-01-20,1997,16,1.12,0.13921,0.56008,0.42087
1997-02-05,1997,16,1.32,0.11899,0.59365,0.47466
1997-02-21,1997,16,2.1,0.53306,0.59425,0.0612
1997-03-09,1997,16,1.91,0.41238,0.59974,0.18736
1997-03-25,1997,16,1.2,0.12408,0.60438,0.4803
1997-04-10,1997,16,2.59,0.29328,0.57886,0.28558
1997-04-26,1997,16,1.8,0.44517,0.58222,0.13705
1997-05-12,1997,16,3.65,0.33582,0.51872,0.18291
1997-05-28,1997,16,2.17,0.3163,0.4621,0.1458
1997-06-13,1997,16,2.48,0.25407,0.43297,0.1789
1997-06-29,1997,16,1.04,0.24572,0.38525,0.13953
1997-07-15,1997,16,3.56,0.14125,0.37838,0.23713
1997-07-31,1997,16,2.06,0.1095,0.32726,0.21775
1997-08-16,1997,16,2.5,0.03631,0.29221,0.2559
1997-09-01,1997,16,1.26,0.06532,0.2473,0.18197
1997-09-17,1997,16,1.92,0.18715,0.22191,0.03477
1997-10-03,1997,16,2.36,0.16474,0.24396,0.07922
1997-10-19,1997,16,2.71,0.16298,0.30546,0.14248
1997-11-04,1997,16,2.41,0.10734,0.3576,0.25025
1997-11-20,1997,16,1.96,0.14807,0.40306,0.25499
1997-12-06,1997,16,1.78,0.13612,0.50174,0.36562
1997-12-22,1997,16,2.02,-0.00704,0.55334,0.56038
1998-01-07,1998,16,1.02,-0.08354,0.58697,0.67051
1998-01-23,1998,16,1.06,0.05671,0.55295,0.49625
1998-02-08,1998,16,2.63,0.0012,0.62661,0.6254
1998-02-24,1998,16,1.68,0.15423,0.62356,0.46933
1998-03-12,1998,16,2.99,0.23394,0.60715,0.37322
1998-03-28,1998,16,1.87,0.15491,0.58543,0.43052
1998-04-13,1998,16,2.41,0.0779,0.57071,0.49281
1998-04-29,1998,16,2.25,0.17541,0.45955,0.28414
1998-05-15,1998,16,1.99,0.21256,0.44612,0.23356
1998-05-31,1998,16,2.14,0.20613,0.37172,0.16559
1998-06-16,1998,16,1.7,-0.09008,0.37808,0.46816
1998-07-02,1998,16,1.96,0.15625,0.34849,0.19224
1998-07-18,1998,16,1.36,0.21687,0.30378,0.08692
1998-08-03,1998,16,1.64,0.13876,0.21955,0.08078
1998-08-19,1998,16,1.52,0.13502,0.22356,0.08854
1998-09-04,1998,16,1.44,-0.02202,0.21978,0.2418
1998-09-20,1998,16,2.76,-0.06859,0.23508,0.30367
1998-10-06,1998,16,2.44,-0.01382,0.24513,0.25895
1998-10-22,1998,16,2.52,0.04302,0.30787,0.26484
1998-11-07,1998,16,2.38,0.0068,0.24309,0.2363
1998-11-23,1998,16,1.01,0.2204,0.28007,0.05968
1998-12-09,1998,16,1.09,-0.02779,0.46043,0.48822
1998-12-25,1998,16,1.23,0.34862,0.41859,0.06998
1999-01-10,1999,16,1,0.59014,0.54922,-0.04093
1999-01-26,1999,16,1,0.57375,0.58563,0.01189
1999-02-11,1999,16,1.35,0.50947,0.62059,0.11112
1999-02-27,1999,16,1.57,0.29251,0.61204,0.31952
1999-03-15,1999,16,1.69,0.32416,0.60795,0.28379
1999-03-31,1999,16,1.5,-0.10686,0.52329,0.63015
1999-04-16,1999,16,2.26,0.06912,0.59546,0.52634
1999-05-02,1999,16,2.62,-0.05179,0.55021,0.602
1999-05-18,1999,16,1.81,0.24418,0.51304,0.26886
1999-06-03,1999,16,1.65,0.20996,0.45299,0.24303
1999-06-19,1999,16,1.1,0.32547,0.4366,0.11113
1999-07-05,1999,16,1.87,0.01577,0.37755,0.36178
1999-07-21,1999,16,1.34,0.14174,0.31979,0.17806
1999-08-06,1999,16,1.14,0.19152,0.31195,0.12043
1999-08-22,1999,16,1.67,-0.0037,0.28088,0.28458
1999-09-07,1999,16,1.21,0.01869,0.23463,0.21593
1999-09-23,1999,16,1.79,-0.06598,0.24884,0.31482
1999-10-09,1999,15,2.11,0.02714,0.23542,0.20828
1999-10-25,1999,16,2.59,-0.0647,0.25135,0.31605
1999-11-10,1999,16,2.3,-0.05645,0.31945,0.37589
1999-11-26,1999,16,1.66,-0.03376,0.45086,0.48461
1999-12-12,1999,16,2.17,-0.00606,0.47944,0.4855
1999-12-28,1999,16,1.14,-0.07648,0.51053,0.58701
2000-01-13,2000,16,1,-0.02637,0.50824,0.53461
2000-01-29,2000,16,1,0.5106,0.54239,0.03178
2000-02-14,2000,16,1.54,0.01095,0.63188,0.62093
2000-03-01,2000,16,1.59,-0.00996,0.58807,0.59803
2000-03-17,2000,16,2.32,-0.02124,0.601,0.62224
2000-04-02,2000,16,1.38,-0.04294,0.57601,0.61894
2000-04-18,2000,16,2.18,0.0348,0.53384,0.49904
2000-05-04,2000,16,2.22,0.00493,0.49872,0.49379
2000-05-20,2000,16,1.77,-0.08546,0.42125,0.50671
2000-06-05,2000,16,1.34,0.18498,0.4133,0.22832
2000-06-21,2000,16,1,-0.11097,0.36259,0.47356
2000-07-07,2000,16,1.57,0.15742,0.31685,0.15943
2000-07-23,2000,16,1,-0.15899,0.30747,0.46647
2000-08-08,2000,16,1.05,0.14857,0.27445,0.12588
2000-08-24,2000,16,1.34,0.17693,0.21178,0.03485
2000-09-09,2000,16,1.39,0.42773,0.20373,-0.224
2000-09-25,2000,16,1.26,-0.01137,0.19845,0.20982
2000-10-11,2000,16,1.6,0.00142,0.22882,0.22741
2000-10-27,2000,15,1.32,0.32282,0.26078,-0.06204
2000-11-12,2000,16,2.75,0.13468,0.43722,0.30253
2000-11-28,2000,16,1.72,0.13933,0.52166,0.38233
2000-12-14,2000,16,2.34,-0.049,0.58439,0.63339
2000-12-30,2000,16,1.46,0.41835,0.63887,0.22052
2001-01-15,2001,16,1.55,0.32266,0.58888,0.26621
2001-01-31,2001,16,1,0.41208,0.62418,0.2121
2001-02-16,2001,16,1.28,-0.06917,0.63952,0.70868
2001-03-04,2001,16,1.61,0.37263,0.62997,0.25734
2001-03-20,2001,16,1.85,0.30686,0.61366,0.3068
2001-04-05,2001,16,1.95,0.15595,0.58682,0.43087
2001-04-21,2001,16,4.04,0.23382,0.56985,0.33603
2001-05-07,2001,16,2.41,0.04545,0.54969,0.50424
2001-05-23,2001,16,1.26,0.46117,0.51099,0.04982
2001-06-08,2001,16,2.95,0.14049,0.45772,0.31724
2001-06-24,2001,16,2.74,0.17555,0.42902,0.25347
2001-07-10,2001,16,1.62,0.08739,0.36244,0.27505
2001-07-26,2001,16,2.65,-0.10103,0.34477,0.4458
2001-08-11,2001,16,4.18,-0.13306,0.29602,0.42908
2001-08-27,2001,16,3.29,0.11292,0.25325,0.14033
2001-09-12,2001,16,3.3,0.16,0.26056,0.10056
2001-09-28,2001,16,4.41,-0.11217,0.27442,0.38658
2001-10-14,2001,16,3.33,0.05393,0.25477,0.20084
2001-10-30,2001,16,3.72,0.0641,0.29475,0.23065
2001-11-15,2001,16,2.74,-0.11197,0.28423,0.3962
2001-12-01,2001,16,2.32,-0.07015,0.3297,0.39985
2001-12-17,2001,16,1.89,0.19752,0.49827,0.30074
2002-01-02,2002,16,3.21,0.10793,0.57989,0.47196
2002-01-18,2002,16,2,-0.16901,0.63367,0.80268
2002-02-03,2002,16,1.52,0.30452,0.64118,0.33666
2002-02-19,2002,16,2.45,0.06649,0.62527,0.55878
2002-03-07,2002,16,1.7,-0.15458,0.61549,0.77007
2002-03-23,2002,16,2.23,-0.07716,0.62023,0.69739
2002-04-08,2002,16,2.41,0.43019,0.63787,0.20768
2002-04-24,2002,16,4.07,0.11767,0.59707,0.4794
2002-05-10,2002,16,3.99,0.01532,0.55145,0.53614
2002-05-26,2002,16,1.76,0.01758,0.48723,0.46965
2002-06-11,2002,16,2.02,-0.06999,0.48868,0.55868
2002-06-27,2002,16,3.22,-0.18657,0.41182,0.59839
2002-07-13,2002,16,2.48,-0.16587,0.33739,0.50326
2002-07-29,2002,16,3.0,-0.14148,0.30855,0.45003
2002-08-14,2002,16,2.29,-0.01558,0.28097,0.29655
2002-08-30,2002,16,2.96,-0.10563,0.27643,0.38206
2002-09-15,2002,16,3.55,-0.15024,0.26886,0.4191
2002-10-01,2002,16,3.58,0.04131,0.23554,0.19422
2002-10-17,2002,16,2.16,0.03306,0.26014,0.22708
2002-11-02,2002,16,4.29,0.03795,0.31163,0.27368
2002-11-18,2002,16,4.77,0.02516,0.33839,0.31323
2002-12-04,2002,16,1.72,0.01307,0.36499,0.35192
2002-12-20,2002,16,1.22,0.34384,0.54445,0.20061
2003-01-05,2003,16,1.75,0.04943,0.59063,0.5412
2003-01-21,2003,16,1.47,-0.09357,0.61812,0.71169
2003-02-06,2003,16,1.42,0.07067,0.62592,0.55526
2003-02-22,2003,16,1.32,-0.03632,0.60697,0.6433
2003-03-10,2003,16,1.07,-0.13077,0.61469,0.74546
2003-03-26,2003,16,2.58,0.1773,0.63876,0.46146
2003-04-11,2003,16,3.55,0.1215,0.62575,0.50426
2003-04-27,2003,16,4.47,-0.06077,0.56202,0.62279
2003-05-13,2003,16,2.72,-0.0623,0.52646,0.58876
2003-05-29,2003,16,3.09,-0.10373,0.49148,0.59521
2003-06-14,2003,16,3.15,0.01066,0.43076,0.4201
2003-06-30,2003,16,1.86,0.08272,0.40834,0.32562
2003-07-16,2003,16,2.78,0.0782,0.37472,0.29652
2003-08-01,2003,16,2.86,-0.07924,0.31171,0.39095
2003-08-17,2003,16,3.93,-0.01585,0.30921,0.32506
2003-09-02,2003,16,2.99,-0.08011,0.26646,0.34657
2003-09-18,2003,16,2.15,0.03431,0.22348,0.18917
2003-10-04,2003,16,3.91,-0.09216,0.23121,0.32338
2003-10-20,2003,16,2.91,0.10075,0.28404,0.18329
2003-11-05,2003,16,4.57,-0.05763,0.25904,0.31667
2003-11-21,2003,16,2.98,-0.09223,0.29798,0.3902
2003-12-07,2003,16,2.84,0.09091,0.37422,0.28331
2003-12-23,2003,16,2.98,-0.0148,0.48606,0.50085
2004-01-08,2004,16,1.96,0.08426,0.53829,0.45404
2004-01-24,2004,16,1.7,-0.12622,0.5943,0.72053
2004-02-09,2004,16,1.73,-0.07883,0.59245,0.67128
2004-02-25,2004,16,1.54,0.34233,0.61783,0.27549
2004-03-12,2004,16,3.38,-0.14924,0.61055,0.75979
2004-03-28,2004,16,2.2,-0.07186,0.6286,0.70046
2004-04-13,2004,16,2.74,-0.01259,0.61497,0.62756
2004-04-29,2004,16,2.1,0.08054,0.5435,0.46295
2004-05-15,2004,16,3.02,0.0764,0.53357,0.45717
2004-05-31,2004,16,1.65,0.26923,0.4656,0.19637
2004-06-16,2004,16,3.19,-0.12396,0.45597,0.57993
2004-07-02,2004,16,3.06,-0.16405,0.39425,0.5583
2004-07-18,2004,16,3.18,0.23244,0.33473,0.10229
2004-08-03,2004,16,4.41,-0.18616,0.30615,0.49231
2004-08-19,2004,16,2.39,-0.15117,0.30158,0.45275
2004-09-04,2004,16,1.94,0.01968,0.24899,0.22931
2004-09-20,2004,16,4.55,0.06659,0.25657,0.18998
2004-10-06,2004,16,2.85,0.01091,0.18649,0.17558
2004-10-22,2004,16,1.61,-0.12821,0.24306,0.37126
2004-11-07,2004,16,1.06,0.0513,0.35073,0.29943
2004-11-23,2004,16,1.42,-0.04741,0.33252,0.37993
2004-12-09,2004,16,1.75,-0.13702,0.49772,0.63474
2004-12-25,2004,16,1.55,0.03542,0.5115,0.47608
2005-01-10,2005,16,1.46,0.10934,0.58711,0.47778
2005-01-26,2005,16,3.23,-0.00531,0.622,0.62731
2005-02-11,2005,16,3.42,-0.04431,0.63122,0.67553
2005-02-27,2005,16,3.15,0.10282,0.6108,0.50798
2005-03-15,2005,16,3.66,0.17394,0.59076,0.41682
2005-03-31,2005,16,2.91,0.2,0.52634,0.32634
2005-04-16,2005,16,3.03,0.23529,0.52078,0.28548
2005-05-02,2005,16,4.66,0.04229,0.45994,0.41765
2005-05-18,2005,16,3.79,0.08229,0.41227,0.32998
2005-06-03,2005,16,2.23,0.28332,0.35724,0.07393
2005-06-19,2005,16,4.21,0.0303,0.35282,0.32252
2005-07-05,2005,16,3.08,0.11548,0.27231,0.15683
2005-07-21,2005,16,2.89,0.12129,0.265,0.14371
2005-08-06,2005,16,1.59,-0.00483,0.2024,0.20724
2005-08-22,2005,16,1.81,-0.0051,0.19664,0.20175
2005-09-07,2005,16,3.12,0.05025,0.23338,0.18313
2005-09-23,2005,16,1.89,0.15822,0.22137,0.06314
2005-10-09,2005,16,2.53,0.02924,0.23212,0.20288
2005-10-25,2005,16,2.19,0.07365,0.2395,0.16586
2005-11-10,2005,16,3.4,0.09125,0.2566,0.16534
2005-11-26,2005,16,1.51,0.21437,0.30016,0.0858
2005-12-12,2005,16,1.08,0.38303,0.41337,0.03035
2005-12-28,2005,16,1.35,0.25566,0.5111,0.25544
2006-01-13,2006,16,1.88,0.11646,0.59046,0.474
2006-01-29,2006,16,2.56,0.1261,0.6339,0.5078
2006-02-14,2006,16,2.62,0.30683,0.6276,0.32077
2006-03-02,2006,16,1.85,0.01324,0.6183,0.60507
2006-03-18,2006,16,3.15,-0.06206,0.62756,0.68962
2006-04-03,2006,16,3.01,0.29057,0.61054,0.31997
2006-04-19,2006,16,3.27,0.06848,0.5999,0.53143
2006-05-05,2006,16,4.01,0.0709,0.5477,0.4768
2006-05-21,2006,16,3.01,0.05112,0.5223,0.47118
2006-06-06,2006,16,4.83,0.10786,0.47178,0.36392
2006-06-22,2006,16,2.54,-0.10399,0.43326,0.53725
2006-07-08,2006,16,2.03,0.03085,0.34594,0.31509
2006-07-24,2006,16,4.15,-0.07859,0.33094,0.40953
2006-08-09,2006,16,4.16,0.02518,0.33071,0.30554
2006-08-25,2006,16,4.05,-0.00591,0.30213,0.30804
2006-09-10,2006,16,2.17,0.03667,0.24488,0.20821
2006-09-26,2006,16,3.87,-0.05483,0.22945,0.28428
2006-10-12,2006,16,2.51,-0.12343,0.22202,0.34545
2006-10-28,2006,16,3.93,0.04871,0.27835,0.22965
2006-11-13,2006,16,3.15,0.0754,0.27631,0.20091
2006-11-29,2006,16,3.05,-0.04613,0.40004,0.44617
2006-12-15,2006,16,2.1,0.00153,0.52174,0.52021
2006-12-31,2006,16,1,0.04145,0.52319,0.48173
2007-01-16,2007,16,1.22,0.21846,0.57523,0.35677
2007-02-01,2007,16,1.93,0.03714,0.60596,0.56883
2007-02-17,2007,16,2.03,0.21658,0.60386,0.38727
2007-03-05,2007,16,2.05,-0.1048,0.6102,0.715
2007-03-21,2007,16,2.44,-0.12373,0.59471,0.71844
2007-04-06,2007,16,1.83,-0.10564,0.58666,0.6923
2007-04-22,2007,16,2.67,-0.15607,0.57953,0.7356
2007-05-08,2007,16,4.3,-0.12963,0.53349,0.66312
2007-05-24,2007,16,3.79,-0.08513,0.45423,0.53936
2007-06-09,2007,16,2.29,0.112,0.45852,0.34652
2007-06-25,2007,16,2.76,0.28122,0.40055,0.11933
2007-07-11,2007,16,2.29,0.01597,0.36028,0.34431
2007-07-27,2007,16,3.68,-0.05426,0.3368,0.39107
2007-08-12,2007,16,3.57,0.10715,0.28212,0.17498
2007-08-28,2007,16,5.79,-0.08498,0.25461,0.33959
2007-09-13,2007,16,3.52,0.00302,0.2434,0.24038
2007-09-29,2007,16,4.49,0.03915,0.25319,0.21404
2007-10-15,2007,16,3.03,-0.06295,0.24107,0.30402
2007-10-31,2007,16,2.39,0.00603,0.31311,0.30708
2007-11-16,2007,16,3.91,-0.06912,0.37654,0.44566
2007-12-02,2007,16,1.84,-0.08518,0.49067,0.57585
2007-12-18,2007,16,1.75,0.0456,0.54795,0.50234
2008-01-03,2008,16,2.01,0.06178,0.60694,0.54516
2008-01-19,2008,16,2.15,-0.09365,0.60272,0.69637
2008-02-04,2008,16,2.2,-0.11157,0.65554,0.76711
2008-02-20,2008,16,2.29,0.2312,0.60653,0.37534
2008-03-07,2008,16,2.55,-0.10527,0.63773,0.743
2008-03-23,2008,16,4.66,0.0541,0.61631,0.56221
2008-04-08,2008,16,3.84,0.03491,0.57714,0.54223
2008-04-24,2008,16,3.96,-0.0369,0.51739,0.55429
2008-05-10,2008,16,3.46,0.34942,0.44225,0.09283
2008-05-26,2008,16,3.81,0.1927,0.42594,0.23324
2008-06-11,2008,16,2.43,-0.03041,0.39337,0.42378
2008-06-27,2008,16,4.35,-0.004,0.362,0.36601
2008-07-13,2008,16,1.27,-0.16325,0.31737,0.48062
2008-07-29,2008,16,3.15,-0.02201,0.28776,0.30977
2008-08-14,2008,16,2.84,-0.05693,0.24903,0.30596
2008-08-30,2008,16,3.44,-0.05067,0.21205,0.26272
2008-09-15,2008,16,3.67,-0.10274,0.22952,0.33225
2008-10-01,2008,16,3.25,-0.08929,0.23352,0.3228
2008-10-17,2008,16,4.71,-0.0705,0.24932,0.31982
2008-11-02,2008,16,3.64,-0.05554,0.24155,0.29709
2008-11-18,2008,16,2.67,0.00136,0.25525,0.25389
2008-12-04,2008,16,1.69,-0.10034,0.34175,0.44209
2008-12-20,2008,16,2.8,0.05043,0.46679,0.41636
2009-01-05,2009,16,2.35,0.27169,0.57213,0.30044
2009-01-21,2009,16,2.55,0.06942,0.60624,0.53682
2009-02-06,2009,16,4.07,0.11592,0.63526,0.51934
2009-02-22,2009,16,2.06,-0.03077,0.58012,0.61089
2009-03-10,2009,16,1.91,-0.00078,0.61926,0.62004
2009-03-26,2009,16,2.55,0.45422,0.60791,0.15369
2009-04-11,2009,16,3.41,0.05602,0.61949,0.56347
2009-04-27,2009,16,4.3,0.02872,0.57501,0.54629
2009-05-13,2009,16,3.96,-0.06399,0.54785,0.61184
2009-05-29,2009,16,3.69,0.33506,0.50887,0.17381
2009-06-14,2009,16,4.5,-0.09202,0.45581,0.54783
2009-06-30,2009,16,2.44,-0.15035,0.38773,0.53808
2009-07-16,2009,16,3.39,0.11468,0.37588,0.2612
2009-08-01,2009,16,2.68,-0.07161,0.30365,0.37527
2009-08-17,2009,16,4.44,-0.06812,0.32059,0.38871
2009-09-02,2009,16,2.71,-0.07533,0.23732,0.31265
2009-09-18,2009,16,1.88,-0.02298,0.23696,0.25994
2009-10-04,2009,16,2.99,-0.13238,0.25458,0.38696
2009-10-20,2009,16,2.89,-0.01556,0.28803,0.3036
2009-11-05,2009,16,3.53,-0.00394,0.29816,0.3021
2009-11-21,2009,16,1.64,-0.13841,0.26406,0.40247
2009-12-07,2009,16,2.19,0.04454,0.38534,0.3408
2009-12-23,2009,16,3.14,0.15825,0.51984,0.36159
2010-01-08,2010,16,3.78,0.00783,0.5751,0.56726
2010-01-24,2010,16,2.11,0.32633,0.55185,0.22553
2010-02-09,2010,16,1.96,0.24576,0.53372,0.28795
2010-02-25,2010,16,2.66,0.39332,0.59262,0.1993
2010-03-13,2010,16,2.83,0.24957,0.60467,0.3551
2010-03-29,2010,16,3.35,0.31284,0.59864,0.2858
2010-04-14,2010,16,3.43,0.23111,0.60691,0.3758
2010-04-30,2010,16,5.96,0.21129,0.59316,0.38187
2010-05-16,2010,16,3.19,0.3441,0.5012,0.1571
2010-06-01,2010,16,4.74,0.10615,0.51396,0.40781
2010-06-17,2010,16,3.44,-0.05344,0.42055,0.47399
2010-07-03,2010,16,3.1,-0.03622,0.36896,0.40518
2010-07-19,2010,16,2.43,0.21665,0.35431,0.13767
2010-08-04,2010,16,4.19,-0.03343,0.35678,0.39021
2010-08-20,2010,16,4.34,-0.04832,0.28033,0.32865
2010-09-05,2010,16,4.84,0.02278,0.27662,0.25384
2010-09-21,2010,16,3.93,-0.02342,0.22898,0.2524
2010-10-07,2010,16,3.38,-0.01113,0.23158,0.24271
2010-10-23,2010,16,3.15,-0.00839,0.2488,0.25719
2010-11-08,2010,16,2.66,0.0586,0.2528,0.19421
2010-11-24,2010,16,1.85,-0.00651,0.27929,0.28581
2010-12-10,2010,16,1.56,0.10333,0.38581,0.28249
2010-12-26,2010,16,2.09,0.0205,0.49508,0.47458
2011-01-11,2011,16,1.27,-0.00538,0.62008,0.62547
2011-01-27,2011,16,2.29,0.22627,0.60726,0.38099
2011-02-12,2011,16,3.26,0.37096,0.59499,0.22403
2011-02-28,2011,16,1.98,0.37216,0.58848,0.21632
2011-03-16,2011,16,5.01,0.33834,0.59889,0.26056
2011-04-01,2011,16,2.69,0.39845,0.5884,0.18996
2011-04-17,2011,16,4.88,0.13893,0.57601,0.43708
2011-05-03,2011,16,4.96,0.2164,0.56135,0.34494
2011-05-19,2011,16,2.85,0.21872,0.48092,0.2622
2011-06-04,2011,16,3.26,0.30796,0.44258,0.13462
2011-06-20,2011,16,6.72,0.28029,0.37985,0.09956
2011-07-06,2011,16,3.65,0.22203,0.35237,0.13034
2011-07-22,2011,16,3.64,0.14286,0.33825,0.19539
2011-08-07,2011,16,5.1,0.13219,0.28779,0.1556
2011-08-23,2011,16,4.49,0.02749,0.2414,0.21391
2011-09-08,2011,16,3.14,-0.03253,0.24486,0.27739
2011-09-24,2011,16,2.75,0.0395,0.20672,0.16722
2011-10-10,2011,16,2.07,0.19363,0.29197,0.09834
2011-10-26,2011,16,4.03,0.20276,0.29393,0.09118
2011-11-11,2011,16,3.98,0.20563,0.39717,0.19154
2011-11-27,2011,16,3.91,0.30211,0.42907,0.12696
2011-12-13,2011,16,3.39,0.32494,0.48322,0.15828
2011-12-29,2011,16,1.83,0.34846,0.53602,0.18756
2012-01-14,2012,16,1.86,0.35462,0.58061,0.22599
2012-01-30,2012,16,2.85,0.33735,0.59086,0.25351
2012-02-15,2012,16,2.28,0.27159,0.58415,0.31256
2012-03-02,2012,16,3.72,0.31697,0.59233,0.27536
2012-03-18,2012,16,3.47,0.34073,0.61308,0.27235
2012-04-03,2012,16,2.5,0.34968,0.62252,0.27284
2012-04-19,2012,16,5.92,0.17606,0.59804,0.42198
2012-05-05,2012,16,4.36,0.14961,0.52059,0.37097
2012-05-21,2012,16,6.11,0.27875,0.4971,0.21835
2012-06-06,2012,16,3.95,0.10401,0.43416,0.33015
2012-06-22,2012,16,4.36,0.2,0.3672,0.1672
2012-07-08,2012,16,3.25,0.17891,0.35241,0.1735
2012-07-24,2012,16,3.39,0.08453,0.34677,0.26224
2012-08-09,2012,16,4.14,0.14679,0.26286,0.11607
2012-08-25,2012,16,2.94,0.19795,0.21946,0.0215
2012-09-10,2012,16,3.88,0.21393,0.21444,0.00051
2012-09-26,2012,16,2.25,0.173,0.22796,0.05496
2012-10-12,2012,16,3.34,0.18985,0.23732,0.04747
2012-10-28,2012,16,3.08,0.24839,0.25657,0.00818
2012-11-13,2012,16,2.64,0.19633,0.21795,0.02162
2012-11-29,2012,16,1.69,0.26417,0.32646,0.06229
2012-12-15,2012,16,1.96,0.17199,0.33787,0.16588
2012-12-31,2012,16,1.12,0.19564,0.5048,0.30916
2013-01-16,2013,16,1.78,0.56441,0.57852,0.01411
2013-02-01,2013,16,1.7,0.13245,0.61914,0.48669
2013-02-17,2013,16,2.45,0.1724,0.57927,0.40687
2013-03-05,2013,16,2.12,0.23769,0.61232,0.37464
2013-03-21,2013,16,2.24,0.13177,0.59258,0.46081
2013-04-06,2013,16,4.49,0.03153,0.59065,0.55912
2013-04-22,2013,16,3.44,0.08918,0.51092,0.42174
2013-05-08,2013,16,4.27,0.01517,0.49743,0.48226
2013-05-24,2013,16,6.07,0.04481,0.44792,0.40311
2013-06-09,2013,16,3.57,0.07358,0.42523,0.35165
2013-06-25,2013,16,4.5,0.11336,0.37607,0.26271
2013-07-11,2013,16,3.7,0.16527,0.33081,0.16554
2013-07-27,2013,16,2.87,0.09902,0.27207,0.17305
2013-08-12,2013,16,5.77,-0.0271,0.26652,0.29362
2013-08-28,2013,16,3.59,0.10036,0.23737,0.137
2013-09-13,2013,16,3.55,0.11121,0.22186,0.11065
2013-09-29,2013,16,3.6,0.07332,0.22792,0.1546
2013-10-15,2013,16,4.3,0.05859,0.25701,0.19842
2013-10-31,2013,16,4.24,0.09014,0.25429,0.16415
2013-11-16,2013,16,2.36,0.06696,0.22604,0.15908
2013-12-02,2013,16,3.06,0.20936,0.27994,0.07058
2013-12-18,2013,16,1.66,0.22041,0.32396,0.10356
2014-01-03,2014,16,1.38,0.34663,0.5121,0.16548
2014-01-19,2014,16,1.74,0.27043,0.53631,0.26588
2014-02-04,2014,16,1.42,0.11906,0.60594,0.48688
2014-02-20,2014,16,1.47,0.30138,0.62263,0.32125
2014-03-08,2014,16,2.02,0.12613,0.58656,0.46043
2014-03-24,2014,16,2.6,0.01997,0.59254,0.57256
2014-04-09,2014,16,2.66,0.02498,0.61818,0.5932
2014-04-25,2014,16,3.12,0.07516,0.58638,0.51122
2014-05-11,2014,16,3.27,0.10061,0.53326,0.43265
2014-05-27,2014,16,4.27,0.06519,0.48314,0.41795
2014-06-12,2014,16,3.37,0.2215,0.43098,0.20948
2014-06-28,2014,16,1.99,-0.02337,0.33315,0.35652
2014-07-14,2014,16,2.37,0.26606,0.32338,0.05733
2014-07-30,2014,16,3.02,0.14018,0.31933,0.17915
2014-08-15,2014,16,2.26,0.10724,0.27645,0.16921
2014-08-31,2014,16,3.5,0.02588,0.22184,0.19595
2014-09-16,2014,16,2.76,0.14253,0.22585,0.08332
2014-10-02,2014,16,2.09,0.18025,0.22974,0.04948
2014-10-18,2014,16,3.6,0.22497,0.2527,0.02772
2014-11-03,2014,16,4.14,0.18925,0.22943,0.04019
2014-11-19,2014,16,3.76,0.22581,0.28016,0.05435
2014-12-05,2014,16,2.2,0.23846,0.22668,-0.01178
2014-12-21,2014,16,1.1,0.31979,0.20042,-0.11936
2015-01-06,2015,16,1.33,0.18822,0.41052,0.22229
2015-01-22,2015,16,1.59,0.05549,0.53248,0.477
2015-02-07,2015,16,1.69,0.5562,0.59989,0.04369
2015-02-23,2015,16,1.3,0.21538,0.57586,0.36048
2015-03-11,2015,16,1.63,0.16486,0.5955,0.43064
2015-03-27,2015,16,1.74,0.41509,0.58305,0.16796
2015-04-12,2015,16,2.15,0.11302,0.59261,0.47959
2015-04-28,2015,16,2.2,0.5411,0.54394,0.00284
2015-05-14,2015,16,2.67,0.38617,0.51472,0.12856
2015-05-30,2015,16,1.46,0.13431,0.43682,0.30251
2015-06-15,2015,16,2.31,0.19587,0.41681,0.22094
2015-07-01,2015,16,3.13,0.11754,0.36997,0.25243
2015-07-17,2015,16,2.38,0.21473,0.31575,0.10102
2015-08-02,2015,16,3.98,0.10589,0.30769,0.20179
2015-08-18,2015,16,2.82,0.08008,0.2626,0.18252
2015-09-03,2015,16,3.4,-0.02161,0.24332,0.26493
2015-09-19,2015,16,1.78,-0.06073,0.20585,0.26659
2015-10-05,2015,16,3.39,0.07753,0.21776,0.14023
2015-10-21,2015,16,2.46,-0.09477,0.23376,0.32853
2015-11-06,2015,16,3.26,-0.05985,0.26337,0.32322
2015-11-22,2015,16,2.66,0.16498,0.26151,0.09653
2015-12-08,2015,16,2.46,0.13928,0.3001,0.16082
2015-12-24,2015,16,2.37,0.15592,0.48693,0.331
2016-01-09,2016,16,1.69,0.27584,0.54995,0.27411
2016-01-25,2016,16,1.4,0.37108,0.58331,0.21223
2016-02-10,2016,16,2.91,0.16251,0.56077,0.39826
2016-02-26,2016,16,2.06,0.12443,0.61028,0.48585
2016-03-13,2016,16,1.98,-0.06645,0.62801,0.69446
2016-03-29,2016,16,1.72,-0.06847,0.60812,0.67659
2016-04-14,2016,16,2.42,0.24,0.5811,0.3411
2016-04-30,2016,16,2.51,-0.07481,0.52266,0.59747
2016-05-16,2016,16,2.73,-0.02176,0.43382,0.45558
2016-06-01,2016,16,2.91,0.055,0.40185,0.34685
2016-06-17,2016,16,3.24,0.07317,0.36424,0.29107
2016-07-03,2016,16,1.04,0.02266,0.28248,0.25982
2016-07-19,2016,16,2.04,0.1068,0.2648,0.158
2016-08-04,2016,16,2.22,0.14972,0.26657,0.11686
2016-08-20,2016,16,1.6,0.08373,0.20625,0.12252
2016-09-05,2016,16,2.22,0.14586,0.21221,0.06635
2016-09-21,2016,16,2.08,0.15668,0.18837,0.03169
2016-10-07,2016,16,2.76,0.14322,0.19841,0.05519
2016-10-23,2016,16,2.19,0.10105,0.21051,0.10946
2016-11-08,2016,16,3.17,0.15975,0.22904,0.06929
2016-11-24,2016,16,1.2,0.15416,0.20761,0.05346
2016-12-10,2016,16,1.42,0.28896,0.41541,0.12644
2016-12-26,2016,16,1.31,0.16575,0.46384,0.29809
2017-01-11,2017,16,1.02,0.24558,0.56736,0.32178
2017-01-27,2017,16,1.03,0.2372,0.62209,0.38488
2017-02-12,2017,16,1.85,0.29507,0.63999,0.34492
2017-02-28,2017,16,1.77,0.36745,0.61616,0.24872
2017-03-16,2017,16,1.37,0.43789,0.57274,0.13484
2017-04-01,2017,16,2.87,0.28929,0.62789,0.33861
2017-04-17,2017,16,1.29,0.3282,0.57974,0.25154
2017-05-03,2017,16,2.98,0.23077,0.56397,0.3332
2017-05-19,2017,16,2.95,0.22444,0.48132,0.25689
2017-06-04,2017,16,2.57,0.19006,0.42411,0.23405
2017-06-20,2017,16,1.51,0.15992,0.41761,0.25769
2017-07-06,2017,16,2.82,0.19806,0.35843,0.16037
2017-07-22,2017,16,1.77,0.10383,0.3024,0.19858
2017-08-07,2017,16,1.63,0.18391,0.26271,0.0788
2017-08-23,2017,16,2.07,0.1619,0.23312,0.07122
2017-09-08,2017,16,1.96,0.10711,0.16904,0.06194
2017-09-24,2017,16,2.39,0.20565,0.20427,-0.00138
2017-10-10,2017,16,2.77,0.18515,0.21579,0.03064
2017-10-26,2017,16,2.11,0.14895,0.2395,0.09055
2017-11-11,2017,16,1.42,0.17055,0.25921,0.08866
2017-11-27,2017,16,1,0.1175,0.3784,0.2609
2017-12-13,2017,16,1,0.10171,0.47347,0.37177
2017-12-29,2017,16,1.23,0.36727,0.59067,0.2234
2018-01-14,2018,16,1.22,0.3501,0.54952,0.19941
2018-01-30,2018,16,1,0.22298,0.60126,0.37828
2018-02-15,2018,16,1.33,0.33511,0.6226,0.28749
2018-03-03,2018,16,2.0,0.27084,0.59433,0.32349
2018-03-19,2018,16,2.15,0.43297,0.61492,0.18195
2018-04-04,2018,16,1.64,0.49073,0.63144,0.14071
2018-04-20,2018,16,2.38,0.3506,0.59646,0.24585
2018-05-06,2018,16,2.31,0.29672,0.54072,0.24401
2018-05-22,2018,16,1.75,0.22381,0.47434,0.25054
2018-06-07,2018,16,1.23,0.17465,0.40675,0.23211
2018-06-23,2018,16,1.98,0.08151,0.36793,0.28641
2018-07-09,2018,16,1.38,0.11643,0.32573,0.2093
2018-07-25,2018,16,1.61,0.14904,0.29607,0.14703
2018-08-10,2018,16,1.44,0.17316,0.22369,0.05053
2018-08-26,2018,16,1.16,0.18476,0.21015,0.0254
2018-09-11,2018,16,1.31,0.15942,0.15982,0.0004
2018-09-27,2018,16,1.28,0.24184,0.21849,-0.02334
2018-10-13,2018,16,1.13,0.1506,0.25948,0.10888
2018-10-29,2018,16,2.27,0.12488,0.27089,0.14601
2018-11-14,2018,16,1,0.23744,0.24657,0.00913
2018-11-30,2018,16,1.19,0.06014,0.34416,0.28402
2018-12-16,2018,16,1,0.20825,0.50117,0.29292
2019-01-01,2019,16,1,0.42963,0.42472,-0.00491
2019-01-17,2019,16,0,,0.61764,
2019-02-02,2019,16,1.14,0.3652,0.62015,0.25494
2019-02-18,2019,16,1.47,0.34395,0.62307,0.27912
2019-03-06,2019,16,1,0.29803,0.55812,0.26009
2019-03-22,2019,16,1.13,0.14499,0.55946,0.41447
2019-04-07,2019,16,1.04,0.22091,0.55663,0.33572
2019-04-23,2019,16,1,0.22997,0.23642,0.00645
2019-05-09,2019,16,1.12,0.18653,0.30508,0.11855
2019-05-25,2019,16,1,-0.17561,0.27922,0.45483
2019-06-10,2019,16,0,,,
2019-06-26,2019,16,1,-0.05546,,
2019-07-12,2019,16,1.61,0.25227,0.24804,-0.00423
2019-07-28,2019,14,1,-0.23223,,
2019-08-13,2019,16,1,0.14924,0.03649,-0.11276
2019-08-29,2019,16,0,,,
2019-09-14,2019,16,0,,,
2019-09-30,2019,16,1,0.00199,0.14361,0.14162
2019-10-16,2019,16,1,0.07866,0.32476,0.2461
2019-11-01,2019,16,1,0.83333,0.1729,-0.66044
2019-11-17,2019,16,1.05,0.17362,0.04564,-0.12798
2019-12-03,2019,16,1,0.21898,0.35521,0.13623
2019-12-19,2019,16,1,0.06524,0.53102,0.46577
2020-01-04,2020,16,0,,0.26848,
2020-01-20,2020,16,1,0.22664,0.6615,0.43486
2020-02-05,2020,16,1.48,0.29643,0.59131,0.29488
2020-02-21,2020,15,1.12,0.00993,0.37186,0.36193
2020-03-08,2020,15,1,0.16714,0.16391,-0.00323
2020-03-24,2020,13,1,0.05882,0.81053,0.7517
2020-04-09,2020,16,0,,0.68742,
2020-04-25,2020,16,0,,0.49478,
2020-05-11,2020,16,0,,,
2020-05-27,2020,16,0,,,
2020-06-12,2020,16,0,,,
2020-06-28,2020,16,0,,,
2020-07-14,2020,16,0,,,
2020-07-30,2020,16,0,,,
2020-08-15,2020,16,0,,,
2020-08-31,2020,16,0,,,
2020-09-16,2020,16,0,,,
2020-10-02,2020,16,0,,,
2020-10-18,2020,15,0,,,
2020-11-03,2020,16,0,,,
2020-11-19,2020,16,0,,,
2020-12-05,2020,16,0,,0.51053,
2020-12-21,2020,16,1,-0.2036,,
2021-01-06,2021,16,0,,0.21407,
2021-01-22,2021,12,0,,0.09022,
2021-02-07,2021,16,0,,,
2021-02-23,2021,15,0,,,
2021-03-11,2021,16,0,,,
2021-03-27,2021,15,0,,,
2021-04-12,2021,16,0,,,
2021-04-28,2021,16,0,,,
2021-05-14,2021,16,0,,,
2021-05-30,2021,15,0,,,
2021-06-15,2021,15,0,,,
2021-07-01,2021,16,0,,,
2021-07-17,2021,16,0,,,
2021-08-02,2021,16,0,,,
2021-08-18,2021,15,0,,,
2021-09-03,2021,16,0,,,
2021-09-19,2021,16,0,,,
2021-10-05,2021,16,0,,,
2021-10-21,2021,16,0,,,
2021-11-06,2021,16,0,,,
2021-11-22,2021,15,0,,,
2021-12-08,2021,15,0,,,
2021-12-24,2021,16,0,,,
