date,era,open_water,lower,upper,source,sensors
1984-01-01,1984-1999,636.8,0,1958.3,carried by the model,NA
1984-01-17,1984-1999,643.2,0,1957.6,carried by the model,NA
1984-02-02,1984-1999,653.4,0,1955.3,carried by the model,NA
1984-02-18,1984-1999,667.3,0,1947.4,carried by the model,NA
1984-03-05,1984-1999,684.8,0,1931,carried by the model,NA
1984-03-21,1984-1999,705.1,0,1904.5,carried by the model,NA
1984-04-06,1984-1999,727.7,0,1867.4,carried by the model,NA
1984-04-22,1984-1999,751.5,0,1820.3,carried by the model,NA
1984-05-08,1984-1999,775.5,0,1764.2,carried by the model,NA
1984-05-24,1984-1999,798.8,0,1700.2,carried by the model,NA
1984-06-09,1984-1999,820.3,11.3,1629.3,carried by the model,NA
1984-06-25,1984-1999,839.3,126.8,1551.7,carried by the model,NA
1984-07-11,1984-1999,855.1,243,1467.3,carried by the model,NA
1984-07-27,1984-1999,867.5,360,1375,carried by the model,NA
1984-08-12,1984-1999,876.2,478.5,1273.9,carried by the model,NA
1984-08-28,1984-1999,881.6,599.6,1163.6,carried by the model,NA
1984-09-13,1984-1999,884.1,722.7,1045.4,carried by the model,NA
1984-09-29,1984-1999,884.3,831.8,936.8,observed,landsat
1984-10-15,1984-1999,884,720.9,1047.2,carried by the model,NA
1984-10-31,1984-1999,883.4,590.2,1176.5,carried by the model,NA
1984-11-16,1984-1999,883.4,460.6,1306.1,carried by the model,NA
1984-12-02,1984-1999,885,338.1,1431.8,carried by the model,NA
1984-12-18,1984-1999,889,227.6,1550.5,carried by the model,NA
1985-01-03,1984-1999,896.5,137.7,1655.3,carried by the model,NA
1985-01-19,1984-1999,907.2,62.6,1751.9,carried by the model,NA
1985-02-04,1984-1999,921.8,9.3,1834.4,carried by the model,NA
1985-02-20,1984-1999,940.3,0,1902,carried by the model,NA
1985-03-08,1984-1999,962.2,0,1955.2,carried by the model,NA
1985-03-24,1984-1999,987.1,0,1995.3,carried by the model,NA
1985-04-09,1984-1999,1014.2,4,2024.4,carried by the model,NA
1985-04-25,1984-1999,1042.6,39.9,2045.2,carried by the model,NA
1985-05-11,1984-1999,1071.1,82.1,2060.1,carried by the model,NA
1985-05-27,1984-1999,1098.8,126.5,2071.1,carried by the model,NA
1985-06-12,1984-1999,1124.7,170.5,2078.8,carried by the model,NA
1985-06-28,1984-1999,1147.9,212.8,2082.9,carried by the model,NA
1985-07-14,1984-1999,1167.7,253.5,2082,carried by the model,NA
1985-07-30,1984-1999,1183.8,293.2,2074.5,carried by the model,NA
1985-08-15,1984-1999,1196,332.6,2059.4,carried by the model,NA
1985-08-31,1984-1999,1204.4,371.9,2037,carried by the model,NA
1985-09-16,1984-1999,1209.5,409.5,2009.5,carried by the model,NA
1985-10-02,1984-1999,1211.9,442.5,1981.2,carried by the model,NA
1985-10-18,1984-1999,1212.4,467.2,1957.5,carried by the model,NA
1985-11-03,1984-1999,1212,479.6,1944.4,carried by the model,NA
1985-11-19,1984-1999,1211.8,477.6,1946.1,carried by the model,NA
1985-12-05,1984-1999,1212.8,462,1963.6,carried by the model,NA
1985-12-21,1984-1999,1215.9,436.9,1994.9,carried by the model,NA
1986-01-06,1984-1999,1221.7,407.5,2035.9,carried by the model,NA
1986-01-22,1984-1999,1231.1,381.7,2080.4,carried by the model,NA
1986-02-07,1984-1999,1244,363.7,2124.4,carried by the model,NA
1986-02-23,1984-1999,1260.6,356.5,2164.8,carried by the model,NA
1986-03-11,1984-1999,1280.5,361,2200.1,carried by the model,NA
1986-03-27,1984-1999,1303.1,376,2230.3,carried by the model,NA
1986-04-12,1984-1999,1327.7,399.3,2256.1,carried by the model,NA
1986-04-28,1984-1999,1353.1,427.7,2278.5,carried by the model,NA
1986-05-14,1984-1999,1378.4,458.5,2298.3,carried by the model,NA
1986-05-30,1984-1999,1402.5,490,2315,carried by the model,NA
1986-06-15,1984-1999,1424.3,522,2326.6,carried by the model,NA
1986-07-01,1984-1999,1443,555.8,2330.1,carried by the model,NA
1986-07-17,1984-1999,1457.8,593.7,2321.8,carried by the model,NA
1986-08-02,1984-1999,1468.3,638.6,2298,carried by the model,NA
1986-08-18,1984-1999,1474.4,693,2255.7,carried by the model,NA
1986-09-03,1984-1999,1476.1,758.4,2193.8,carried by the model,NA
1986-09-19,1984-1999,1474,835.3,2112.7,carried by the model,NA
1986-10-05,1984-1999,1468.6,922.2,2015,carried by the model,NA
1986-10-21,1984-1999,1461,1015.9,1906,carried by the model,NA
1986-11-06,1984-1999,1452,1109.4,1794.5,carried by the model,NA
1986-11-22,1984-1999,1442.7,1188.8,1696.7,carried by the model,NA
1986-12-08,1984-1999,1434.4,1225.7,1643,observed,landsat
1986-12-24,1984-1999,1426.9,1168.9,1684.9,carried by the model,NA
1987-01-09,1984-1999,1422,1081.8,1762.2,carried by the model,NA
1987-01-25,1984-1999,1420.6,995.3,1845.8,carried by the model,NA
1987-02-10,1984-1999,1422.7,919.7,1925.7,carried by the model,NA
1987-02-26,1984-1999,1428.5,859,1997.9,carried by the model,NA
1987-03-14,1984-1999,1437.6,813.4,2061.8,carried by the model,NA
1987-03-30,1984-1999,1449.5,780.4,2118.5,carried by the model,NA
1987-04-15,1984-1999,1463.3,756.8,2169.8,carried by the model,NA
1987-05-01,1984-1999,1478,738.6,2217.3,carried by the model,NA
1987-05-17,1984-1999,1492.4,722.8,2262.1,carried by the model,NA
1987-06-02,1984-1999,1505.5,707.7,2303.3,carried by the model,NA
1987-06-18,1984-1999,1516.1,693.3,2338.9,carried by the model,NA
1987-07-04,1984-1999,1523.3,680.7,2365.9,carried by the model,NA
1987-07-20,1984-1999,1526.4,671.6,2381.2,carried by the model,NA
1987-08-05,1984-1999,1524.9,667.4,2382.4,carried by the model,NA
1987-08-21,1984-1999,1518.7,668.7,2368.7,carried by the model,NA
1987-09-06,1984-1999,1508.1,674.7,2341.5,carried by the model,NA
1987-09-22,1984-1999,1493.5,682.6,2304.4,carried by the model,NA
1987-10-08,1984-1999,1475.8,688.4,2263.1,carried by the model,NA
1987-10-24,1984-1999,1455.9,687.2,2224.6,carried by the model,NA
1987-11-09,1984-1999,1435.1,674.7,2195.5,carried by the model,NA
1987-11-25,1984-1999,1414.6,649.1,2180.2,carried by the model,NA
1987-12-11,1984-1999,1395.7,612.2,2179.1,carried by the model,NA
1987-12-27,1984-1999,1379.2,569.2,2189.2,carried by the model,NA
1988-01-12,1984-1999,1366.2,526.6,2205.9,carried by the model,NA
1988-01-28,1984-1999,1357.4,491.8,2223,carried by the model,NA
1988-02-13,1984-1999,1353,469.5,2236.4,carried by the model,NA
1988-02-29,1984-1999,1352.9,462.5,2243.2,carried by the model,NA
1988-03-16,1984-1999,1356.7,470.7,2242.7,carried by the model,NA
1988-04-01,1984-1999,1363.7,492,2235.5,carried by the model,NA
1988-04-17,1984-1999,1373.1,522.3,2223.9,carried by the model,NA
1988-05-03,1984-1999,1383.6,556.4,2210.8,carried by the model,NA
1988-05-19,1984-1999,1394,589.3,2198.8,carried by the model,NA
1988-06-04,1984-1999,1403.2,616.9,2189.4,carried by the model,NA
1988-06-20,1984-1999,1409.8,637.4,2182.2,carried by the model,NA
1988-07-06,1984-1999,1413,651,2175.1,carried by the model,NA
1988-07-22,1984-1999,1412.1,659.4,2164.8,carried by the model,NA
1988-08-07,1984-1999,1406.6,664.9,2148.3,carried by the model,NA
1988-08-23,1984-1999,1396.5,669,2124,carried by the model,NA
1988-09-08,1984-1999,1382.1,671.8,2092.4,carried by the model,NA
1988-09-24,1984-1999,1364,671.8,2056.2,carried by the model,NA
1988-10-10,1984-1999,1343.1,666,2020.2,carried by the model,NA
1988-10-26,1984-1999,1320.6,651.6,1989.7,carried by the model,NA
1988-11-11,1984-1999,1297.8,626.9,1968.7,carried by the model,NA
1988-11-27,1984-1999,1276,593.6,1958.4,carried by the model,NA
1988-12-13,1984-1999,1256.4,556.3,1956.6,carried by the model,NA
1988-12-29,1984-1999,1240.3,521.9,1958.6,carried by the model,NA
1989-01-14,1984-1999,1228.6,499.3,1957.9,carried by the model,NA
1989-01-30,1984-1999,1221.4,491.7,1951.1,carried by the model,NA
1989-02-15,1984-1999,1219.3,505.8,1932.7,carried by the model,NA
1989-03-03,1984-1999,1222.2,544.2,1900.1,carried by the model,NA
1989-03-19,1984-1999,1229.6,607,1852.2,carried by the model,NA
1989-04-04,1984-1999,1240.8,692.3,1789.3,carried by the model,NA
1989-04-20,1984-1999,1254.7,795.8,1713.5,carried by the model,NA
1989-05-06,1984-1999,1270,912.1,1628,carried by the model,NA
1989-05-22,1984-1999,1285.5,1034.1,1537,carried by the model,NA
1989-06-07,1984-1999,1299.8,1153.4,1446.3,carried by the model,NA
1989-06-23,1984-1999,1311.7,1250.3,1373.1,observed,landsat
1989-07-09,1984-1999,1320.8,1181.2,1460.4,carried by the model,NA
1989-07-25,1984-1999,1325.7,1105.2,1546.2,carried by the model,NA
1989-08-10,1984-1999,1326,1037.4,1614.7,carried by the model,NA
1989-08-26,1984-1999,1321.6,979.1,1664.1,carried by the model,NA
1989-09-11,1984-1999,1312.8,929,1696.7,carried by the model,NA
1989-09-27,1984-1999,1300.4,883.6,1717.2,carried by the model,NA
1989-10-13,1984-1999,1285.3,839.1,1731.5,carried by the model,NA
1989-10-29,1984-1999,1268.8,792.3,1745.3,carried by the model,NA
1989-11-14,1984-1999,1252.3,742.3,1762.3,carried by the model,NA
1989-11-30,1984-1999,1237.2,691.3,1783.1,carried by the model,NA
1989-12-16,1984-1999,1224.9,644.3,1805.4,carried by the model,NA
1990-01-01,1984-1999,1216.4,607,1825.7,carried by the model,NA
1990-01-17,1984-1999,1213,587.2,1838.7,carried by the model,NA
1990-02-02,1984-1999,1215,589.2,1840.8,carried by the model,NA
1990-02-18,1984-1999,1222.7,616.3,1829.2,carried by the model,NA
1990-03-06,1984-1999,1235.8,669.3,1802.2,carried by the model,NA
1990-03-22,1984-1999,1253.6,747.2,1760.1,carried by the model,NA
1990-04-07,1984-1999,1275.3,846.2,1704.4,carried by the model,NA
1990-04-23,1984-1999,1299.5,960.9,1638,carried by the model,NA
1990-05-09,1984-1999,1324.7,1084.2,1565.3,carried by the model,NA
1990-05-25,1984-1999,1349.6,1206.8,1492.4,carried by the model,NA
1990-06-10,1984-1999,1372.5,1311.2,1433.8,observed,landsat
1990-06-26,1984-1999,1393.3,1267.3,1519.4,carried by the model,NA
1990-07-12,1984-1999,1409.8,1224,1595.5,carried by the model,NA
1990-07-28,1984-1999,1420.9,1196.5,1645.3,carried by the model,NA
1990-08-13,1984-1999,1426.3,1188.7,1663.8,carried by the model,NA
1990-08-29,1984-1999,1426,1201.8,1650.1,carried by the model,NA
1990-09-14,1984-1999,1420.4,1235.1,1605.6,carried by the model,NA
1990-09-30,1984-1999,1410.4,1285.5,1535.2,carried by the model,NA
1990-10-16,1984-1999,1397.1,1339.7,1454.5,observed,landsat
1990-11-01,1984-1999,1380.9,1241.7,1520,carried by the model,NA
1990-11-17,1984-1999,1364.5,1129.3,1599.8,carried by the model,NA
1990-12-03,1984-1999,1349.8,1018.8,1680.7,carried by the model,NA
1990-12-19,1984-1999,1338.1,919.2,1757.1,carried by the model,NA
1991-01-04,1984-1999,1330.8,836.4,1825.2,carried by the model,NA
1991-01-20,1984-1999,1329,778.3,1879.8,carried by the model,NA
1991-02-05,1984-1999,1333.1,747,1919.2,carried by the model,NA
1991-02-21,1984-1999,1343.1,744,1942.1,carried by the model,NA
1991-03-09,1984-1999,1358.4,768.6,1948.2,carried by the model,NA
1991-03-25,1984-1999,1378.1,818,1938.3,carried by the model,NA
1991-04-10,1984-1999,1400.9,887.6,1914.2,carried by the model,NA
1991-04-26,1984-1999,1425.2,971.7,1878.8,carried by the model,NA
1991-05-12,1984-1999,1449.2,1063.1,1835.3,carried by the model,NA
1991-05-28,1984-1999,1471.1,1154.3,1787.8,carried by the model,NA
1991-06-13,1984-1999,1489.1,1236.9,1741.3,carried by the model,NA
1991-06-29,1984-1999,1501.9,1301.7,1702.2,carried by the model,NA
1991-07-15,1984-1999,1508.5,1338.3,1678.6,observed,landsat
1991-07-31,1984-1999,1507.3,1306.6,1708,carried by the model,NA
1991-08-16,1984-1999,1499.2,1256.2,1742.2,carried by the model,NA
1991-09-01,1984-1999,1484.5,1195.8,1773.2,carried by the model,NA
1991-09-17,1984-1999,1464.3,1128.5,1800.1,carried by the model,NA
1991-10-03,1984-1999,1439.9,1054.9,1824.8,carried by the model,NA
1991-10-19,1984-1999,1412.9,976.1,1849.7,carried by the model,NA
1991-11-04,1984-1999,1385.2,894.4,1876,carried by the model,NA
1991-11-20,1984-1999,1358.7,813.8,1903.7,carried by the model,NA
1991-12-06,1984-1999,1335.3,739.1,1931.4,carried by the model,NA
1991-12-22,1984-1999,1316.3,675.4,1957.3,carried by the model,NA
1992-01-07,1984-1999,1303.1,626.8,1979.4,carried by the model,NA
1992-01-23,1984-1999,1296.4,597.6,1995.3,carried by the model,NA
1992-02-08,1984-1999,1296.5,589,2004,carried by the model,NA
1992-02-24,1984-1999,1302.9,600.5,2005.3,carried by the model,NA
1992-03-11,1984-1999,1314.8,630,1999.6,carried by the model,NA
1992-03-27,1984-1999,1331,673.3,1988.6,carried by the model,NA
1992-04-12,1984-1999,1349.7,724.4,1974.9,carried by the model,NA
1992-04-28,1984-1999,1369.1,776.6,1961.7,carried by the model,NA
1992-05-14,1984-1999,1387.4,822.7,1952.1,carried by the model,NA
1992-05-30,1984-1999,1402.6,856.9,1948.3,carried by the model,NA
1992-06-15,1984-1999,1413.1,875.6,1950.5,carried by the model,NA
1992-07-01,1984-1999,1417.6,878.6,1956.6,carried by the model,NA
1992-07-17,1984-1999,1415.3,867.8,1962.8,carried by the model,NA
1992-08-02,1984-1999,1405.9,846.8,1965,carried by the model,NA
1992-08-18,1984-1999,1389.7,818.9,1960.4,carried by the model,NA
1992-09-03,1984-1999,1367.4,787.1,1947.6,carried by the model,NA
1992-09-19,1984-1999,1340.3,753.5,1927.1,carried by the model,NA
1992-10-05,1984-1999,1310.1,719.7,1900.4,carried by the model,NA
1992-10-21,1984-1999,1278.7,687.3,1870.2,carried by the model,NA
1992-11-06,1984-1999,1248.3,657.8,1838.7,carried by the model,NA
1992-11-22,1984-1999,1220.7,633.4,1808,carried by the model,NA
1992-12-08,1984-1999,1197.8,616.7,1778.9,carried by the model,NA
1992-12-24,1984-1999,1181.1,610.6,1751.6,carried by the model,NA
1993-01-09,1984-1999,1171.7,617.9,1725.5,carried by the model,NA
1993-01-25,1984-1999,1169.5,640,1699.1,carried by the model,NA
1993-02-10,1984-1999,1175.1,678.7,1671.4,carried by the model,NA
1993-02-26,1984-1999,1187.6,734.2,1641,carried by the model,NA
1993-03-14,1984-1999,1206,805,1607,carried by the model,NA
1993-03-30,1984-1999,1228.7,888.5,1568.9,carried by the model,NA
1993-04-15,1984-1999,1253.8,981.1,1526.4,carried by the model,NA
1993-05-01,1984-1999,1279.2,1078.2,1480.2,carried by the model,NA
1993-05-17,1984-1999,1302.8,1174,1431.6,carried by the model,NA
1993-06-02,1984-1999,1322.7,1257.9,1387.5,observed,landsat
1993-06-18,1984-1999,1339.8,1216.8,1462.8,carried by the model,NA
1993-07-04,1984-1999,1350.2,1166.7,1533.7,carried by the model,NA
1993-07-20,1984-1999,1353.1,1115.2,1591,carried by the model,NA
1993-08-05,1984-1999,1348.1,1063.9,1632.3,carried by the model,NA
1993-08-21,1984-1999,1335.8,1013.6,1657.9,carried by the model,NA
1993-09-06,1984-1999,1317,964.7,1669.3,carried by the model,NA
1993-09-22,1984-1999,1293.4,917.4,1669.4,carried by the model,NA
1993-10-08,1984-1999,1267,872.2,1661.8,carried by the model,NA
1993-10-24,1984-1999,1239.8,829.3,1650.2,carried by the model,NA
1993-11-09,1984-1999,1214.1,789.9,1638.4,carried by the model,NA
1993-11-25,1984-1999,1192.2,755.1,1629.4,carried by the model,NA
1993-12-11,1984-1999,1175.9,726.6,1625.1,carried by the model,NA
1993-12-27,1984-1999,1166.5,706.5,1626.6,carried by the model,NA
1994-01-12,1984-1999,1165.1,696.3,1633.8,carried by the model,NA
1994-01-28,1984-1999,1171.8,697.8,1645.8,carried by the model,NA
1994-02-13,1984-1999,1186,711.1,1660.8,carried by the model,NA
1994-03-01,1984-1999,1206.5,736,1677,carried by the model,NA
1994-03-17,1984-1999,1231.8,771.4,1692.1,carried by the model,NA
1994-04-02,1984-1999,1259.4,815,1703.7,carried by the model,NA
1994-04-18,1984-1999,1286.9,864.4,1709.5,carried by the model,NA
1994-05-04,1984-1999,1311.8,916.6,1707.1,carried by the model,NA
1994-05-20,1984-1999,1331.5,968.3,1694.7,carried by the model,NA
1994-06-05,1984-1999,1343.7,1016.6,1670.8,carried by the model,NA
1994-06-21,1984-1999,1346.7,1059,1634.4,carried by the model,NA
1994-07-07,1984-1999,1339.2,1093.5,1585,carried by the model,NA
1994-07-23,1984-1999,1320.9,1118.9,1522.8,carried by the model,NA
1994-08-08,1984-1999,1291.8,1135.2,1448.3,carried by the model,NA
1994-08-24,1984-1999,1252.9,1143.8,1362,carried by the model,NA
1994-09-09,1984-1999,1205.9,1151.4,1260.3,observed,landsat
1994-09-25,1984-1999,1142.4,1055.1,1229.6,carried by the model,NA
1994-10-11,1984-1999,1076.2,977.1,1175.3,carried by the model,NA
1994-10-27,1984-1999,1010.8,916.9,1104.6,carried by the model,NA
1994-11-12,1984-1999,949.4,876.6,1022.2,observed,landsat
1994-11-28,1984-1999,898.6,778.1,1019.2,carried by the model,NA
1994-12-14,1984-1999,856.8,695,1018.7,carried by the model,NA
1994-12-30,1984-1999,825,627.9,1022.2,carried by the model,NA
1995-01-15,1984-1999,803.9,578.4,1029.3,carried by the model,NA
1995-01-31,1984-1999,792.5,548,1037,carried by the model,NA
1995-02-16,1984-1999,789.7,536.2,1043.2,carried by the model,NA
1995-03-04,1984-1999,793.3,541.4,1045.3,carried by the model,NA
1995-03-20,1984-1999,801.1,561.2,1040.9,carried by the model,NA
1995-04-05,1984-1999,810,592.1,1028,carried by the model,NA
1995-04-21,1984-1999,817.5,630.1,1005,carried by the model,NA
1995-05-07,1984-1999,820.9,671.2,970.7,carried by the model,NA
1995-05-23,1984-1999,818.2,712.5,923.8,carried by the model,NA
1995-06-08,1984-1999,807.8,756.9,858.7,observed,landsat
1995-06-24,1984-1999,787.7,699.7,875.8,carried by the model,NA
1995-07-10,1984-1999,759.6,655.2,864,carried by the model,NA
1995-07-26,1984-1999,724.6,619.9,829.2,carried by the model,NA
1995-08-11,1984-1999,684.4,595.9,773,carried by the model,NA
1995-08-27,1984-1999,641.8,591.5,692.1,observed,landsat
1995-09-12,1984-1999,609.2,512.3,706.2,carried by the model,NA
1995-09-28,1984-1999,579.5,453.3,705.6,carried by the model,NA
1995-10-14,1984-1999,555,411.1,698.8,carried by the model,NA
1995-10-30,1984-1999,538,387.2,688.8,carried by the model,NA
1995-11-15,1984-1999,530.5,383.4,677.5,carried by the model,NA
1995-12-01,1984-1999,533.7,400.6,666.8,carried by the model,NA
1995-12-17,1984-1999,548.6,439.1,658.1,carried by the model,NA
1996-01-02,1984-1999,575.4,498.7,652.1,observed,landsat
1996-01-18,1984-1999,619.5,504.5,734.5,carried by the model,NA
1996-02-03,1984-1999,672.7,527.1,818.3,carried by the model,NA
1996-02-19,1984-1999,732.6,564.5,900.6,carried by the model,NA
1996-03-06,1984-1999,796.3,614.9,977.7,carried by the model,NA
1996-03-22,1984-1999,860.7,675.8,1045.7,carried by the model,NA
1996-04-07,1984-1999,922.9,744.3,1101.4,carried by the model,NA
1996-04-23,1984-1999,979.8,817.5,1142.1,carried by the model,NA
1996-05-09,1984-1999,1029,892.4,1165.7,carried by the model,NA
1996-05-25,1984-1999,1068.6,967.2,1170,carried by the model,NA
1996-06-10,1984-1999,1097.3,1046.6,1148.1,observed,landsat
1996-06-26,1984-1999,1093.6,1037.5,1149.7,observed,landsat
1996-07-12,1984-1999,1091.8,1010.2,1173.4,carried by the model,NA
1996-07-28,1984-1999,1082,1001.3,1162.7,carried by the model,NA
1996-08-13,1984-1999,1066.2,1011.9,1120.5,observed,landsat
1996-08-29,1984-1999,1042.9,934.9,1150.8,carried by the model,NA
1996-09-14,1984-1999,1018.4,865.9,1170.9,carried by the model,NA
1996-09-30,1984-1999,995.2,801.9,1188.5,carried by the model,NA
1996-10-16,1984-1999,975.5,745,1205.9,carried by the model,NA
1996-11-01,1984-1999,960.8,697.3,1224.3,carried by the model,NA
1996-11-17,1984-1999,952.3,660.8,1243.8,carried by the model,NA
1996-12-03,1984-1999,950.4,637,1263.9,carried by the model,NA
1996-12-19,1984-1999,955,626.4,1283.6,carried by the model,NA
1997-01-04,1984-1999,964.7,628.3,1301.1,carried by the model,NA
1997-01-20,1984-1999,979.2,642.3,1316.2,carried by the model,NA
1997-02-05,1984-1999,996.7,666.8,1326.6,carried by the model,NA
1997-02-21,1984-1999,1015.5,699.9,1331.1,carried by the model,NA
1997-03-09,1984-1999,1033.8,739.4,1328.2,carried by the model,NA
1997-03-25,1984-1999,1050.1,783,1317.2,carried by the model,NA
1997-04-10,1984-1999,1063,828.7,1297.3,carried by the model,NA
1997-04-26,1984-1999,1071.7,874.9,1268.5,carried by the model,NA
1997-05-12,1984-1999,1075.8,920.8,1230.8,carried by the model,NA
1997-05-28,1984-1999,1075.3,966.8,1183.9,carried by the model,NA
1997-06-13,1984-1999,1070.9,1018.9,1122.9,observed,landsat
1997-06-29,1984-1999,1067.3,995.6,1138.9,carried by the model,NA
1997-07-15,1984-1999,1061.7,1002.5,1120.8,observed,landsat
1997-07-31,1984-1999,1074.5,976.6,1172.4,observed,landsat
1997-08-16,1984-1999,1068.7,927.4,1210,carried by the model,NA
1997-09-01,1984-1999,1063,885.9,1240.1,carried by the model,NA
1997-09-17,1984-1999,1058.8,853.4,1264.1,carried by the model,NA
1997-10-03,1984-1999,1057,831.6,1282.3,carried by the model,NA
1997-10-19,1984-1999,1058.5,822.2,1294.8,carried by the model,NA
1997-11-04,1984-1999,1063.8,826.1,1301.5,carried by the model,NA
1997-11-20,1984-1999,1073.1,843.6,1302.6,carried by the model,NA
1997-12-06,1984-1999,1086.1,873.9,1298.3,carried by the model,NA
1997-12-22,1984-1999,1102.3,915.5,1289,carried by the model,NA
1998-01-07,1984-1999,1120.8,966.8,1274.7,carried by the model,NA
1998-01-23,1984-1999,1140.1,1024.7,1255.6,carried by the model,NA
1998-02-08,1984-1999,1159.2,1089.5,1229,observed,landsat
1998-02-24,1984-1999,1172.7,1079.4,1265.9,carried by the model,NA
1998-03-12,1984-1999,1183.6,1081.9,1285.3,carried by the model,NA
1998-03-28,1984-1999,1191.3,1096.3,1286.4,observed,landsat
1998-04-13,1984-1999,1197,1093.8,1300.2,carried by the model,NA
1998-04-29,1984-1999,1198.6,1103.4,1293.9,observed,landsat
1998-05-15,1984-1999,1185.4,1100.3,1270.4,carried by the model,NA
1998-05-31,1984-1999,1169.2,1117.6,1220.9,observed,landsat
1998-06-16,1984-1999,1169.6,1081,1258.2,carried by the model,NA
1998-07-02,1984-1999,1168.6,1062.8,1274.4,carried by the model,NA
1998-07-18,1984-1999,1166.3,1056.1,1276.5,observed,landsat
1998-08-03,1984-1999,1153.4,1018,1288.9,carried by the model,NA
1998-08-19,1984-1999,1140.7,990.2,1291.2,carried by the model,NA
1998-09-04,1984-1999,1129.3,974.4,1284.2,carried by the model,NA
1998-09-20,1984-1999,1120.2,972.1,1268.3,carried by the model,NA
1998-10-06,1984-1999,1114.2,984.7,1243.7,carried by the model,NA
1998-10-22,1984-1999,1111.9,1013.7,1210.2,carried by the model,NA
1998-11-07,1984-1999,1113.6,1064.8,1162.4,observed,landsat
1998-11-23,1984-1999,1133.4,1071.8,1194.9,observed,landsat
1998-12-09,1984-1999,1144.1,1028.3,1260,carried by the model,NA
1998-12-25,1984-1999,1156.5,994.2,1318.9,carried by the model,NA
1999-01-10,1984-1999,1169.8,965.4,1374.2,carried by the model,NA
1999-01-26,1984-1999,1182.6,941.7,1423.6,carried by the model,NA
1999-02-11,1984-1999,1194.2,923,1465.4,carried by the model,NA
1999-02-27,1984-1999,1203.7,909.4,1498,carried by the model,NA
1999-03-15,1984-1999,1210.5,901,1519.9,carried by the model,NA
1999-03-31,1984-1999,1214.1,897.9,1530.2,carried by the model,NA
1999-04-16,1984-1999,1214.3,900.1,1528.6,carried by the model,NA
1999-05-02,1984-1999,1211.3,907.4,1515.3,carried by the model,NA
1999-05-18,1984-1999,1205.5,919.7,1491.2,carried by the model,NA
1999-06-03,1984-1999,1197.4,937,1457.8,carried by the model,NA
1999-06-19,1984-1999,1187.9,959.1,1416.7,carried by the model,NA
1999-07-05,1984-1999,1177.8,985.8,1369.9,carried by the model,NA
1999-07-21,1984-1999,1168.3,1017.2,1319.4,carried by the model,NA
1999-08-06,1984-1999,1160.1,1053.8,1266.4,carried by the model,NA
1999-08-22,1984-1999,1154.2,1100.3,1208.1,observed,landsat
1999-09-07,1984-1999,1155.5,1060.6,1250.4,carried by the model,NA
1999-09-23,1984-1999,1159.7,1039.5,1279.8,carried by the model,NA
1999-10-09,1984-1999,1166.6,1033.5,1299.7,carried by the model,NA
1999-10-25,1984-1999,1175.8,1041.3,1310.4,carried by the model,NA
1999-11-10,1984-1999,1186.7,1061.2,1312.1,carried by the model,NA
1999-11-26,1984-1999,1198.3,1091.6,1305.1,observed,landsat
1999-12-12,1984-1999,1201.4,1075.3,1327.4,carried by the model,NA
1999-12-28,1984-1999,1204,1067.6,1340.5,carried by the model,NA
2000-01-13,2000-2014,1206.3,1068.8,1343.8,carried by the model,NA
2000-01-29,2000-2014,1207.6,1079,1336.1,carried by the model,NA
2000-02-14,2000-2014,1207.7,1098.8,1316.7,carried by the model,NA
2000-03-01,2000-2014,1206.5,1130.5,1282.5,observed,modis
2000-03-17,2000-2014,1202.8,1142.8,1262.8,observed,modis
2000-04-02,2000-2014,1208.4,1145.9,1270.8,observed,modis
2000-04-18,2000-2014,1195.4,1140.4,1250.3,observed,modis
2000-05-04,2000-2014,1185.2,1132.2,1238.2,observed,modis
2000-05-20,2000-2014,1183.5,1130.7,1236.3,observed,modis
2000-06-05,2000-2014,1179.6,1126.7,1232.6,observed,modis
2000-06-21,2000-2014,1177.3,1123.5,1231.2,observed,modis
2000-07-07,2000-2014,1176.9,1124,1229.8,observed,modis
2000-07-23,2000-2014,1169.6,1117.2,1222.1,observed,modis
2000-08-08,2000-2014,1153.8,1102.9,1204.8,observed,modis
2000-08-24,2000-2014,1129.2,1091.2,1167.3,observed,landsat + modis
2000-09-09,2000-2014,1098.6,1047.2,1150,observed,modis
2000-09-25,2000-2014,1054.2,1001.3,1107.1,observed,modis
2000-10-11,2000-2014,1019.8,965,1074.5,observed,modis
2000-10-27,2000-2014,1041.8,993.5,1090.1,observed,landsat + modis
2000-11-12,2000-2014,1019.5,959.6,1079.3,observed,modis
2000-11-28,2000-2014,1096.4,1032.6,1160.3,observed,modis
2000-12-14,2000-2014,1149.2,1084.6,1213.9,observed,modis
2000-12-30,2000-2014,1191.8,1122.2,1261.3,observed,landsat + modis
2001-01-15,2000-2014,1214,1114.7,1313.3,carried by the model,NA
2001-01-31,2000-2014,1233.6,1120.8,1346.4,carried by the model,NA
2001-02-16,2000-2014,1248.7,1135.8,1361.6,carried by the model,NA
2001-03-04,2000-2014,1258.8,1159.3,1358.2,carried by the model,NA
2001-03-20,2000-2014,1263.5,1194,1333,observed,modis
2001-04-05,2000-2014,1256.5,1201.2,1311.8,observed,modis
2001-04-21,2000-2014,1250.4,1197.2,1303.6,observed,modis
2001-05-07,2000-2014,1245.3,1191.8,1298.8,observed,modis
2001-05-23,2000-2014,1237.7,1180.3,1295.1,observed,modis
2001-06-08,2000-2014,1223.6,1143.8,1303.5,carried by the model,NA
2001-06-24,2000-2014,1210.1,1135.2,1285,observed,modis
2001-07-10,2000-2014,1231.2,1174.7,1287.8,observed,modis
2001-07-26,2000-2014,1232.7,1179.8,1285.6,observed,modis
2001-08-11,2000-2014,1229.8,1181,1278.6,observed,landsat + modis
2001-08-27,2000-2014,1222.9,1184.7,1261.1,observed,landsat + modis
2001-09-12,2000-2014,1216.8,1165.4,1268.1,observed,modis
2001-09-28,2000-2014,1203.9,1150.7,1257.1,observed,modis
2001-10-14,2000-2014,1167,1110,1224,observed,modis
2001-10-30,2000-2014,1197.4,1145.7,1249.1,observed,modis
2001-11-15,2000-2014,1211.4,1172,1250.7,observed,landsat + modis
2001-12-01,2000-2014,1233.2,1171.1,1295.3,observed,modis
2001-12-17,2000-2014,1241.5,1182,1301.1,observed,modis
2002-01-02,2000-2014,1251.8,1175.1,1328.6,carried by the model,NA
2002-01-18,2000-2014,1260.4,1196.5,1324.4,observed,modis
2002-02-03,2000-2014,1267,1205.9,1328.1,observed,modis
2002-02-19,2000-2014,1256.8,1198.2,1315.3,observed,modis
2002-03-07,2000-2014,1258.7,1182.8,1334.6,carried by the model,NA
2002-03-23,2000-2014,1258.8,1196.5,1321.1,observed,modis
2002-04-08,2000-2014,1255.4,1201.5,1309.3,observed,modis
2002-04-24,2000-2014,1257.6,1207.4,1307.9,observed,landsat + modis
2002-05-10,2000-2014,1246.6,1195.8,1297.5,observed,modis
2002-05-26,2000-2014,1229.2,1190.9,1267.5,observed,landsat + modis
2002-06-11,2000-2014,1236.5,1185,1288.1,observed,modis
2002-06-27,2000-2014,1240.4,1189,1291.8,observed,modis
2002-07-13,2000-2014,1242.7,1200.7,1284.6,observed,landsat + modis
2002-07-29,2000-2014,1244.3,1198.1,1290.5,observed,landsat + modis
2002-08-14,2000-2014,1236.8,1185.4,1288.3,observed,modis
2002-08-30,2000-2014,1241.9,1197,1286.8,observed,landsat + modis
2002-09-15,2000-2014,1231.8,1180.9,1282.8,observed,modis
2002-10-01,2000-2014,1234.9,1190.7,1279.1,observed,landsat + modis
2002-10-17,2000-2014,1227,1175.3,1278.6,observed,modis
2002-11-02,2000-2014,1219.2,1167.2,1271.3,observed,modis
2002-11-18,2000-2014,1202,1154.5,1249.6,observed,landsat + modis
2002-12-04,2000-2014,1231.7,1180.6,1282.8,observed,landsat
2002-12-20,2000-2014,1251.2,1191.8,1310.6,observed,modis
2003-01-05,2000-2014,1252.3,1193.8,1310.9,observed,modis
2003-01-21,2000-2014,1254.2,1179.1,1329.3,carried by the model,NA
2003-02-06,2000-2014,1255.4,1195.8,1315,observed,modis
2003-02-22,2000-2014,1256.9,1202.4,1311.4,observed,modis
2003-03-10,2000-2014,1260.7,1205.3,1316.1,observed,modis
2003-03-26,2000-2014,1259,1206.1,1311.8,observed,modis
2003-04-11,2000-2014,1258.2,1208.4,1308,observed,landsat + modis
2003-04-27,2000-2014,1262.3,1209.8,1314.8,observed,modis
2003-05-13,2000-2014,1264.1,1211.2,1317,observed,modis
2003-05-29,2000-2014,1264.9,1212,1317.9,observed,modis
2003-06-14,2000-2014,1267.3,1214.2,1320.4,observed,modis
2003-06-30,2000-2014,1265.3,1211.7,1318.9,observed,modis
2003-07-16,2000-2014,1262.6,1209.5,1315.7,observed,modis
2003-08-01,2000-2014,1263.4,1211,1315.9,observed,modis
2003-08-17,2000-2014,1260.3,1211.5,1309.1,observed,landsat + modis
2003-09-02,2000-2014,1247.4,1195,1299.9,observed,modis
2003-09-18,2000-2014,1229,1176.1,1281.9,observed,modis
2003-10-04,2000-2014,1193.6,1140.6,1246.6,observed,modis
2003-10-20,2000-2014,1214.5,1161.6,1267.4,observed,modis
2003-11-05,2000-2014,1231.2,1182.7,1279.7,observed,landsat + modis
2003-11-21,2000-2014,1241.9,1188.4,1295.4,observed,modis
2003-12-07,2000-2014,1260.5,1199.5,1321.5,observed,modis
2003-12-23,2000-2014,1256.8,1199.8,1313.8,observed,modis
2004-01-08,2000-2014,1272.6,1205.1,1340.1,observed,modis
2004-01-24,2000-2014,1278.1,1207.8,1348.4,observed,modis
2004-02-09,2000-2014,1282.4,1211.6,1353.2,observed,modis
2004-02-25,2000-2014,1282.3,1209.5,1355.2,observed,modis
2004-03-12,2000-2014,1264,1205.2,1322.8,observed,modis
2004-03-28,2000-2014,1264.9,1209.9,1319.9,observed,modis
2004-04-13,2000-2014,1266.3,1209.5,1323.2,observed,modis
2004-04-29,2000-2014,1264.9,1211.2,1318.5,observed,modis
2004-05-15,2000-2014,1265.2,1212.1,1318.2,observed,modis
2004-05-31,2000-2014,1264.9,1212,1317.7,observed,modis
2004-06-16,2000-2014,1266.3,1214.8,1317.8,observed,modis
2004-07-02,2000-2014,1261.5,1220.6,1302.4,observed,landsat + modis
2004-07-18,2000-2014,1265.2,1213.7,1316.7,observed,modis
2004-08-03,2000-2014,1261.1,1208.2,1314,observed,modis
2004-08-19,2000-2014,1257,1204.1,1310,observed,modis
2004-09-04,2000-2014,1245.5,1192.4,1298.6,observed,modis
2004-09-20,2000-2014,1241.3,1191.5,1291.1,observed,landsat + modis
2004-10-06,2000-2014,1225.4,1172.6,1278.2,observed,modis
2004-10-22,2000-2014,1218,1166.7,1269.2,observed,landsat + modis
2004-11-07,2000-2014,1188.8,1126.5,1251.1,observed,modis
2004-11-23,2000-2014,1197.9,1104.2,1291.6,carried by the model,NA
2004-12-09,2000-2014,1210.7,1104.6,1316.7,carried by the model,NA
2004-12-25,2000-2014,1226,1122.5,1329.5,carried by the model,NA
2005-01-10,2000-2014,1242.3,1156.8,1327.8,observed,modis
2005-01-26,2000-2014,1249.3,1192.4,1306.3,observed,modis
2005-02-11,2000-2014,1249.4,1208.6,1290.2,observed,landsat + modis
2005-02-27,2000-2014,1255.3,1204.4,1306.3,observed,modis
2005-03-15,2000-2014,1259.8,1210.9,1308.7,observed,landsat + modis
2005-03-31,2000-2014,1259.5,1208,1310.9,observed,modis
2005-04-16,2000-2014,1260.6,1215.4,1305.8,observed,landsat + modis
2005-05-02,2000-2014,1259.8,1208.3,1311.2,observed,modis
2005-05-18,2000-2014,1262.1,1213,1311.3,observed,landsat + modis
2005-06-03,2000-2014,1264.1,1216,1312.1,observed,landsat + modis
2005-06-19,2000-2014,1253.6,1201.3,1305.9,observed,modis
2005-07-05,2000-2014,1249.8,1196.8,1302.7,observed,modis
2005-07-21,2000-2014,1241.9,1188.9,1294.9,observed,modis
2005-08-06,2000-2014,1240.9,1188.7,1293.1,observed,modis
2005-08-22,2000-2014,1236.1,1190.4,1281.8,observed,landsat + modis
2005-09-07,2000-2014,1217.8,1166.6,1269,observed,modis
2005-09-23,2000-2014,1213,1165.5,1260.5,observed,landsat + modis
2005-10-09,2000-2014,1185.4,1133.7,1237.1,observed,modis
2005-10-25,2000-2014,1165.3,1116.2,1214.4,observed,landsat + modis
2005-11-10,2000-2014,1148.1,1109.9,1186.4,observed,landsat + modis
2005-11-26,2000-2014,1147.9,1094.2,1201.6,observed,landsat + modis
2005-12-12,2000-2014,1164,1081,1247,carried by the model,NA
2005-12-28,2000-2014,1184,1097,1270.9,carried by the model,NA
2006-01-13,2000-2014,1206.4,1137.5,1275.3,observed,modis
2006-01-29,2000-2014,1214.2,1136.1,1292.4,carried by the model,NA
2006-02-14,2000-2014,1221.9,1162.7,1281.1,observed,modis
2006-03-02,2000-2014,1246.3,1182.3,1310.3,observed,modis
2006-03-18,2000-2014,1259.6,1196.8,1322.4,observed,modis
2006-04-03,2000-2014,1251.9,1196.1,1307.6,observed,modis
2006-04-19,2000-2014,1246.2,1193.1,1299.4,observed,modis
2006-05-05,2000-2014,1243.6,1191.4,1295.8,observed,modis
2006-05-21,2000-2014,1236.9,1189.4,1284.3,observed,landsat + modis
2006-06-06,2000-2014,1219.5,1181.2,1257.7,observed,landsat + modis
2006-06-22,2000-2014,1226.1,1175,1277.1,observed,modis
2006-07-08,2000-2014,1230.2,1179,1281.3,observed,modis
2006-07-24,2000-2014,1227.4,1187.3,1267.5,observed,landsat + modis
2006-08-09,2000-2014,1228.9,1182.1,1275.7,observed,landsat + modis
2006-08-25,2000-2014,1215.8,1168,1263.6,observed,landsat + modis
2006-09-10,2000-2014,1193.9,1143.4,1244.5,observed,modis
2006-09-26,2000-2014,1174.6,1136.5,1212.8,observed,landsat + modis
2006-10-12,2000-2014,1169.3,1118.7,1219.9,observed,modis
2006-10-28,2000-2014,1169.7,1120.3,1219,observed,landsat + modis
2006-11-13,2000-2014,1167.6,1113.5,1221.8,observed,modis
2006-11-29,2000-2014,1180.3,1115.1,1245.4,observed,modis
2006-12-15,2000-2014,1176.4,1112.3,1240.6,observed,modis
2006-12-31,2000-2014,1185.9,1100,1271.7,carried by the model,NA
2007-01-16,2000-2014,1197.1,1112.4,1281.8,carried by the model,NA
2007-02-01,2000-2014,1209,1149.2,1268.8,observed,modis
2007-02-17,2000-2014,1220,1164.6,1275.4,observed,modis
2007-03-05,2000-2014,1227.3,1173.7,1280.8,observed,modis
2007-03-21,2000-2014,1233.8,1180.3,1287.2,observed,modis
2007-04-06,2000-2014,1243.5,1189.4,1297.6,observed,modis
2007-04-22,2000-2014,1238.9,1189.3,1288.5,observed,landsat + modis
2007-05-08,2000-2014,1234.3,1187.9,1280.7,observed,landsat + modis
2007-05-24,2000-2014,1233.5,1182.2,1284.8,observed,modis
2007-06-09,2000-2014,1228.7,1181.1,1276.2,observed,landsat + modis
2007-06-25,2000-2014,1228.7,1176.7,1280.7,observed,modis
2007-07-11,2000-2014,1230,1178.6,1281.4,observed,modis
2007-07-27,2000-2014,1227,1185.8,1268.3,observed,landsat + modis
2007-08-12,2000-2014,1216.8,1179.4,1254.2,observed,landsat + modis
2007-08-28,2000-2014,1215.4,1170,1260.7,observed,landsat + modis
2007-09-13,2000-2014,1204.7,1166.6,1242.9,observed,landsat + modis
2007-09-29,2000-2014,1187.6,1137.2,1238,observed,modis
2007-10-15,2000-2014,1176,1128,1224,observed,landsat + modis
2007-10-31,2000-2014,1167.8,1115.4,1220.2,observed,modis
2007-11-16,2000-2014,1181.2,1131.5,1230.8,observed,landsat + modis
2007-12-02,2000-2014,1196.7,1133.5,1259.9,observed,modis
2007-12-18,2000-2014,1201.9,1115.6,1288.3,carried by the model,NA
2008-01-03,2000-2014,1208.8,1121.9,1295.7,carried by the model,NA
2008-01-19,2000-2014,1216.7,1151.6,1281.7,observed,modis
2008-02-04,2000-2014,1230.8,1175.6,1286,observed,modis
2008-02-20,2000-2014,1244,1187.1,1301,observed,modis
2008-03-07,2000-2014,1246.4,1192.8,1300.1,observed,modis
2008-03-23,2000-2014,1256.2,1206.2,1306.3,observed,landsat + modis
2008-04-08,2000-2014,1254.2,1202.2,1306.3,observed,modis
2008-04-24,2000-2014,1258.1,1208.7,1307.6,observed,landsat + modis
2008-05-10,2000-2014,1258.7,1206.2,1311.1,observed,modis
2008-05-26,2000-2014,1255.5,1202.6,1308.4,observed,modis
2008-06-11,2000-2014,1253.5,1200.6,1306.5,observed,modis
2008-06-27,2000-2014,1255.6,1202.6,1308.5,observed,modis
2008-07-13,2000-2014,1251.8,1199.2,1304.3,observed,modis
2008-07-29,2000-2014,1241.6,1191.9,1291.3,observed,landsat + modis
2008-08-14,2000-2014,1231.3,1191.7,1270.8,observed,landsat + modis
2008-08-30,2000-2014,1216.3,1177.1,1255.6,observed,landsat + modis
2008-09-15,2000-2014,1223.6,1174,1273.1,observed,modis
2008-10-01,2000-2014,1215.2,1177,1253.4,observed,landsat + modis
2008-10-17,2000-2014,1213.4,1166.6,1260.2,observed,landsat + modis
2008-11-02,2000-2014,1210.6,1161.4,1259.7,observed,landsat + modis
2008-11-18,2000-2014,1203.7,1146.4,1260.9,observed,modis
2008-12-04,2000-2014,1178.7,1118.8,1238.6,observed,modis
2008-12-20,2000-2014,1199.7,1144.2,1255.3,observed,modis
2009-01-05,2000-2014,1219.9,1158.4,1281.3,observed,modis
2009-01-21,2000-2014,1224.9,1168.5,1281.3,observed,modis
2009-02-06,2000-2014,1237.4,1179.5,1295.3,observed,modis
2009-02-22,2000-2014,1249.4,1192.2,1306.6,observed,modis
2009-03-10,2000-2014,1265.6,1204.6,1326.7,observed,modis
2009-03-26,2000-2014,1255.8,1201.8,1309.9,observed,modis
2009-04-11,2000-2014,1258.3,1205.6,1311,observed,modis
2009-04-27,2000-2014,1261.7,1211.7,1311.6,observed,landsat + modis
2009-05-13,2000-2014,1256.5,1204.1,1309,observed,modis
2009-05-29,2000-2014,1253.7,1201.4,1306,observed,modis
2009-06-14,2000-2014,1241.9,1193.6,1290.1,observed,landsat + modis
2009-06-30,2000-2014,1251.2,1199.4,1303,observed,modis
2009-07-16,2000-2014,1254,1206.2,1301.8,observed,landsat + modis
2009-08-01,2000-2014,1257.8,1207.5,1308,observed,landsat + modis
2009-08-17,2000-2014,1241.4,1188.7,1294.1,observed,modis
2009-09-02,2000-2014,1221.2,1167.6,1274.9,observed,modis
2009-09-18,2000-2014,1198.7,1145.3,1252,observed,modis
2009-10-04,2000-2014,1187.3,1134.2,1240.3,observed,modis
2009-10-20,2000-2014,1189.3,1136.1,1242.5,observed,modis
2009-11-05,2000-2014,1173.6,1118.4,1228.8,observed,modis
2009-11-21,2000-2014,1193.3,1139.9,1246.7,observed,modis
2009-12-07,2000-2014,1196.7,1143.2,1250.2,observed,modis
2009-12-23,2000-2014,1197.6,1140.1,1255.1,observed,modis
2010-01-08,2000-2014,1200.4,1144.6,1256.2,observed,modis
2010-01-24,2000-2014,1219.2,1155,1283.3,observed,modis
2010-02-09,2000-2014,1236.9,1155.7,1318.1,carried by the model,NA
2010-02-25,2000-2014,1253.2,1180.5,1325.8,observed,modis
2010-03-13,2000-2014,1254.4,1185.1,1323.8,observed,modis
2010-03-29,2000-2014,1243.5,1179.6,1307.5,observed,modis
2010-04-14,2000-2014,1223,1167.9,1278.1,observed,modis
2010-04-30,2000-2014,1223.1,1170,1276.2,observed,modis
2010-05-16,2000-2014,1220.6,1167.6,1273.5,observed,modis
2010-06-01,2000-2014,1220.7,1167.3,1274.1,observed,modis
2010-06-17,2000-2014,1227.4,1170.1,1284.8,observed,modis
2010-07-03,2000-2014,1222.2,1168.8,1275.7,observed,modis
2010-07-19,2000-2014,1220.8,1168,1273.6,observed,modis
2010-08-04,2000-2014,1217.2,1165.1,1269.4,observed,modis
2010-08-20,2000-2014,1215,1167.5,1262.4,observed,landsat + modis
2010-09-05,2000-2014,1196.1,1144,1248.2,observed,modis
2010-09-21,2000-2014,1174.3,1121.7,1226.8,observed,modis
2010-10-07,2000-2014,1145.4,1092.7,1198.1,observed,modis
2010-10-23,2000-2014,1147.2,1094.4,1199.9,observed,modis
2010-11-08,2000-2014,1152,1099.1,1204.8,observed,modis
2010-11-24,2000-2014,1159.6,1107.5,1211.6,observed,modis
2010-12-10,2000-2014,1165.9,1123.3,1208.4,observed,landsat + modis
2010-12-26,2000-2014,1161.7,1103.7,1219.8,observed,modis
2011-01-11,2000-2014,1172.7,1109.5,1235.9,observed,modis
2011-01-27,2000-2014,1178.1,1116.2,1240,observed,modis
2011-02-12,2000-2014,1188.1,1128.6,1247.6,observed,modis
2011-02-28,2000-2014,1207.2,1136.9,1277.5,observed,modis
2011-03-16,2000-2014,1202.5,1141.3,1263.6,observed,modis
2011-04-01,2000-2014,1197.9,1143.6,1252.2,observed,modis
2011-04-17,2000-2014,1200.5,1147.6,1253.5,observed,modis
2011-05-03,2000-2014,1203,1150.2,1255.8,observed,modis
2011-05-19,2000-2014,1203.2,1150.5,1255.9,observed,modis
2011-06-04,2000-2014,1209,1156.6,1261.4,observed,modis
2011-06-20,2000-2014,1216.5,1166.8,1266.2,observed,landsat + modis
2011-07-06,2000-2014,1213.6,1166.7,1260.5,observed,landsat + modis
2011-07-22,2000-2014,1204.9,1154.8,1254.9,observed,landsat + modis
2011-08-07,2000-2014,1193.4,1144.3,1242.4,observed,landsat + modis
2011-08-23,2000-2014,1190.2,1143.8,1236.6,observed,landsat + modis
2011-09-08,2000-2014,1174.7,1128.6,1220.7,observed,landsat + modis
2011-09-24,2000-2014,1145.6,1099.5,1191.7,observed,landsat + modis
2011-10-10,2000-2014,1123.1,1083.2,1162.9,observed,landsat + modis
2011-10-26,2000-2014,1113.7,1062.6,1164.9,observed,modis
2011-11-11,2000-2014,1109.3,1056.9,1161.7,observed,modis
2011-11-27,2000-2014,1103.5,1050.6,1156.4,observed,modis
2011-12-13,2000-2014,1096.5,1040.6,1152.4,observed,modis
2011-12-29,2000-2014,1104,1029.3,1178.7,carried by the model,NA
2012-01-14,2000-2014,1115.1,1054.2,1176,observed,modis
2012-01-30,2000-2014,1113.9,1058.4,1169.4,observed,modis
2012-02-15,2000-2014,1119.8,1066,1173.6,observed,modis
2012-03-02,2000-2014,1121.5,1068.6,1174.3,observed,modis
2012-03-18,2000-2014,1129.6,1075.9,1183.3,observed,modis
2012-04-03,2000-2014,1143.5,1090.9,1196.2,observed,modis
2012-04-19,2000-2014,1155.5,1103.3,1207.8,observed,modis
2012-05-05,2000-2014,1158,1108.1,1208,observed,landsat + modis
2012-05-21,2000-2014,1147.3,1098,1196.6,observed,landsat + modis
2012-06-06,2000-2014,1142.5,1090.4,1194.6,observed,modis
2012-06-22,2000-2014,1130.9,1078.4,1183.3,observed,modis
2012-07-08,2000-2014,1125.6,1073.1,1178.2,observed,modis
2012-07-24,2000-2014,1112.7,1060.3,1165.2,observed,modis
2012-08-09,2000-2014,1092.8,1040.5,1145.1,observed,modis
2012-08-25,2000-2014,1061.3,1009.4,1113.1,observed,modis
2012-09-10,2000-2014,1046.7,1000,1093.4,observed,landsat + modis
2012-09-26,2000-2014,1002.8,951.4,1054.1,observed,modis
2012-10-12,2000-2014,969.6,917.8,1021.5,observed,modis
2012-10-28,2000-2014,940.1,888.7,991.6,observed,modis
2012-11-13,2000-2014,924.8,876.5,973.1,observed,landsat + modis
2012-11-29,2000-2014,939.2,888.1,990.3,observed,landsat + modis
2012-12-15,2000-2014,939.8,880,999.7,observed,modis
2012-12-31,2000-2014,1005.8,933.9,1077.6,observed,modis
2013-01-16,2000-2014,1068.3,978.4,1158.2,carried by the model,NA
2013-02-01,2000-2014,1134.3,1046.6,1222,carried by the model,NA
2013-02-17,2000-2014,1197.7,1134,1261.4,observed,modis
2013-03-05,2000-2014,1223.3,1165.5,1281.1,observed,modis
2013-03-21,2000-2014,1228.1,1180.7,1275.6,observed,landsat + modis
2013-04-06,2000-2014,1234,1182.8,1285.2,observed,modis
2013-04-22,2000-2014,1223.2,1177.9,1268.5,observed,landsat + modis
2013-05-08,2000-2014,1192.1,1149,1235.2,observed,landsat + modis
2013-05-24,2000-2014,1191.5,1141.3,1241.8,observed,modis
2013-06-09,2000-2014,1181.2,1139.5,1223,observed,landsat + modis
2013-06-25,2000-2014,1168,1130.5,1205.6,observed,landsat + modis
2013-07-11,2000-2014,1168.7,1117.9,1219.5,observed,modis
2013-07-27,2000-2014,1163.9,1112.5,1215.3,observed,modis
2013-08-12,2000-2014,1156.2,1112.2,1200.2,observed,landsat + modis
2013-08-28,2000-2014,1124.1,1086.5,1161.7,observed,landsat + modis
2013-09-13,2000-2014,1088.5,1039.1,1137.9,observed,modis
2013-09-29,2000-2014,1085.3,1044.3,1126.3,observed,landsat + modis
2013-10-15,2000-2014,1067.1,1017.7,1116.4,observed,modis
2013-10-31,2000-2014,1050.6,1013.4,1087.8,observed,landsat + modis
2013-11-16,2000-2014,1021.7,975.3,1068.1,observed,landsat + modis
2013-12-02,2000-2014,972.1,929.9,1014.3,observed,landsat + modis
2013-12-18,2000-2014,992.1,938.5,1045.6,observed,modis
2014-01-03,2000-2014,1025.9,969.9,1081.8,observed,modis
2014-01-19,2000-2014,1065.9,1000.7,1131.2,observed,modis
2014-02-04,2000-2014,1099.1,1024.8,1173.4,observed,modis
2014-02-20,2000-2014,1118.5,1053.9,1183.1,observed,modis
2014-03-08,2000-2014,1136.6,1079.2,1194,observed,modis
2014-03-24,2000-2014,1142.4,1089.6,1195.1,observed,landsat + modis
2014-04-09,2000-2014,1127.6,1076.5,1178.8,observed,modis
2014-04-25,2000-2014,1094.5,1053.6,1135.4,observed,landsat + modis
2014-05-11,2000-2014,1098.1,1053,1143.1,observed,landsat + modis
2014-05-27,2000-2014,1046.9,1004.5,1089.3,observed,landsat + modis
2014-06-12,2000-2014,1071.1,1026.8,1115.5,observed,landsat + modis
2014-06-28,2000-2014,1071.9,1033.3,1110.5,observed,landsat + modis
2014-07-14,2000-2014,1082.8,1033.2,1132.3,observed,modis
2014-07-30,2000-2014,1072.5,1031.5,1113.4,observed,landsat + modis
2014-08-15,2000-2014,1063.8,1026.3,1101.2,observed,landsat + modis
2014-08-31,2000-2014,1059.8,1010.9,1108.8,observed,modis
2014-09-16,2000-2014,1035,998.1,1071.9,observed,landsat + modis
2014-10-02,2000-2014,999.9,963.4,1036.5,observed,landsat + modis
2014-10-18,2000-2014,974,925.2,1022.7,observed,modis
2014-11-03,2000-2014,921,883.6,958.3,observed,landsat + modis
2014-11-19,2000-2014,872.7,836.4,909.1,observed,landsat + modis
2014-12-05,2000-2014,823,785.6,860.5,observed,landsat + modis
2014-12-21,2000-2014,887,829.2,944.9,observed,modis
2015-01-06,2015-2024,1109.1,1036.9,1181.3,observed,modis
2015-01-22,2015-2024,1219.8,1140.9,1298.8,carried by the model,NA
2015-02-07,2015-2024,1324.6,1267,1382.3,observed,landsat + modis
2015-02-23,2015-2024,1353.4,1295.3,1411.4,observed,modis
2015-03-11,2015-2024,1342.5,1287.4,1397.7,observed,modis
2015-03-27,2015-2024,1324.5,1285.3,1363.7,observed,landsat + modis
2015-04-12,2015-2024,1335.1,1289.1,1381.1,observed,landsat + modis
2015-04-28,2015-2024,1320,1280,1360.1,observed,landsat + modis
2015-05-14,2015-2024,1311.9,1273.6,1350.2,observed,landsat + modis
2015-05-30,2015-2024,1311.5,1267.6,1355.5,observed,landsat + modis
2015-06-15,2015-2024,1303.8,1253.5,1354.2,observed,modis
2015-07-01,2015-2024,1285.1,1246.5,1323.8,observed,landsat + modis
2015-07-17,2015-2024,1269.4,1232.2,1306.6,observed,landsat + modis
2015-08-02,2015-2024,1264.4,1226.6,1302.1,observed,landsat + modis
2015-08-18,2015-2024,1265.5,1227.2,1303.8,observed,landsat + modis
2015-09-03,2015-2024,1259.6,1221.7,1297.6,observed,landsat + modis
2015-09-19,2015-2024,1251.8,1214.5,1289,observed,landsat + modis
2015-10-05,2015-2024,1239.5,1198.1,1280.9,observed,landsat + modis
2015-10-21,2015-2024,1233.3,1183.5,1283.1,observed,modis
2015-11-06,2015-2024,1219,1180.8,1257.2,observed,landsat + modis
2015-11-22,2015-2024,1220.3,1171.4,1269.1,observed,landsat + modis
2015-12-08,2015-2024,1215.6,1160,1271.2,observed,modis
2015-12-24,2015-2024,1210.6,1155.3,1266,observed,modis
2016-01-09,2015-2024,1193.7,1140.3,1247.2,observed,modis
2016-01-25,2015-2024,1186.7,1131.9,1241.6,observed,modis
2016-02-10,2015-2024,1199.5,1145.8,1253.2,observed,landsat + modis
2016-02-26,2015-2024,1205.1,1140.9,1269.4,observed,modis
2016-03-13,2015-2024,1208.9,1159.1,1258.8,observed,landsat + modis
2016-03-29,2015-2024,1208.3,1160.1,1256.5,observed,landsat + modis
2016-04-14,2015-2024,1174.6,1135.5,1213.6,observed,landsat + modis
2016-04-30,2015-2024,1173.3,1122.1,1224.5,observed,modis
2016-05-16,2015-2024,1169.4,1116.9,1221.8,observed,modis
2016-06-01,2015-2024,1157.7,1105.4,1210,observed,modis
2016-06-17,2015-2024,1142,1093,1190.9,observed,landsat + modis
2016-07-03,2015-2024,1133.4,1073.1,1193.6,observed,modis
2016-07-19,2015-2024,1106.4,1067.5,1145.4,observed,landsat + modis
2016-08-04,2015-2024,1117.9,1076.3,1159.4,observed,landsat + modis
2016-08-20,2015-2024,1104.7,1068,1141.5,observed,landsat + modis
2016-09-05,2015-2024,1061.9,1025.1,1098.7,observed,landsat + modis
2016-09-21,2015-2024,1023.6,982.2,1065,observed,landsat + modis
2016-10-07,2015-2024,965.6,921.1,1010.2,observed,landsat + modis
2016-10-23,2015-2024,888.5,851.9,925.1,observed,landsat + modis
2016-11-08,2015-2024,867.1,817.6,916.6,observed,modis
2016-11-24,2015-2024,870.5,823.1,918,observed,landsat + modis
2016-12-10,2015-2024,841.1,793.7,888.5,observed,landsat + modis
2016-12-26,2015-2024,876.5,822.7,930.2,observed,modis
2017-01-11,2015-2024,991.3,929.7,1052.8,observed,modis
2017-01-27,2015-2024,1065.1,1005.7,1124.4,observed,modis
2017-02-12,2015-2024,1084.9,1030.4,1139.4,observed,modis
2017-02-28,2015-2024,1097.9,1045.2,1150.5,observed,modis
2017-03-16,2015-2024,1109.9,1057.5,1162.4,observed,modis
2017-04-01,2015-2024,1102.7,1059.5,1146,observed,landsat + modis
2017-04-17,2015-2024,1080.8,1028.5,1133.1,observed,modis
2017-05-03,2015-2024,1048,1003,1093.1,observed,landsat + modis
2017-05-19,2015-2024,1024,986.4,1061.5,observed,landsat + modis
2017-06-04,2015-2024,1035.8,986,1085.6,observed,modis
2017-06-20,2015-2024,1030.7,984.8,1076.7,observed,landsat + modis
2017-07-06,2015-2024,1015.6,976.4,1054.9,observed,landsat + modis
2017-07-22,2015-2024,997.6,960.7,1034.5,observed,landsat + modis
2017-08-07,2015-2024,977.8,938.1,1017.5,observed,landsat + modis
2017-08-23,2015-2024,961.1,925.2,997.1,observed,landsat + modis
2017-09-08,2015-2024,918.7,882.5,954.8,observed,landsat + modis
2017-09-24,2015-2024,856.5,811.1,901.9,observed,landsat + modis
2017-10-10,2015-2024,775.4,739.5,811.3,observed,landsat + modis
2017-10-26,2015-2024,726.2,687.1,765.2,observed,landsat + modis
2017-11-11,2015-2024,683.7,633.2,734.2,observed,modis
2017-11-27,2015-2024,664.1,607.8,720.4,observed,modis
2017-12-13,2015-2024,647.7,596.3,699,observed,modis
2017-12-29,2015-2024,626.4,583.1,669.7,observed,landsat + modis
2018-01-14,2015-2024,616.6,575.1,658.1,observed,landsat + modis
2018-01-30,2015-2024,702,623.3,780.7,carried by the model,NA
2018-02-15,2015-2024,794.5,708.9,880,carried by the model,NA
2018-03-03,2015-2024,885.3,816,954.5,observed,modis
2018-03-19,2015-2024,898.8,843.6,953.9,observed,modis
2018-04-04,2015-2024,905.4,853,957.7,observed,modis
2018-04-20,2015-2024,873,834.7,911.3,observed,landsat + modis
2018-05-06,2015-2024,825.5,782.4,868.5,observed,landsat + modis
2018-05-22,2015-2024,680.1,640.6,719.6,observed,landsat + modis
2018-06-07,2015-2024,718.6,677.4,759.9,observed,landsat + modis
2018-06-23,2015-2024,748.5,708,789.1,observed,landsat + modis
2018-07-09,2015-2024,759.8,711.2,808.4,observed,modis
2018-07-25,2015-2024,723.3,687.4,759.3,observed,landsat + modis
2018-08-10,2015-2024,672.6,637.9,707.4,observed,landsat + modis
2018-08-26,2015-2024,650.2,615.4,685,observed,landsat + modis
2018-09-11,2015-2024,513.2,478.1,548.2,observed,landsat + modis
2018-09-27,2015-2024,506.7,468.5,545,observed,landsat + modis
2018-10-13,2015-2024,365.4,322.8,407.9,observed,landsat + modis
2018-10-29,2015-2024,86.7,52.7,120.8,observed,landsat + modis
2018-11-14,2015-2024,47.7,13.9,81.5,observed,landsat + modis
2018-11-30,2015-2024,133,97.8,168.2,observed,landsat + modis
2018-12-16,2015-2024,494.4,432.7,556.1,observed,modis
2019-01-01,2015-2024,624.8,538.7,710.8,carried by the model,NA
2019-01-17,2015-2024,760.2,673,847.4,carried by the model,NA
2019-02-02,2015-2024,893.5,827.2,959.7,observed,modis
2019-02-18,2015-2024,1018.7,965.5,1071.9,observed,modis
2019-03-06,2015-2024,1165,1120.9,1209,observed,landsat + modis
2019-03-22,2015-2024,1172.6,1123.6,1221.6,observed,landsat + modis
2019-04-07,2015-2024,1152.2,1099.8,1204.5,observed,modis
2019-04-23,2015-2024,1137.4,1087.5,1187.3,observed,landsat + modis
2019-05-09,2015-2024,1118.7,1080.3,1157.2,observed,landsat + modis
2019-05-25,2015-2024,1130,1081,1179,observed,landsat + modis
2019-06-10,2015-2024,1115.3,1064.4,1166.2,observed,modis
2019-06-26,2015-2024,1103.6,1066,1141.2,observed,landsat + modis
2019-07-12,2015-2024,1092.2,1055.8,1128.5,observed,landsat + modis
2019-07-28,2015-2024,1087.5,1051.1,1123.9,observed,landsat + modis
2019-08-13,2015-2024,1093.7,1054.2,1133.1,observed,landsat + modis
2019-08-29,2015-2024,1077.5,1040.7,1114.2,observed,landsat + modis
2019-09-14,2015-2024,1051.4,1010.5,1092.4,observed,landsat + modis
2019-09-30,2015-2024,1040.8,1001.3,1080.3,observed,landsat + modis
2019-10-16,2015-2024,1012.4,975.6,1049.3,observed,landsat + modis
2019-11-01,2015-2024,1001.3,949.8,1052.8,observed,modis
2019-11-17,2015-2024,998.9,939.8,1057.9,observed,modis
2019-12-03,2015-2024,1016.5,957.9,1075.1,observed,modis
2019-12-19,2015-2024,1039.5,981.6,1097.4,observed,landsat + modis
2020-01-04,2015-2024,1071.6,1003.4,1139.8,observed,modis
2020-01-20,2015-2024,1085.6,1012.9,1158.3,observed,modis
2020-02-05,2015-2024,1100.7,1041.3,1160.1,observed,modis
2020-02-21,2015-2024,1097.1,1041.7,1152.5,observed,modis
2020-03-08,2015-2024,1088.9,1037.8,1140.1,observed,modis
2020-03-24,2015-2024,1073.1,1033.9,1112.3,observed,landsat + modis
2020-04-09,2015-2024,1079.1,1029.9,1128.3,observed,modis
2020-04-25,2015-2024,1063.8,1026.1,1101.4,observed,landsat + modis
2020-05-11,2015-2024,1075.5,1029.8,1121.2,observed,landsat + modis
2020-05-27,2015-2024,1077.5,1036,1119,observed,landsat + modis
2020-06-12,2015-2024,1083.6,1034.1,1133.1,observed,modis
2020-06-28,2015-2024,1075.9,1037.4,1114.3,observed,landsat + modis
2020-07-14,2015-2024,1071.2,1034.4,1108,observed,landsat + modis
2020-07-30,2015-2024,1075.5,1032.2,1118.7,observed,landsat + modis
2020-08-15,2015-2024,1071.4,1028.4,1114.4,observed,landsat + modis
2020-08-31,2015-2024,1050.9,1014.2,1087.7,observed,landsat + modis
2020-09-16,2015-2024,1039,998.1,1079.9,observed,landsat + modis
2020-10-02,2015-2024,1025.2,988.4,1062,observed,landsat + modis
2020-10-18,2015-2024,1018.4,976.4,1060.4,observed,landsat + modis
2020-11-03,2015-2024,999.9,953.1,1046.7,observed,landsat + modis
2020-11-19,2015-2024,982.1,944.3,1020,observed,landsat + modis
2020-12-05,2015-2024,966.1,920.2,1012,observed,landsat + modis
2020-12-21,2015-2024,1006.9,946.3,1067.5,observed,modis
2021-01-06,2015-2024,1037,963.7,1110.2,observed,modis
2021-01-22,2015-2024,1046.7,974.8,1118.6,observed,modis
2021-02-07,2015-2024,1059.5,972.8,1146.2,carried by the model,NA
2021-02-23,2015-2024,1070.3,990.7,1149.8,observed,modis
2021-03-11,2015-2024,1056.3,998.5,1114,observed,modis
2021-03-27,2015-2024,1043.7,990.8,1096.7,observed,modis
2021-04-12,2015-2024,1043.1,990.6,1095.5,observed,modis
2021-04-28,2015-2024,1041.5,989.9,1093.2,observed,modis
2021-05-14,2015-2024,1031.4,983.8,1079.1,observed,landsat + modis
2021-05-30,2015-2024,1020.8,982.2,1059.4,observed,landsat + modis
2021-06-15,2015-2024,992.6,952.9,1032.3,observed,landsat + modis
2021-07-01,2015-2024,1008.6,969.8,1047.4,observed,landsat + modis
2021-07-17,2015-2024,1030.8,984.1,1077.6,observed,landsat + modis
2021-08-02,2015-2024,1017,979.8,1054.3,observed,landsat + modis
2021-08-18,2015-2024,1018,981.3,1054.8,observed,landsat + modis
2021-09-03,2015-2024,1016.4,966.2,1066.7,observed,modis
2021-09-19,2015-2024,1011.2,960.8,1061.6,observed,modis
2021-10-05,2015-2024,1009.1,969.5,1048.7,observed,landsat + modis
2021-10-21,2015-2024,989.4,946.7,1032.1,observed,landsat + modis
2021-11-06,2015-2024,965.6,929.5,1001.7,observed,landsat + modis
2021-11-22,2015-2024,949.5,913.4,985.6,observed,landsat + modis
2021-12-08,2015-2024,906,870.1,941.9,observed,landsat + modis
2021-12-24,2015-2024,897.4,855.4,939.4,observed,landsat + modis
2022-01-09,2015-2024,969.3,913.9,1024.7,observed,modis
2022-01-25,2015-2024,1018,961.9,1074,observed,modis
2022-02-10,2015-2024,1040,967.6,1112.4,carried by the model,NA
2022-02-26,2015-2024,1063.8,1010.7,1116.8,observed,landsat + modis
2022-03-14,2015-2024,1118.4,1057.1,1179.7,observed,modis
2022-03-30,2015-2024,1131.3,1062.7,1199.9,observed,modis
2022-04-15,2015-2024,1123.3,1065.8,1180.7,observed,modis
2022-05-01,2015-2024,1101.7,1064.2,1139.2,observed,landsat + modis
2022-05-17,2015-2024,1118.7,1076.7,1160.6,observed,landsat + modis
2022-06-02,2015-2024,1131.9,1083.7,1180.1,observed,landsat + modis
2022-06-18,2015-2024,1139.3,1081.3,1197.2,observed,modis
2022-07-04,2015-2024,1117.8,1079.5,1156.2,observed,landsat + modis
2022-07-20,2015-2024,1119.9,1079.3,1160.4,observed,landsat + modis
2022-08-05,2015-2024,1104.2,1067.7,1140.8,observed,landsat + modis
2022-08-21,2015-2024,1103.2,1066.7,1139.8,observed,landsat + modis
2022-09-06,2015-2024,1096.1,1059.7,1132.6,observed,landsat + modis
2022-09-22,2015-2024,1087.8,1050.8,1124.9,observed,landsat + modis
2022-10-08,2015-2024,1082.7,1040.7,1124.6,observed,landsat + modis
2022-10-24,2015-2024,1061.9,1024.8,1098.9,observed,landsat + modis
2022-11-09,2015-2024,1047.5,1001.8,1093.2,observed,landsat + modis
2022-11-25,2015-2024,1041.8,1004,1079.6,observed,landsat + modis
2022-12-11,2015-2024,1074.9,1018.4,1131.4,observed,landsat + modis
2022-12-27,2015-2024,1107.5,1063,1152,observed,landsat + modis
2023-01-12,2015-2024,1164.4,1100.8,1228,observed,modis
2023-01-28,2015-2024,1216.6,1144.9,1288.2,carried by the model,NA
2023-02-13,2015-2024,1286.2,1244.1,1328.4,observed,landsat + modis
2023-03-01,2015-2024,1539.8,1466.6,1613,carried by the model,NA
2023-03-17,2015-2024,1793.6,1724.9,1862.3,observed,modis
2023-04-02,2015-2024,1941.9,1881.5,2002.4,observed,landsat + modis
2023-04-18,2015-2024,2005.7,1952.6,2058.7,observed,landsat + modis
2023-05-04,2015-2024,2000.4,1954.9,2045.8,observed,landsat + modis
2023-05-20,2015-2024,1993.6,1951.4,2035.8,observed,landsat + modis
2023-06-05,2015-2024,1991.4,1949.8,2033,observed,landsat + modis
2023-06-21,2015-2024,1989.3,1946.6,2031.9,observed,landsat + modis
2023-07-07,2015-2024,2000.7,1958.1,2043.2,observed,landsat + modis
2023-07-23,2015-2024,2010.5,1968.6,2052.5,observed,landsat + modis
2023-08-08,2015-2024,2007.9,1961.7,2054.1,observed,landsat + modis
2023-08-24,2015-2024,1999.9,1956.2,2043.6,observed,landsat + modis
2023-09-09,2015-2024,1998,1955.8,2040.1,observed,landsat + modis
2023-09-25,2015-2024,1982.3,1929.6,2035.1,observed,modis
2023-10-11,2015-2024,1955.5,1909.8,2001.1,observed,landsat + modis
2023-10-27,2015-2024,1958.2,1916,2000.5,observed,landsat + modis
2023-11-12,2015-2024,1969.2,1926.5,2011.9,observed,landsat + modis
2023-11-28,2015-2024,1979.8,1922.4,2037.2,observed,landsat + modis
2023-12-14,2015-2024,1985.5,1908.3,2062.6,observed,landsat + modis
2023-12-30,2015-2024,1991.2,1908.2,2074.2,carried by the model,NA
2024-01-15,2015-2024,1997.6,1933.4,2061.8,observed,modis
2024-01-31,2015-2024,2000.4,1938,2062.7,observed,modis
2024-02-16,2015-2024,1991.8,1929.4,2054.2,observed,landsat + modis
2024-03-03,2015-2024,1991.3,1932.9,2049.6,observed,landsat + modis
2024-03-19,2015-2024,1985.7,1922,2049.5,observed,modis
2024-04-04,2015-2024,1982.8,1923.3,2042.3,observed,modis
2024-04-20,2015-2024,1979.3,1923.9,2034.8,observed,modis
2024-05-06,2015-2024,1972.3,1925.9,2018.7,observed,landsat + modis
2024-05-22,2015-2024,1958.8,1913,2004.5,observed,landsat + modis
2024-06-07,2015-2024,1950,1907.4,1992.6,observed,landsat + modis
2024-06-23,2015-2024,1943.8,1888.9,1998.7,observed,modis
2024-07-09,2015-2024,1938.2,1895.9,1980.6,observed,landsat + modis
2024-07-25,2015-2024,1932.4,1890.7,1974,observed,landsat + modis
2024-08-10,2015-2024,1930.1,1889.3,1970.9,observed,landsat + modis
2024-08-26,2015-2024,1923.2,1882.3,1964.2,observed,landsat + modis
2024-09-11,2015-2024,1913.4,1872.7,1954,observed,landsat + modis
2024-09-27,2015-2024,1899.8,1857.9,1941.7,observed,landsat + modis
2024-10-13,2015-2024,1875.5,1830.4,1920.6,observed,landsat + modis
2024-10-29,2015-2024,1862.8,1818,1907.6,observed,landsat + modis
2024-11-14,2015-2024,1871.4,1826.3,1916.4,observed,landsat + modis
2024-11-30,2015-2024,1858.5,1802.1,1915,observed,modis
2024-12-16,2015-2024,1829.9,1755.3,1904.5,observed,landsat + modis
