photo,capture_id,session_id,is_canonical,datetime,date,timestamp_source,modify_time,modify_differs,clock_reset,scanned,filename_date_hint,make,model,software,width,height,has_gps,gps_block_only,site_hint,cover_hint
20120423_194014.jpg,122,,True,2012-04-23 19:40:13,2012-04-23,DateTimeOriginal,2012-06-19 19:06:10,True,False,False,,SAMSUNG,GT-P6210,P6210UEKL1,1024,768,False,False,,
20120423_194025.jpg,123,,True,2012-04-23 19:40:24,2012-04-23,DateTimeOriginal,2012-06-19 19:06:11,True,False,False,,SAMSUNG,GT-P6210,P6210UEKL1,1024,768,False,False,,
20120423_194036.jpg,124,,True,2012-04-23 19:40:36,2012-04-23,DateTimeOriginal,2012-06-19 19:06:12,True,False,False,,SAMSUNG,GT-P6210,P6210UEKL1,1024,768,False,False,,
20120423_194048.jpg,125,,True,2012-04-23 19:40:47,2012-04-23,DateTimeOriginal,2012-06-19 19:06:12,True,False,False,,SAMSUNG,GT-P6210,P6210UEKL1,768,1024,False,False,,
20120423_194058.jpg,126,,True,2012-04-23 19:40:58,2012-04-23,DateTimeOriginal,2012-06-19 19:06:12,True,False,False,,SAMSUNG,GT-P6210,P6210UEKL1,1024,768,False,False,,
20120429_091523.jpg,127,,True,2012-04-29 09:15:23,2012-04-29,DateTimeOriginal,2012-06-19 19:06:13,True,False,False,,SAMSUNG,GT-P6210,P6210UEKL1,1024,768,False,False,,
20120505_120351.jpg,128,,True,2012-05-05 12:03:50,2012-05-05,DateTimeOriginal,2012-06-19 19:06:14,True,False,False,,SAMSUNG,GT-P6210,P6210UEKL1,1024,768,False,False,,
20120519_125615.jpg,129,,True,2012-05-19 12:56:14,2012-05-19,DateTimeOriginal,2012-06-19 19:06:15,True,False,False,,SAMSUNG,GT-P6210,Picasa,1024,164,False,False,,
20120519_130454.jpg,130,,True,2012-05-19 13:04:54,2012-05-19,DateTimeOriginal,2012-06-19 19:06:15,True,False,False,,SAMSUNG,GT-P6210,P6210UEKL1,1024,768,False,False,,
20120519_130705.jpg,131,,True,2012-05-19 13:07:04,2012-05-19,DateTimeOriginal,2012-06-19 19:06:17,True,False,False,,SAMSUNG,GT-P6210,P6210UEKL1,1024,768,False,False,,
20120519_130714.jpg,132,,True,2012-05-19 13:07:14,2012-05-19,DateTimeOriginal,2012-06-19 19:06:18,True,False,False,,SAMSUNG,GT-P6210,P6210UEKL1,1024,768,False,False,,
20120519_131158.jpg,133,,True,2012-05-19 13:11:58,2012-05-19,DateTimeOriginal,2012-06-19 19:06:20,True,False,False,,SAMSUNG,GT-P6210,P6210UEKL1,1024,768,False,False,,
20120519_131237.jpg,134,,True,2012-05-19 13:12:37,2012-05-19,DateTimeOriginal,2012-06-19 19:06:22,True,False,False,,SAMSUNG,GT-P6210,Picasa,1024,506,False,False,,
20120519_131336.jpg,135,,True,2012-05-19 13:13:35,2012-05-19,DateTimeOriginal,2012-06-19 19:06:23,True,False,False,,SAMSUNG,GT-P6210,Picasa,1024,356,False,False,,
20120519_132245.jpg,137,,True,2012-05-19 13:22:44,2012-05-19,DateTimeOriginal,2012-06-19 19:06:29,True,False,False,,SAMSUNG,GT-P6210,P6210UEKL1,1024,768,False,False,,
20120519_132343.jpg,138,,True,2012-05-19 13:23:42,2012-05-19,DateTimeOriginal,2012-06-19 19:06:30,True,False,False,,SAMSUNG,GT-P6210,P6210UEKL1,1024,768,False,False,,
20120519_132530.jpg,139,,True,2012-05-19 13:25:29,2012-05-19,DateTimeOriginal,2012-06-19 19:06:30,True,False,False,,SAMSUNG,GT-P6210,P6210UEKL1,1024,768,False,False,,
20120519_132558.jpg,140,,True,2012-05-19 13:25:57,2012-05-19,DateTimeOriginal,2012-06-19 19:06:30,True,False,False,,SAMSUNG,GT-P6210,P6210UEKL1,768,1024,False,False,,
20120519_132616.jpg,141,,True,2012-05-19 13:26:15,2012-05-19,DateTimeOriginal,2012-06-19 19:06:33,True,False,False,,SAMSUNG,GT-P6210,P6210UEKL1,1024,768,False,False,,
20120519_140316.jpg,142,,True,2012-05-19 14:03:15,2012-05-19,DateTimeOriginal,2012-06-19 19:06:34,True,False,False,,SAMSUNG,GT-P6210,P6210UEKL1,768,1024,False,False,,
20120519_140323.jpg,143,,True,2012-05-19 14:03:22,2012-05-19,DateTimeOriginal,2012-06-19 19:06:34,True,False,False,,SAMSUNG,GT-P6210,P6210UEKL1,768,1024,False,False,,
20120519_140326.jpg,144,,True,2012-05-19 14:03:26,2012-05-19,DateTimeOriginal,2012-06-19 19:06:34,True,False,False,,SAMSUNG,GT-P6210,P6210UEKL1,768,1024,False,False,,
20120519_140339.jpg,145,,True,2012-05-19 14:03:39,2012-05-19,DateTimeOriginal,2012-06-19 19:06:35,True,False,False,,SAMSUNG,GT-P6210,P6210UEKL1,768,1024,False,False,,
20120519_140349.jpg,146,,True,2012-05-19 14:03:48,2012-05-19,DateTimeOriginal,2012-06-19 19:06:36,True,False,False,,SAMSUNG,GT-P6210,P6210UEKL1,768,1024,False,False,,
20120519_140418.jpg,147,,True,2012-05-19 14:04:17,2012-05-19,DateTimeOriginal,2012-06-19 19:06:36,True,False,False,,SAMSUNG,GT-P6210,P6210UEKL1,1024,768,False,False,,
20120519_141919.jpg,148,,True,2012-05-19 14:19:18,2012-05-19,DateTimeOriginal,2012-06-19 19:06:36,True,False,False,,SAMSUNG,GT-P6210,P6210UEKL1,1024,768,False,False,,
Boatman.jpg,136,,True,2012-05-19 13:18:53,2012-05-19,DateTimeOriginal,2012-06-19 19:06:23,True,False,False,,SAMSUNG,GT-P6210,P6210UEKL1,768,1024,False,False,,open water
Boatman1.jpg,136,,False,2012-05-19 13:18:53,2012-05-19,DateTimeOriginal,2012-06-19 19:06:27,True,False,False,,SAMSUNG,GT-P6210,Adobe Photoshop CS5 Windows,759,1024,False,False,,open water
Boatman2.jpg,136,,False,2012-05-19 13:18:53,2012-05-19,DateTimeOriginal,2012-06-19 19:06:38,True,False,False,,SAMSUNG,GT-P6210,Adobe Photoshop CS5 Windows,768,1024,False,False,,open water
CIMG1312.JPG,1,,True,2011-01-01 00:18:28,2011-01-01,DateTimeOriginal,2011-01-01 00:18:28,False,True,False,,"CASIO COMPUTER CO.,LTD.",EX-Z1000,1.01,3648,2736,False,False,,
CIMG1316.JPG,2,,True,2011-01-01 01:14:06,2011-01-01,DateTimeOriginal,2011-01-01 01:14:06,False,True,False,,"CASIO COMPUTER CO.,LTD.",EX-Z1000,1.01,3648,2736,False,False,,
CIMG1317.JPG,3,,True,2011-01-01 01:20:21,2011-01-01,DateTimeOriginal,2011-01-01 01:20:21,False,True,False,,"CASIO COMPUTER CO.,LTD.",EX-Z1000,1.01,3648,2736,False,False,,
CIMG1323.JPG,4,,True,2011-01-01 01:58:11,2011-01-01,DateTimeOriginal,2011-01-01 01:58:11,False,True,False,,"CASIO COMPUTER CO.,LTD.",EX-Z1000,1.01,3648,2736,False,False,,
CIMG1325.JPG,5,,True,2011-01-01 01:58:20,2011-01-01,DateTimeOriginal,2011-01-01 01:58:20,False,True,False,,"CASIO COMPUTER CO.,LTD.",EX-Z1000,1.01,3648,2736,False,False,,
CIMG1326-001.JPG,6,,True,2011-01-01 01:58:29,2011-01-01,DateTimeOriginal,2012-06-19 19:00:52,True,True,False,,"CASIO COMPUTER CO.,LTD.",EX-Z1000,1.01,1024,768,False,False,,
CIMG1329.JPG,7,,False,2011-01-01 01:58:50,2011-01-01,DateTimeOriginal,2011-01-01 01:58:50,False,True,False,,"CASIO COMPUTER CO.,LTD.",EX-Z1000,1.01,3648,2736,False,False,,
CIMG1333 (1).JPG,8,,False,2011-01-01 03:31:30,2011-01-01,DateTimeOriginal,2012-06-19 18:54:05,True,True,False,,"CASIO COMPUTER CO.,LTD.",EX-Z1000,1.01,3648,2736,False,False,,
CIMG1333.JPG,8,,True,2011-01-01 03:31:30,2011-01-01,DateTimeOriginal,2012-06-19 18:54:05,True,True,False,,"CASIO COMPUTER CO.,LTD.",EX-Z1000,1.01,3648,2736,False,False,,
CIMG1339.JPG,9,,False,2011-01-01 03:32:43,2011-01-01,DateTimeOriginal,2012-06-19 18:54:08,True,True,False,,"CASIO COMPUTER CO.,LTD.",EX-Z1000,1.01,3648,2736,False,False,,
CIMG1340.JPG,10,,True,2011-01-01 03:32:49,2011-01-01,DateTimeOriginal,2011-01-01 03:32:49,False,True,False,,"CASIO COMPUTER CO.,LTD.",EX-Z1000,1.01,3648,2736,False,False,,
CIMG1341.JPG,11,,True,2011-01-01 03:32:52,2011-01-01,DateTimeOriginal,2011-01-01 03:32:52,False,True,False,,"CASIO COMPUTER CO.,LTD.",EX-Z1000,1.01,3648,2736,False,False,,
CIMG1348.JPG,12,,True,2011-01-01 06:48:32,2011-01-01,DateTimeOriginal,2011-01-01 06:48:32,False,True,False,,"CASIO COMPUTER CO.,LTD.",EX-Z1000,1.01,3648,2736,False,False,,
CIMG1362-001.jpg,14,,True,2011-01-10 22:39:57,2011-01-10,DateTimeOriginal,2012-06-19 19:00:59,True,True,False,,"CASIO COMPUTER CO.,LTD.",EX-Z1000,1.01,1024,768,False,False,,
CIMG1364-001 (1).jpg,15,,False,2011-01-10 22:41:42,2011-01-10,DateTimeOriginal,2012-06-19 19:00:59,True,True,False,,"CASIO COMPUTER CO.,LTD.",EX-Z1000,1.01,1024,768,False,False,,
CIMG1364-001.jpg,15,,True,2011-01-10 22:41:42,2011-01-10,DateTimeOriginal,2012-06-19 19:00:59,True,True,False,,"CASIO COMPUTER CO.,LTD.",EX-Z1000,1.01,1024,768,False,False,,
CIMG1368-001.jpg,16,,True,2011-01-11 04:44:27,2011-01-11,DateTimeOriginal,2012-06-19 19:01:01,True,True,False,,"CASIO COMPUTER CO.,LTD.",EX-Z1000,1.01,1024,768,False,False,,
CIMG1804-001.jpg,29,,False,2012-02-22 08:54:07,2012-02-22,DateTimeOriginal,2012-06-19 19:01:10,True,False,False,,"CASIO COMPUTER CO.,LTD.",EX-Z1000,1.01,768,1024,False,False,,
CIMG1808-001.jpg,30,,True,2012-02-22 09:41:57,2012-02-22,DateTimeOriginal,2012-06-19 19:01:14,True,False,False,,"CASIO COMPUTER CO.,LTD.",EX-Z1000,Adobe Photoshop CS5 Windows,1024,586,False,False,,
CIMG1809-001.jpg,31,,True,2012-02-22 09:42:17,2012-02-22,DateTimeOriginal,2012-06-19 19:01:15,True,False,False,,"CASIO COMPUTER CO.,LTD.",EX-Z1000,1.01,1024,768,False,False,,
CIMG1816 2.JPG,32,,False,2012-02-22 10:25:45,2012-02-22,DateTimeOriginal,2012-02-22 10:25:45,False,False,False,,"CASIO COMPUTER CO.,LTD.",EX-Z1000,1.01,3648,2736,False,False,,
CIMG1816-001(1).jpg,32,,False,2012-02-22 10:25:45,2012-02-22,DateTimeOriginal,2012-06-19 19:01:18,True,False,False,,"CASIO COMPUTER CO.,LTD.",EX-Z1000,1.01,1024,768,False,False,,
CIMG1816-001(2).jpg,32,,False,2012-02-22 10:25:45,2012-02-22,DateTimeOriginal,2012-06-19 19:01:18,True,False,False,,"CASIO COMPUTER CO.,LTD.",EX-Z1000,1.01,1024,768,False,False,,
CIMG1816-001.jpg,32,,False,2012-02-22 10:25:45,2012-02-22,DateTimeOriginal,2012-06-19 19:01:18,True,False,False,,"CASIO COMPUTER CO.,LTD.",EX-Z1000,1.01,1024,768,False,False,,
CIMG1816.jpg,32,,True,2012-02-22 10:25:45,2012-02-22,DateTimeOriginal,2012-06-19 18:54:56,True,False,False,,"CASIO COMPUTER CO.,LTD.",EX-Z1000,1.01,3648,2736,False,False,,
CIMG1817 2.JPG,33,,True,2012-02-22 10:25:53,2012-02-22,DateTimeOriginal,2012-02-22 10:25:53,False,False,False,,"CASIO COMPUTER CO.,LTD.",EX-Z1000,1.01,3648,2736,False,False,,
CIMG1821-001.jpg,34,,True,2012-02-22 11:25:37,2012-02-22,DateTimeOriginal,2012-06-19 19:01:19,True,False,False,,"CASIO COMPUTER CO.,LTD.",EX-Z1000,1.01,1024,768,False,False,,
CIMG1824-001 (1).jpg,35,,False,2012-02-22 11:26:44,2012-02-22,DateTimeOriginal,2012-06-19 19:01:20,True,False,False,,"CASIO COMPUTER CO.,LTD.",EX-Z1000,1.01,1024,768,False,False,,
CIMG1824-001.jpg,35,,True,2012-02-22 11:26:44,2012-02-22,DateTimeOriginal,2012-06-19 19:01:20,True,False,False,,"CASIO COMPUTER CO.,LTD.",EX-Z1000,1.01,1024,768,False,False,,
CIMG1827.jpg,36,,True,2012-02-22 11:31:13,2012-02-22,DateTimeOriginal,2012-06-19 18:55:05,True,False,False,,"CASIO COMPUTER CO.,LTD.",EX-Z1000,1.01,3648,2736,False,False,,
CIMG1832-001.jpg,37,,True,2012-02-22 13:12:39,2012-02-22,DateTimeOriginal,2012-06-19 19:01:21,True,False,False,,"CASIO COMPUTER CO.,LTD.",EX-Z1000,1.01,1024,768,False,False,,
CIMG1834-001.jpg,38,,True,2012-02-22 13:12:59,2012-02-22,DateTimeOriginal,2012-06-19 19:01:23,True,False,False,,"CASIO COMPUTER CO.,LTD.",EX-Z1000,1.01,1024,768,False,False,,
CIMG1835-001.jpg,39,,True,2012-02-22 13:13:06,2012-02-22,DateTimeOriginal,2012-06-19 19:01:23,True,False,False,,"CASIO COMPUTER CO.,LTD.",EX-Z1000,1.01,1024,768,False,False,,
CIMG1836 (1).jpg,40,,False,2012-02-22 13:13:11,2012-02-22,DateTimeOriginal,2012-06-19 18:55:12,True,False,False,,"CASIO COMPUTER CO.,LTD.",EX-Z1000,1.01,3648,2736,False,False,,
CIMG1836.jpg,40,,True,2012-02-22 13:13:11,2012-02-22,DateTimeOriginal,2012-06-19 18:55:12,True,False,False,,"CASIO COMPUTER CO.,LTD.",EX-Z1000,1.01,3648,2736,False,False,,
CIMG1838-001.jpg,41,,True,2012-02-22 14:57:03,2012-02-22,DateTimeOriginal,2012-06-19 19:01:24,True,False,False,,"CASIO COMPUTER CO.,LTD.",EX-Z1000,1.01,1024,768,False,False,,
CIMG1842-001.jpg,42,,True,2012-02-22 15:01:26,2012-02-22,DateTimeOriginal,2012-06-19 19:01:25,True,False,False,,"CASIO COMPUTER CO.,LTD.",EX-Z1000,1.01,1024,768,False,False,,
CIMG1843-001.jpg,43,,True,2012-02-22 15:01:35,2012-02-22,DateTimeOriginal,2012-06-19 19:01:26,True,False,False,,"CASIO COMPUTER CO.,LTD.",EX-Z1000,1.01,1024,768,False,False,,
CIMG1844-001 (2).jpg,44,,False,2012-02-22 15:01:42,2012-02-22,DateTimeOriginal,2012-06-19 19:01:26,True,False,False,,"CASIO COMPUTER CO.,LTD.",EX-Z1000,1.01,1024,768,False,False,,
CIMG1844-001(1).jpg,44,,False,2012-02-22 15:01:42,2012-02-22,DateTimeOriginal,2012-06-19 19:01:26,True,False,False,,"CASIO COMPUTER CO.,LTD.",EX-Z1000,1.01,1024,768,False,False,,
CIMG1844-001.jpg,44,,False,2012-02-22 15:01:42,2012-02-22,DateTimeOriginal,2012-06-19 19:01:26,True,False,False,,"CASIO COMPUTER CO.,LTD.",EX-Z1000,1.01,1024,768,False,False,,
CIMG1844.jpg,44,,True,2012-02-22 15:01:42,2012-02-22,DateTimeOriginal,2012-06-19 18:55:19,True,False,False,,"CASIO COMPUTER CO.,LTD.",EX-Z1000,1.01,3648,2736,False,False,,
CIMG1845 2.JPG,45,,True,2012-02-22 15:01:47,2012-02-22,DateTimeOriginal,2012-02-22 15:01:47,False,False,False,,"CASIO COMPUTER CO.,LTD.",EX-Z1000,1.01,3648,2736,False,False,,
CIMG1846-001.jpg,46,,False,2012-02-22 15:01:53,2012-02-22,DateTimeOriginal,2012-06-19 19:01:27,True,False,False,,"CASIO COMPUTER CO.,LTD.",EX-Z1000,1.01,1024,684,False,False,,
CIMG1846.jpg,46,,True,2012-02-22 15:01:53,2012-02-22,DateTimeOriginal,2012-06-19 18:55:23,True,False,False,,"CASIO COMPUTER CO.,LTD.",EX-Z1000,1.01,3202,2137,False,False,,
CIMG1847 2.JPG,47,,False,2012-02-22 16:48:33,2012-02-22,DateTimeOriginal,2012-02-22 16:48:33,False,False,False,,"CASIO COMPUTER CO.,LTD.",EX-Z1000,1.01,3648,2736,False,False,,
CIMG1847-001.jpg,47,,False,2012-02-22 16:48:33,2012-02-22,DateTimeOriginal,2012-06-19 19:01:27,True,False,False,,"CASIO COMPUTER CO.,LTD.",EX-Z1000,1.01,1024,768,False,False,,
CIMG1847.jpg,47,,True,2012-02-22 16:48:33,2012-02-22,DateTimeOriginal,2012-06-19 18:55:23,True,False,False,,"CASIO COMPUTER CO.,LTD.",EX-Z1000,1.01,3648,2736,False,False,,
CIMG1848 2.JPG,48,,True,2012-02-22 16:48:39,2012-02-22,DateTimeOriginal,2012-02-22 16:48:39,False,False,False,,"CASIO COMPUTER CO.,LTD.",EX-Z1000,1.01,3648,2736,False,False,,
CIMG1857.jpg,49,,True,2012-02-22 16:55:23,2012-02-22,DateTimeOriginal,2012-06-19 18:55:28,True,False,False,,"CASIO COMPUTER CO.,LTD.",EX-Z1000,1.01,3648,2736,False,False,,
CIMG1858.jpg,50,,True,2012-02-22 16:56:32,2012-02-22,DateTimeOriginal,2012-06-19 18:55:30,True,False,False,,"CASIO COMPUTER CO.,LTD.",EX-Z1000,1.01,3648,2736,False,False,,
CIMG1866.jpg,51,,True,2012-02-22 17:48:42,2012-02-22,DateTimeOriginal,2012-06-19 18:55:35,True,False,False,,"CASIO COMPUTER CO.,LTD.",EX-Z1000,1.01,3648,2736,False,False,,
CIMG1882.JPG,52,,True,2012-02-25 07:51:29,2012-02-25,DateTimeOriginal,2012-02-25 07:51:29,False,False,False,,"CASIO COMPUTER CO.,LTD.",EX-Z1000,1.01,3648,2736,False,False,,
CIMG1901(1).JPG,53,,False,2012-02-28 14:34:31,2012-02-28,DateTimeOriginal,2012-02-28 14:34:31,False,False,False,,"CASIO COMPUTER CO.,LTD.",EX-Z1000,1.01,3648,2736,False,False,,
CIMG1901.JPG,53,,True,2012-02-28 14:34:31,2012-02-28,DateTimeOriginal,2012-02-28 14:34:31,False,False,False,,"CASIO COMPUTER CO.,LTD.",EX-Z1000,1.01,3648,2736,False,False,,
CIMG1902.JPG,54,,True,2012-02-28 14:34:42,2012-02-28,DateTimeOriginal,2012-02-28 14:34:42,False,False,False,,"CASIO COMPUTER CO.,LTD.",EX-Z1000,1.01,3648,2736,False,False,,
CIMG1954-001(1).jpg,55,,False,2012-03-21 01:37:00,2012-03-21,DateTimeOriginal,2012-06-19 19:01:34,True,False,False,,"CASIO COMPUTER CO.,LTD.",EX-Z1000,1.01,1024,768,False,False,,
CIMG1954-001.jpg,55,,True,2012-03-21 01:37:00,2012-03-21,DateTimeOriginal,2012-06-19 19:01:34,True,False,False,,"CASIO COMPUTER CO.,LTD.",EX-Z1000,1.01,1024,768,False,False,,
CIMG1965.jpg,56,,True,2012-03-21 04:50:55,2012-03-21,DateTimeOriginal,2012-06-19 18:55:59,True,False,False,,"CASIO COMPUTER CO.,LTD.",EX-Z1000,1.01,2736,3648,False,False,,
CIMG1966-001.jpg,57,,True,2012-03-21 04:51:36,2012-03-21,DateTimeOriginal,2012-06-19 19:01:38,True,False,False,,"CASIO COMPUTER CO.,LTD.",EX-Z1000,1.01,1024,768,False,False,,
CIMG1999-001.jpg,58,,True,2012-03-27 23:52:29,2012-03-27,DateTimeOriginal,2012-06-19 19:01:40,True,False,False,,"CASIO COMPUTER CO.,LTD.",EX-Z1000,1.01,768,1024,False,False,,
CIMG2005-001.jpg,59,,True,2012-03-27 23:58:59,2012-03-27,DateTimeOriginal,2012-06-19 19:01:42,True,False,False,,"CASIO COMPUTER CO.,LTD.",EX-Z1000,1.01,768,1024,False,False,,
CIMG2006-001.jpg,60,,True,2012-03-27 23:59:32,2012-03-27,DateTimeOriginal,2012-06-19 19:01:42,True,False,False,,"CASIO COMPUTER CO.,LTD.",EX-Z1000,1.01,1024,768,False,False,,
CIMG2007-001.jpg,61,,True,2012-03-28 00:10:21,2012-03-28,DateTimeOriginal,2012-06-19 19:01:43,True,False,False,,"CASIO COMPUTER CO.,LTD.",EX-Z1000,1.01,1024,768,False,False,,
CIMG2008.JPG,62,,True,2012-03-28 00:10:29,2012-03-28,DateTimeOriginal,2012-03-28 00:10:29,False,False,False,,"CASIO COMPUTER CO.,LTD.",EX-Z1000,1.01,2736,3648,False,False,,
CIMG2013-001.jpg,63,,True,2012-03-28 00:24:19,2012-03-28,DateTimeOriginal,2012-06-19 19:01:43,True,False,False,,"CASIO COMPUTER CO.,LTD.",EX-Z1000,1.01,1024,768,False,False,,
CIMG2021-001.jpg,65,,True,2012-03-28 00:43:29,2012-03-28,DateTimeOriginal,2012-06-19 19:01:46,True,False,False,,"CASIO COMPUTER CO.,LTD.",EX-Z1000,1.01,1024,768,False,False,,
CIMG2027.JPG,66,,True,2012-03-28 00:47:21,2012-03-28,DateTimeOriginal,2012-03-28 00:47:21,False,False,False,,"CASIO COMPUTER CO.,LTD.",EX-Z1000,1.01,3648,2736,False,False,,
CIMG2029.jpg,67,,True,2012-03-28 00:47:54,2012-03-28,DateTimeOriginal,2012-06-19 18:56:30,True,False,False,,"CASIO COMPUTER CO.,LTD.",EX-Z1000,1.01,2736,3648,False,False,,
CIMG2031.JPG,68,,True,2012-03-28 00:48:14,2012-03-28,DateTimeOriginal,2012-03-28 00:48:14,False,False,False,,"CASIO COMPUTER CO.,LTD.",EX-Z1000,1.01,3648,2736,False,False,,
CIMG2032-001.jpg,69,,True,2012-03-28 00:49:17,2012-03-28,DateTimeOriginal,2012-06-19 19:01:48,True,False,False,,"CASIO COMPUTER CO.,LTD.",EX-Z1000,1.01,1024,768,False,False,,
CIMG2033.JPG,70,,True,2012-03-28 00:53:39,2012-03-28,DateTimeOriginal,2012-03-28 00:53:39,False,False,False,,"CASIO COMPUTER CO.,LTD.",EX-Z1000,1.01,3648,2736,False,False,,
CIMG2036.JPG,71,,True,2012-03-28 00:57:42,2012-03-28,DateTimeOriginal,2012-03-28 00:57:42,False,False,False,,"CASIO COMPUTER CO.,LTD.",EX-Z1000,1.01,3648,2736,False,False,,
CIMG2037.JPG,72,,True,2012-03-28 01:00:51,2012-03-28,DateTimeOriginal,2012-03-28 01:00:51,False,False,False,,"CASIO COMPUTER CO.,LTD.",EX-Z1000,1.01,3648,2736,False,False,,
CIMG2039.JPG,73,,True,2012-03-28 01:02:34,2012-03-28,DateTimeOriginal,2012-03-28 01:02:34,False,False,False,,"CASIO COMPUTER CO.,LTD.",EX-Z1000,1.01,3648,2736,False,False,,
CIMG2043-001.jpg,74,,True,2012-03-28 01:05:11,2012-03-28,DateTimeOriginal,2012-06-19 19:01:48,True,False,False,,"CASIO COMPUTER CO.,LTD.",EX-Z1000,1.01,1024,768,False,False,,
CIMG2047-001.jpg,75,,True,2012-03-28 01:07:04,2012-03-28,DateTimeOriginal,2012-06-19 19:01:49,True,False,False,,"CASIO COMPUTER CO.,LTD.",EX-Z1000,1.01,768,1024,False,False,,
CIMG2055-001.jpg,76,,True,2012-03-28 01:11:18,2012-03-28,DateTimeOriginal,2012-06-19 19:01:51,True,False,False,,"CASIO COMPUTER CO.,LTD.",EX-Z1000,1.01,1024,768,False,False,,
CIMG2057.jpg,77,,True,2012-03-28 01:11:32,2012-03-28,DateTimeOriginal,2012-06-19 18:56:42,True,False,False,,"CASIO COMPUTER CO.,LTD.",EX-Z1000,1.01,3648,2736,False,False,,
CIMG2068.jpg,78,,True,2012-03-28 01:28:27,2012-03-28,DateTimeOriginal,2012-06-19 18:56:47,True,False,False,,"CASIO COMPUTER CO.,LTD.",EX-Z1000,1.01,3648,2736,False,False,,
CIMG2070-001.jpg,79,,True,2012-03-28 01:58:07,2012-03-28,DateTimeOriginal,2012-06-19 19:01:53,True,False,False,,"CASIO COMPUTER CO.,LTD.",EX-Z1000,1.01,1024,768,False,False,,
CIMG2071-001.jpg,80,,True,2012-03-28 02:12:22,2012-03-28,DateTimeOriginal,2012-06-19 19:01:53,True,False,False,,"CASIO COMPUTER CO.,LTD.",EX-Z1000,1.01,1024,768,False,False,,
CIMG2076-001.jpg,81,,True,2012-03-28 02:13:57,2012-03-28,DateTimeOriginal,2012-06-19 19:01:55,True,False,False,,"CASIO COMPUTER CO.,LTD.",EX-Z1000,1.01,1024,768,False,False,,
CIMG2080.jpg,82,,True,2012-03-28 02:16:25,2012-03-28,DateTimeOriginal,2012-06-19 18:56:55,True,False,False,,"CASIO COMPUTER CO.,LTD.",EX-Z1000,1.01,3648,2736,False,False,,
CIMG2085.JPG,83,,True,2012-03-28 02:23:36,2012-03-28,DateTimeOriginal,2012-03-28 02:23:36,False,False,False,,"CASIO COMPUTER CO.,LTD.",EX-Z1000,1.01,3648,2736,False,False,,
CIMG2086.JPG,84,,True,2012-03-28 02:23:49,2012-03-28,DateTimeOriginal,2012-03-28 02:23:49,False,False,False,,"CASIO COMPUTER CO.,LTD.",EX-Z1000,1.01,3648,2736,False,False,,
CIMG2089-001.jpg,85,,True,2012-03-28 02:29:29,2012-03-28,DateTimeOriginal,2012-06-19 19:01:56,True,False,False,,"CASIO COMPUTER CO.,LTD.",EX-Z1000,1.01,1024,768,False,False,,
CIMG2090-001.jpg,86,,True,2012-03-28 02:29:51,2012-03-28,DateTimeOriginal,2012-06-19 19:01:56,True,False,False,,"CASIO COMPUTER CO.,LTD.",EX-Z1000,1.01,1024,768,False,False,,
CIMG2091-001.jpg,87,,True,2012-03-28 02:31:46,2012-03-28,DateTimeOriginal,2012-06-19 19:01:57,True,False,False,,"CASIO COMPUTER CO.,LTD.",EX-Z1000,1.01,1024,768,False,False,,
CIMG2092.JPG,88,,True,2012-03-28 02:32:25,2012-03-28,DateTimeOriginal,2012-03-28 02:32:25,False,False,False,,"CASIO COMPUTER CO.,LTD.",EX-Z1000,1.01,3648,2736,False,False,,
CIMG2094.JPG,89,,True,2012-03-28 02:40:01,2012-03-28,DateTimeOriginal,2012-03-28 02:40:01,False,False,False,,"CASIO COMPUTER CO.,LTD.",EX-Z1000,1.01,3648,2736,False,False,,
CIMG2106-001.jpg,90,,False,2012-03-28 02:52:47,2012-03-28,DateTimeOriginal,2012-06-19 19:01:57,True,False,False,,"CASIO COMPUTER CO.,LTD.",EX-Z1000,1.01,768,1024,False,False,,
CIMG2106.jpg,90,,True,2012-03-28 02:52:47,2012-03-28,DateTimeOriginal,2012-06-19 18:57:00,True,False,False,,"CASIO COMPUTER CO.,LTD.",EX-Z1000,1.01,2736,3648,False,False,,
CIMG2107.JPG,91,,True,2012-03-28 03:00:44,2012-03-28,DateTimeOriginal,2012-03-28 03:00:44,False,False,False,,"CASIO COMPUTER CO.,LTD.",EX-Z1000,1.01,3648,2736,False,False,,
CIMG2108.JPG,92,,True,2012-03-28 03:00:52,2012-03-28,DateTimeOriginal,2012-03-28 03:00:52,False,False,False,,"CASIO COMPUTER CO.,LTD.",EX-Z1000,1.01,3648,2736,False,False,,
CIMG2109-001.jpg,93,,True,2012-03-28 03:07:25,2012-03-28,DateTimeOriginal,2012-06-19 19:01:58,True,False,False,,"CASIO COMPUTER CO.,LTD.",EX-Z1000,1.01,1024,768,False,False,,
CIMG2111-001.jpg,94,,True,2012-03-28 03:38:47,2012-03-28,DateTimeOriginal,2012-06-19 19:01:58,True,False,False,,"CASIO COMPUTER CO.,LTD.",EX-Z1000,1.01,1024,768,False,False,,
CIMG2115.JPG,95,,True,2012-03-28 04:08:01,2012-03-28,DateTimeOriginal,2012-03-28 04:08:01,False,False,False,,"CASIO COMPUTER CO.,LTD.",EX-Z1000,1.01,2736,3648,False,False,,
CIMG2116.JPG,96,,True,2012-03-28 04:08:17,2012-03-28,DateTimeOriginal,2012-03-28 04:08:17,False,False,False,,"CASIO COMPUTER CO.,LTD.",EX-Z1000,1.01,3648,2736,False,False,,
CIMG2118-001.jpg,97,,False,2012-03-28 04:08:51,2012-03-28,DateTimeOriginal,2012-06-19 19:01:59,True,False,False,,"CASIO COMPUTER CO.,LTD.",EX-Z1000,1.01,1024,768,False,False,,
CIMG2118.jpg,97,,True,2012-03-28 04:08:51,2012-03-28,DateTimeOriginal,2012-06-19 18:57:04,True,False,False,,"CASIO COMPUTER CO.,LTD.",EX-Z1000,1.01,3648,2736,False,False,,
CIMG2119 2.JPG,98,,True,2012-03-28 04:09:15,2012-03-28,DateTimeOriginal,2012-03-28 04:09:15,False,False,False,,"CASIO COMPUTER CO.,LTD.",EX-Z1000,1.01,2736,3648,False,False,,
CIMG2119-001.jpg,98,,False,2012-03-28 04:09:15,2012-03-28,DateTimeOriginal,2012-06-19 19:01:59,True,False,False,,"CASIO COMPUTER CO.,LTD.",EX-Z1000,1.01,768,1024,False,False,,
CIMG2125.JPG,99,,True,2012-03-28 04:15:24,2012-03-28,DateTimeOriginal,2012-03-28 04:15:24,False,False,False,,"CASIO COMPUTER CO.,LTD.",EX-Z1000,1.01,3648,2736,False,False,,
CIMG2130-001.jpg,100,,False,2012-03-28 04:20:12,2012-03-28,DateTimeOriginal,2012-06-19 19:02:00,True,False,False,,"CASIO COMPUTER CO.,LTD.",EX-Z1000,1.01,1024,768,False,False,,
CIMG2130.jpg,100,,True,2012-03-28 04:20:12,2012-03-28,DateTimeOriginal,2012-06-19 18:57:06,True,False,False,,"CASIO COMPUTER CO.,LTD.",EX-Z1000,1.01,3648,2736,False,False,,
CIMG2133-001.jpg,101,,True,2012-03-28 04:21:58,2012-03-28,DateTimeOriginal,2012-06-19 19:02:01,True,False,False,,"CASIO COMPUTER CO.,LTD.",EX-Z1000,1.01,1024,768,False,False,,
CIMG2134-001(1).jpg,102,,False,2012-03-28 04:22:27,2012-03-28,DateTimeOriginal,2012-06-19 19:02:03,True,False,False,,"CASIO COMPUTER CO.,LTD.",EX-Z1000,1.01,768,1024,False,False,,
CIMG2134-001.jpg,102,,False,2012-03-28 04:22:27,2012-03-28,DateTimeOriginal,2012-06-19 19:02:03,True,False,False,,"CASIO COMPUTER CO.,LTD.",EX-Z1000,1.01,768,1024,False,False,,
CIMG2134.jpg,102,,True,2012-03-28 04:22:27,2012-03-28,DateTimeOriginal,2012-06-19 18:57:14,True,False,False,,"CASIO COMPUTER CO.,LTD.",EX-Z1000,1.01,2736,3648,False,False,,
CIMG2135.JPG,103,,True,2012-03-28 04:23:14,2012-03-28,DateTimeOriginal,2012-03-28 04:23:14,False,False,False,,"CASIO COMPUTER CO.,LTD.",EX-Z1000,1.01,3648,2736,False,False,,
CIMG2136(1).JPG,104,,False,2012-03-28 04:23:58,2012-03-28,DateTimeOriginal,2012-03-28 04:23:58,False,False,False,,"CASIO COMPUTER CO.,LTD.",EX-Z1000,1.01,3648,2736,False,False,,
CIMG2136.JPG,104,,True,2012-03-28 04:23:58,2012-03-28,DateTimeOriginal,2012-03-28 04:23:58,False,False,False,,"CASIO COMPUTER CO.,LTD.",EX-Z1000,1.01,3648,2736,False,False,,
CIMG2137.JPG,105,,True,2012-03-28 06:28:07,2012-03-28,DateTimeOriginal,2012-03-28 06:28:07,False,False,False,,"CASIO COMPUTER CO.,LTD.",EX-Z1000,1.01,3648,2736,False,False,,
CIMG2138.JPG,106,,True,2012-03-28 06:28:16,2012-03-28,DateTimeOriginal,2012-03-28 06:28:16,False,False,False,,"CASIO COMPUTER CO.,LTD.",EX-Z1000,1.01,3648,2736,False,False,,
CIMG2143.JPG,107,,True,2012-03-28 06:28:55,2012-03-28,DateTimeOriginal,2012-03-28 06:28:55,False,False,False,,"CASIO COMPUTER CO.,LTD.",EX-Z1000,1.01,3648,2736,False,False,,
CIMG2144-001(1).jpg,108,,False,2012-03-28 06:40:44,2012-03-28,DateTimeOriginal,2012-06-19 19:02:05,True,False,False,,"CASIO COMPUTER CO.,LTD.",EX-Z1000,1.01,768,1024,False,False,,
CIMG2144-001.jpg,108,,False,2012-03-28 06:40:44,2012-03-28,DateTimeOriginal,2012-06-19 19:02:05,True,False,False,,"CASIO COMPUTER CO.,LTD.",EX-Z1000,1.01,768,1024,False,False,,
CIMG2144.jpg,108,,True,2012-03-28 06:40:44,2012-03-28,DateTimeOriginal,2012-06-19 18:57:17,True,False,False,,"CASIO COMPUTER CO.,LTD.",EX-Z1000,1.01,2736,3648,False,False,,
CIMG2145-001.jpg,109,,True,2012-03-28 06:44:18,2012-03-28,DateTimeOriginal,2012-06-19 19:02:06,True,False,False,,"CASIO COMPUTER CO.,LTD.",EX-Z1000,1.01,768,1024,False,False,,
CIMG2149(1).jpg,110,,False,2012-03-28 06:45:40,2012-03-28,DateTimeOriginal,2012-06-19 18:57:27,True,False,False,,"CASIO COMPUTER CO.,LTD.",EX-Z1000,1.01,3648,2736,False,False,,
CIMG2149-001.jpg,110,,False,2012-03-28 06:45:40,2012-03-28,DateTimeOriginal,2012-06-19 19:02:06,True,False,False,,"CASIO COMPUTER CO.,LTD.",EX-Z1000,1.01,1024,768,False,False,,
CIMG2149.jpg,110,,True,2012-03-28 06:45:40,2012-03-28,DateTimeOriginal,2012-06-19 18:57:27,True,False,False,,"CASIO COMPUTER CO.,LTD.",EX-Z1000,1.01,3648,2736,False,False,,
CIMG2174-001.jpg,111,,True,2012-03-28 23:58:07,2012-03-28,DateTimeOriginal,2012-06-19 19:02:07,True,False,False,,"CASIO COMPUTER CO.,LTD.",EX-Z1000,1.01,1024,768,False,False,,
CIMG2190-001.jpg,112,,True,2012-03-29 01:28:08,2012-03-29,DateTimeOriginal,2012-06-19 19:02:10,True,False,False,,"CASIO COMPUTER CO.,LTD.",EX-Z1000,1.01,1024,768,False,False,,
CIMG2192(1).JPG,113,,False,2012-03-29 02:20:27,2012-03-29,DateTimeOriginal,2012-03-29 02:20:27,False,False,False,,"CASIO COMPUTER CO.,LTD.",EX-Z1000,1.01,3648,2736,False,False,,
CIMG2192.JPG,113,,True,2012-03-29 02:20:27,2012-03-29,DateTimeOriginal,2012-03-29 02:20:27,False,False,False,,"CASIO COMPUTER CO.,LTD.",EX-Z1000,1.01,3648,2736,False,False,,
CIMG2196-001.jpg,114,,True,2012-03-30 02:51:17,2012-03-30,DateTimeOriginal,2012-06-19 19:02:11,True,False,False,,"CASIO COMPUTER CO.,LTD.",EX-Z1000,1.01,1024,768,False,False,,
CIMG2234.jpg,115,,True,2012-04-04 00:40:01,2012-04-04,DateTimeOriginal,2012-06-19 18:58:02,True,False,False,,"CASIO COMPUTER CO.,LTD.",EX-Z1000,1.01,3648,2736,False,False,,
CIMG2239.JPG,116,,True,2012-04-04 00:54:14,2012-04-04,DateTimeOriginal,2012-04-04 00:54:14,False,False,False,,"CASIO COMPUTER CO.,LTD.",EX-Z1000,1.01,3648,2736,False,False,,
CIMG2240.JPG,117,,True,2012-04-04 00:54:20,2012-04-04,DateTimeOriginal,2012-04-04 00:54:20,False,False,False,,"CASIO COMPUTER CO.,LTD.",EX-Z1000,1.01,3648,2736,False,False,,
CIMG2241.JPG,118,,True,2012-04-04 00:54:25,2012-04-04,DateTimeOriginal,2012-04-04 00:54:25,False,False,False,,"CASIO COMPUTER CO.,LTD.",EX-Z1000,1.01,3648,2736,False,False,,
CIMG2247.JPG,119,,True,2012-04-19 03:18:31,2012-04-19,DateTimeOriginal,2012-04-19 03:18:31,False,False,False,,"CASIO COMPUTER CO.,LTD.",EX-Z1000,1.01,3648,2736,False,False,,
CIMG2248.JPG,120,,True,2012-04-19 03:19:03,2012-04-19,DateTimeOriginal,2012-04-19 03:19:03,False,False,False,,"CASIO COMPUTER CO.,LTD.",EX-Z1000,1.01,3648,2736,False,False,,
CIMG2249 2.JPG,121,,False,2012-04-19 04:48:10,2012-04-19,DateTimeOriginal,2012-04-19 04:48:10,False,False,False,,"CASIO COMPUTER CO.,LTD.",EX-Z1000,1.01,3648,2736,False,False,,
CIMG2249-001.jpg,121,,False,2012-04-19 04:48:10,2012-04-19,DateTimeOriginal,2012-06-19 19:02:16,True,False,False,,"CASIO COMPUTER CO.,LTD.",EX-Z1000,1.01,1024,768,False,False,,
CIMG2249.jpg,121,,True,2012-04-19 04:48:10,2012-04-19,DateTimeOriginal,2012-06-19 18:58:16,True,False,False,,"CASIO COMPUTER CO.,LTD.",EX-Z1000,1.01,3648,2736,False,False,,
CIMG2484.JPG,154,,True,2012-05-23 09:52:01,2012-05-23,DateTimeOriginal,2012-05-23 09:52:01,False,False,False,,"CASIO COMPUTER CO.,LTD.",EX-Z1000,1.01,3648,2736,False,False,,
CIMG2603.JPG,156,,True,2012-05-29 09:51:48,2012-05-29,DateTimeOriginal,2012-05-29 09:51:48,False,False,False,,"CASIO COMPUTER CO.,LTD.",EX-Z1000,1.01,3648,2736,False,False,,
CIMG2617.JPG,157,,True,2012-05-30 07:33:03,2012-05-30,DateTimeOriginal,2012-05-30 07:33:03,False,False,False,,"CASIO COMPUTER CO.,LTD.",EX-Z1000,1.01,3648,2736,False,False,,
CIMG2618.JPG,158,,True,2012-05-30 10:37:11,2012-05-30,DateTimeOriginal,2012-05-30 10:37:11,False,False,False,,"CASIO COMPUTER CO.,LTD.",EX-Z1000,1.01,3648,2736,False,False,,
CIMG2619.JPG,159,,True,2012-05-30 10:37:21,2012-05-30,DateTimeOriginal,2012-05-30 10:37:21,False,False,False,,"CASIO COMPUTER CO.,LTD.",EX-Z1000,1.01,2736,3648,False,False,,
CIMG2620.JPG,160,,True,2012-05-30 10:37:43,2012-05-30,DateTimeOriginal,2012-05-30 10:37:43,False,False,False,,"CASIO COMPUTER CO.,LTD.",EX-Z1000,1.01,3648,2736,False,False,,
CIMG2808.JPG,161,,True,2012-06-12 12:02:14,2012-06-12,DateTimeOriginal,2012-06-12 12:02:14,False,False,False,,"CASIO COMPUTER CO.,LTD.",EX-Z1000,1.01,3648,2736,False,False,,
CIMG2809.JPG,162,,True,2012-06-12 12:02:57,2012-06-12,DateTimeOriginal,2012-06-12 12:02:57,False,False,False,,"CASIO COMPUTER CO.,LTD.",EX-Z1000,1.01,3648,2736,False,False,,
CIMG2810.JPG,163,,True,2012-06-12 12:03:21,2012-06-12,DateTimeOriginal,2012-06-12 12:03:21,False,False,False,,"CASIO COMPUTER CO.,LTD.",EX-Z1000,1.01,3648,2736,False,False,,
CIMG2811.JPG,164,,True,2012-06-12 12:04:09,2012-06-12,DateTimeOriginal,2012-06-12 12:04:09,False,False,False,,"CASIO COMPUTER CO.,LTD.",EX-Z1000,1.01,3648,2736,False,False,,
CIMG2812.JPG,165,,True,2012-06-12 12:04:17,2012-06-12,DateTimeOriginal,2012-06-12 12:04:17,False,False,False,,"CASIO COMPUTER CO.,LTD.",EX-Z1000,1.01,3648,2736,False,False,,
CIMG2813.JPG,166,,True,2012-06-12 12:04:39,2012-06-12,DateTimeOriginal,2012-06-12 12:04:39,False,False,False,,"CASIO COMPUTER CO.,LTD.",EX-Z1000,1.01,3648,2736,False,False,,
CIMG2814.JPG,167,,True,2012-06-12 12:04:47,2012-06-12,DateTimeOriginal,2012-06-12 12:04:47,False,False,False,,"CASIO COMPUTER CO.,LTD.",EX-Z1000,1.01,3648,2736,False,False,,
CIMG2815.JPG,168,,True,2012-06-12 12:05:01,2012-06-12,DateTimeOriginal,2012-06-12 12:05:01,False,False,False,,"CASIO COMPUTER CO.,LTD.",EX-Z1000,1.01,3648,2736,False,False,,
CIMG2816.JPG,169,,True,2012-06-12 12:05:11,2012-06-12,DateTimeOriginal,2012-06-12 12:05:11,False,False,False,,"CASIO COMPUTER CO.,LTD.",EX-Z1000,1.01,3648,2736,False,False,,
CIMG2817.JPG,170,,True,2012-06-12 12:05:25,2012-06-12,DateTimeOriginal,2012-06-12 12:05:25,False,False,False,,"CASIO COMPUTER CO.,LTD.",EX-Z1000,1.01,3648,2736,False,False,,
CIMG2848.JPG,171,,True,2012-06-12 12:12:48,2012-06-12,DateTimeOriginal,2012-06-12 12:12:48,False,False,False,,"CASIO COMPUTER CO.,LTD.",EX-Z1000,1.01,3648,2736,False,False,,
CIMG2849.JPG,172,,True,2012-06-12 12:12:52,2012-06-12,DateTimeOriginal,2012-06-12 12:12:52,False,False,False,,"CASIO COMPUTER CO.,LTD.",EX-Z1000,1.01,3648,2736,False,False,,
CIMG2850.JPG,173,,True,2012-06-12 12:13:02,2012-06-12,DateTimeOriginal,2012-06-12 12:13:02,False,False,False,,"CASIO COMPUTER CO.,LTD.",EX-Z1000,1.01,3648,2736,False,False,,
CIMG2851.JPG,174,,True,2012-06-12 12:13:07,2012-06-12,DateTimeOriginal,2012-06-12 12:13:07,False,False,False,,"CASIO COMPUTER CO.,LTD.",EX-Z1000,1.01,3648,2736,False,False,,
CIMG2852.JPG,175,,True,2012-06-12 12:13:19,2012-06-12,DateTimeOriginal,2012-06-12 12:13:19,False,False,False,,"CASIO COMPUTER CO.,LTD.",EX-Z1000,1.01,3648,2736,False,False,,
CIMG2853.JPG,176,,True,2012-06-12 12:13:23,2012-06-12,DateTimeOriginal,2012-06-12 12:13:23,False,False,False,,"CASIO COMPUTER CO.,LTD.",EX-Z1000,1.01,3648,2736,False,False,,
CIMG2855.JPG,177,,True,2012-06-12 12:13:35,2012-06-12,DateTimeOriginal,2012-06-12 12:13:35,False,False,False,,"CASIO COMPUTER CO.,LTD.",EX-Z1000,1.01,3648,2736,False,False,,
CIMG2857.JPG,178,,True,2012-06-12 12:15:04,2012-06-12,DateTimeOriginal,2012-06-12 12:15:04,False,False,False,,"CASIO COMPUTER CO.,LTD.",EX-Z1000,1.01,3648,2736,False,False,,
CIMG3173.JPG,179,,True,2012-06-19 11:07:09,2012-06-19,DateTimeOriginal,2012-06-19 11:07:09,False,False,False,,"CASIO COMPUTER CO.,LTD.",EX-Z1000,1.01,3648,2736,False,False,,
CIMG3174.JPG,180,,True,2012-06-19 11:07:13,2012-06-19,DateTimeOriginal,2012-06-19 11:07:13,False,False,False,,"CASIO COMPUTER CO.,LTD.",EX-Z1000,1.01,3648,2736,False,False,,
CIMG3179.JPG,181,,True,2012-06-19 11:07:41,2012-06-19,DateTimeOriginal,2012-06-19 11:07:41,False,False,False,,"CASIO COMPUTER CO.,LTD.",EX-Z1000,1.01,3648,2736,False,False,,
CIMG3180.JPG,182,,True,2012-06-19 11:07:45,2012-06-19,DateTimeOriginal,2012-06-19 11:07:45,False,False,False,,"CASIO COMPUTER CO.,LTD.",EX-Z1000,1.01,3648,2736,False,False,,
CIMG3182.JPG,183,,True,2012-06-19 11:07:53,2012-06-19,DateTimeOriginal,2012-06-19 11:07:53,False,False,False,,"CASIO COMPUTER CO.,LTD.",EX-Z1000,1.01,3648,2736,False,False,,
CIMG3183.JPG,184,,True,2012-06-19 11:08:05,2012-06-19,DateTimeOriginal,2012-06-19 11:08:05,False,False,False,,"CASIO COMPUTER CO.,LTD.",EX-Z1000,1.01,3648,2736,False,False,,
CIMG3184.JPG,185,,True,2012-06-19 11:08:10,2012-06-19,DateTimeOriginal,2012-06-19 11:08:10,False,False,False,,"CASIO COMPUTER CO.,LTD.",EX-Z1000,1.01,3648,2736,False,False,,
CIMG3185.JPG,186,,True,2012-06-19 11:08:14,2012-06-19,DateTimeOriginal,2012-06-19 11:08:14,False,False,False,,"CASIO COMPUTER CO.,LTD.",EX-Z1000,1.01,3648,2736,False,False,,
CIMG3186.JPG,187,,True,2012-06-19 11:08:18,2012-06-19,DateTimeOriginal,2012-06-19 11:08:18,False,False,False,,"CASIO COMPUTER CO.,LTD.",EX-Z1000,1.01,3648,2736,False,False,,
CIMG3188.JPG,188,,True,2012-06-19 11:08:24,2012-06-19,DateTimeOriginal,2012-06-19 11:08:24,False,False,False,,"CASIO COMPUTER CO.,LTD.",EX-Z1000,1.01,3648,2736,False,False,,
CIMG3191.JPG,189,,True,2012-06-19 11:08:39,2012-06-19,DateTimeOriginal,2012-06-19 11:08:39,False,False,False,,"CASIO COMPUTER CO.,LTD.",EX-Z1000,1.01,3648,2736,False,False,,
CIMG3200.JPG,190,,True,2012-06-19 13:08:00,2012-06-19,DateTimeOriginal,2012-06-19 13:08:00,False,False,False,,"CASIO COMPUTER CO.,LTD.",EX-Z1000,1.01,3648,2736,False,False,,
Checking fish trap.JPG,23,,True,2012-02-20 04:00:17,2012-02-20,DateTimeOriginal,2012-02-20 04:00:17,False,False,False,,SONY,DSC-S5000,,2160,1620,False,False,,open water
DSC_2375.JPG,191,,True,2012-09-26 12:52:17,2012-09-26,DateTimeOriginal,2012-09-26 12:52:17,False,False,False,,NIKON CORPORATION,NIKON D7000,Ver.1.03,4928,3264,False,True,,
DSC_2376.JPG,192,,True,2012-09-26 12:52:19,2012-09-26,DateTimeOriginal,2012-09-26 12:52:19,False,False,False,,NIKON CORPORATION,NIKON D7000,Ver.1.03,4928,3264,False,True,,
DSC_2377.JPG,193,,True,2012-09-26 12:52:25,2012-09-26,DateTimeOriginal,2012-09-26 12:52:25,False,False,False,,NIKON CORPORATION,NIKON D7000,Ver.1.03,4928,3264,False,True,,
DSC_2378.JPG,194,,True,2012-09-26 12:52:26,2012-09-26,DateTimeOriginal,2012-09-26 12:52:26,False,False,False,,NIKON CORPORATION,NIKON D7000,Ver.1.03,4928,3264,False,True,,
Drying Matemba at Phaloni plus JW & Gibson.JPG,28,,True,2012-02-20 04:06:27,2012-02-20,DateTimeOriginal,2012-02-20 04:06:27,False,False,False,,SONY,DSC-S5000,,2160,1620,False,False,Phaloni,
IMG_0014.jpg,195,,True,2012-12-06 15:10:27,2012-12-06,DateTimeDigitized,2012-12-06 15:10:27,False,False,True,,Canon,CanoScan LiDE 110,MP Navigator EX 4.0,2368,3208,False,False,,
IMG_0018.jpg,196,,True,2012-12-06 15:15:03,2012-12-06,DateTimeDigitized,2012-12-06 15:15:03,False,False,True,,Canon,CanoScan LiDE 110,MP Navigator EX 4.0,2372,3236,False,False,,
IMG_5333.JPG,197,,True,2014-11-23 09:26:45,2014-11-23,DateTimeOriginal,2014-11-24 14:44:02,True,False,False,,Canon,Canon DIGITAL IXUS 430,Microsoft Windows Photo Gallery 6.0.6001.18000,480,640,False,False,,
Kachulu Dock.png,,,False,,,,,False,False,False,,,,,3645,843,False,False,Kachulu,
Marshtearoom-001.jpg,9,,False,2011-01-01 03:32:43,2011-01-01,DateTimeOriginal,2012-06-19 19:00:57,True,True,False,,"CASIO COMPUTER CO.,LTD.",EX-Z1000,Adobe Photoshop CS5 Windows,1024,597,False,False,,emergent/flooded vegetation
Mosquito net.JPG,26,,True,2012-02-20 04:04:35,2012-02-20,DateTimeOriginal,2012-02-20 04:04:35,False,False,False,,SONY,DSC-S5000,,2160,1620,False,False,,
Mr Zambia Zimbo.jpg,41,,False,2012-02-22 14:57:03,2012-02-22,DateTimeOriginal,2012-06-19 19:01:24,True,False,False,,"CASIO COMPUTER CO.,LTD.",EX-Z1000,1.01,1024,768,False,False,Zambia,emergent/flooded vegetation
Multiple fish fences and fish traps at Phaloni 1.JPG,19,,True,2012-02-20 03:57:52,2012-02-20,DateTimeOriginal,2012-02-20 03:57:52,False,False,False,,SONY,DSC-S5000,,2160,1620,False,False,Phaloni,open water
"Multiple fish fences and fish traps, Phaloni.JPG",20,,True,2012-02-20 03:58:24,2012-02-20,DateTimeOriginal,2012-02-20 03:58:24,False,False,False,,SONY,DSC-S5000,,4320,3240,False,False,Phaloni,open water
Multiple fish fences and fish traps.JPG,22,,True,2012-02-20 03:59:49,2012-02-20,DateTimeOriginal,2012-02-20 03:59:49,False,False,False,,SONY,DSC-S5000,,2160,1620,False,False,,open water
Phaloni 5-3-13.JPG,,,False,,,,,False,False,False,2013-03-05 or 2013-05-03,"OLYMPUS OPTICAL CO.,LTD","C2Z,D520Z,C220Z",83-1056,1600,1200,False,False,Phaloni,
Selling fresh Matemba at Phaloni.JPG,24,,True,2012-02-20 04:01:02,2012-02-20,DateTimeOriginal,2014-10-10 11:02:32,True,False,False,,SONY,DSC-S5000,Microsoft Windows Photo Viewer 6.1.7600.16385,1620,2160,False,False,Phaloni,
Smoked Njolinjo.JPG,27,,True,2012-02-20 04:05:18,2012-02-20,DateTimeOriginal,2012-02-20 04:05:18,False,False,False,,SONY,DSC-S5000,,1620,2160,False,False,,
Sombani River at Phaloni.JPG,21,,True,2012-02-20 03:59:24,2012-02-20,DateTimeOriginal,2012-02-20 03:59:24,False,False,False,,SONY,DSC-S5000,,2160,1620,False,False,Phaloni; Sombani,open water
Trapping Matemba at Phaloni.JPG,25,,True,2012-02-20 04:02:10,2012-02-20,DateTimeOriginal,2014-10-10 11:02:39,True,False,False,,SONY,DSC-S5000,Microsoft Windows Photo Viewer 6.1.7600.16385,1620,2160,False,False,Phaloni,
Zambia fishing camp.jpg,37,,False,2012-02-22 13:12:39,2012-02-22,DateTimeOriginal,2012-06-19 19:01:21,True,False,False,,"CASIO COMPUTER CO.,LTD.",EX-Z1000,1.01,1024,768,False,False,Zambia,
Zimbo 1.JPG,7,,True,2011-01-01 01:58:50,2011-01-01,DateTimeOriginal,2011-01-01 01:58:50,False,True,False,,"CASIO COMPUTER CO.,LTD.",EX-Z1000,1.01,3648,2736,False,False,,emergent/flooded vegetation
Zimbo 2.JPG,9,,True,2011-01-01 03:32:43,2011-01-01,DateTimeOriginal,2012-06-19 18:54:08,True,True,False,,"CASIO COMPUTER CO.,LTD.",EX-Z1000,1.01,3648,2736,False,False,,emergent/flooded vegetation
Zimbowera through reeds distant.jpg,46,,False,2012-02-22 15:01:53,2012-02-22,DateTimeOriginal,2012-06-19 19:01:27,True,False,False,,"CASIO COMPUTER CO.,LTD.",EX-Z1000,1.01,1024,684,False,False,,emergent/flooded vegetation
Zimbowere through reeds.jpg,44,,False,2012-02-22 15:01:42,2012-02-22,DateTimeOriginal,2012-06-19 19:01:26,True,False,False,,"CASIO COMPUTER CO.,LTD.",EX-Z1000,1.01,1024,768,False,False,,emergent/flooded vegetation
fishhead-001.jpg,64,,False,2012-03-28 00:43:21,2012-03-28,DateTimeOriginal,2012-06-19 19:01:46,True,False,False,,"CASIO COMPUTER CO.,LTD.",EX-Z1000,Adobe Photoshop CS5 Windows,1024,768,False,False,,
fishhead.jpg,64,,True,2012-03-28 00:43:21,2012-03-28,DateTimeOriginal,2012-06-19 18:56:23,True,False,False,,"CASIO COMPUTER CO.,LTD.",EX-Z1000,Adobe Photoshop CS5 Windows,3648,2736,False,False,,
fishtrap.jpg,18,,True,2011-12-21 03:03:50,2011-12-21,DateTimeOriginal,2012-06-19 18:54:32,True,False,False,,"CASIO COMPUTER CO.,LTD.",EX-Z1000,Adobe Photoshop CS5 Windows,3604,2431,False,False,,open water
landcanoe.jpg,17,,True,2011-12-21 02:59:46,2011-12-21,DateTimeOriginal,2012-06-19 18:54:24,True,False,False,,"CASIO COMPUTER CO.,LTD.",EX-Z1000,Adobe Photoshop CS5 Windows,3122,1870,False,False,,open water
landcanoe1-001.jpg,151,,False,2012-05-20 17:47:10,2012-05-20,DateTimeOriginal,2012-06-19 19:02:18,True,False,False,,,,Picasa,1024,578,False,False,,open water
landcanoe1.jpg,151,,True,2012-05-20 17:47:10,2012-05-20,DateTimeOriginal,2012-06-19 18:58:18,True,False,False,,,,Picasa,3153,1779,False,False,,open water
manstandngonboat.jpg,153,,True,2012-05-22 23:54:51,2012-05-22,DateTimeOriginal,2012-06-19 18:58:25,True,False,False,,,,Picasa,3197,1971,False,False,,open water
marshman-001.jpg,29,,False,2012-02-22 08:54:07,2012-02-22,DateTimeOriginal,2012-06-19 19:01:12,True,False,False,,"CASIO COMPUTER CO.,LTD.",EX-Z1000,Adobe Photoshop CS5 Windows,745,1024,False,False,,emergent/flooded vegetation
marshman.jpg,29,,True,2012-02-22 08:54:07,2012-02-22,DateTimeOriginal,2012-06-19 18:54:38,True,False,False,,"CASIO COMPUTER CO.,LTD.",EX-Z1000,Adobe Photoshop CS5 Windows,2400,3300,False,False,,emergent/flooded vegetation
marshman1.jpg,150,,True,2012-05-20 16:18:16,2012-05-20,DateTimeOriginal,2012-06-19 18:54:45,True,False,False,,,,Picasa,2400,3300,False,False,,emergent/flooded vegetation
pushboat-001.jpg,33,,False,2012-02-22 10:25:53,2012-02-22,DateTimeOriginal,2012-06-19 19:01:18,True,False,False,,"CASIO COMPUTER CO.,LTD.",EX-Z1000,Adobe Photoshop CS5 Windows,1024,683,False,False,,open water
pushboat.jpg,33,,False,2012-02-22 10:25:53,2012-02-22,DateTimeOriginal,2012-06-19 18:54:58,True,False,False,,"CASIO COMPUTER CO.,LTD.",EX-Z1000,Adobe Photoshop CS5 Windows,1417,945,False,False,,open water
pushboat1.jpg,155,,True,2012-05-24 23:35:48,2012-05-24,DateTimeOriginal,2012-06-19 18:58:27,True,False,False,,,,Picasa,1417,945,False,False,,open water
sugarcane boatman.jpg,152,,True,2012-05-21 10:59:18,2012-05-21,DateTimeOriginal,2012-06-19 18:58:23,True,False,False,,,,Picasa,3648,2068,False,False,,open water
sunset.jpg,13,,True,2011-01-01 06:48:45,2011-01-01,DateTimeOriginal,2012-06-19 18:54:12,True,True,False,,"CASIO COMPUTER CO.,LTD.",EX-Z1000,Adobe Photoshop CS5 Windows,3648,2457,False,False,,
thomas.jpg,140,,False,2012-05-19 13:25:57,2012-05-19,DateTimeOriginal,2012-06-19 19:06:33,True,False,False,,SAMSUNG,GT-P6210,Adobe Photoshop CS5 Windows,759,1024,False,False,,
thomas1.jpg,149,,True,2012-05-20 14:14:41,2012-05-20,DateTimeOriginal,2012-06-19 19:06:37,True,False,False,,,,Picasa,768,1024,False,False,,
