date,year,water_fraction,n_clear_cells
2000-02-18,2000,,0
2000-02-26,2000,0.15766016463437196,27577
2000-03-05,2000,0.21328374878195946,9035
2000-03-13,2000,0.13292880105139884,32698
2000-03-21,2000,0.18374157583417214,21911
2000-03-29,2000,0.1289371840283675,34271
2000-04-06,2000,0.3796844224282571,9106
2000-04-14,2000,0.14831472143561644,29591
2000-04-22,2000,0.12979853945232442,33986
2000-04-30,2000,0.13675447747308914,32341
2000-05-08,2000,0.12188479326431598,35627
2000-05-16,2000,0.1251548708491264,34829
2000-05-24,2000,0.12275839981619846,35687
2000-06-01,2000,0.13814139290644478,31835
2000-06-09,2000,0.1225237403856616,35509
2000-06-17,2000,0.1401829086022245,31313
2000-06-25,2000,0.11405906398791117,33140
2000-07-03,2000,0.169946877023667,24619
2000-07-11,2000,0.12355185679937643,35672
2000-07-19,2000,0.12141260216630315,35632
2000-07-27,2000,0.12323102774794324,35369
2000-08-04,2000,0.12401224858921511,35493
2000-08-12,2000,0.09859376938363415,30349
2000-08-20,2000,0.12020820244204874,35588
2000-08-28,2000,0.11737481609537713,35619
2000-09-05,2000,0.11660917413938897,35626
2000-09-13,2000,0.11564270264558875,35668
2000-09-21,2000,0.11895825831885558,34901
2000-09-29,2000,0.10549066142735405,35609
2000-10-07,2000,0.10926554350588384,35546
2000-10-15,2000,0.07418813412945914,34333
2000-10-23,2000,0.10964468372071082,35535
2000-10-31,2000,0.08482900246474276,22800
2000-11-08,2000,0.12116462222416426,32016
2000-11-16,2000,0.0674680708123563,33681
2000-11-24,2000,0.19317265199471834,14639
2000-12-02,2000,0.12474805063606087,31885
2000-12-10,2000,0.1507459948702903,25676
2000-12-18,2000,0.1427735011013614,28943
2000-12-26,2000,0.16116332050407067,21909
2001-01-01,2001,0.12569238014586429,33205
2001-01-09,2001,0.1837548841287208,16259
2001-01-17,2001,0.1581703785181903,23276
2001-01-25,2001,0.21270096746338973,673
2001-02-02,2001,0.3023630528639436,12503
2001-02-10,2001,0.011657675779464199,4072
2001-02-18,2001,0.20000153137346716,18206
2001-02-26,2001,0.06356551920357432,17093
2001-03-06,2001,0.169487891679149,17924
2001-03-14,2001,0.2795343687945756,4717
2001-03-22,2001,0.15570328877463838,29172
2001-03-30,2001,0.16583859709835413,26828
2001-04-07,2001,0.14982177549950212,31072
2001-04-15,2001,0.13189078456381614,35722
2001-04-23,2001,0.13095874405180802,35611
2001-05-01,2001,0.13804784644279403,33965
2001-05-09,2001,0.13037137899689827,35653
2001-05-17,2001,0.14395683803497644,32157
2001-05-25,2001,0.13142364133397838,35442
2001-06-02,2001,0.1460116147660753,31461
2001-06-10,2001,0.1630266422312273,26617
2001-06-26,2001,,0
2001-07-04,2001,0.12478027296917972,32623
2001-07-12,2001,0.13003891016485206,35495
2001-07-20,2001,0.13147555262679303,35658
2001-07-28,2001,0.13132549536812452,35516
2001-08-05,2001,0.12808012337737282,35258
2001-08-13,2001,0.12654987475362955,35553
2001-08-21,2001,0.12749179451736628,35632
2001-08-29,2001,0.1276909657627634,35640
2001-09-06,2001,0.12676903568652115,35603
2001-09-14,2001,0.12565981771159176,35538
2001-09-22,2001,0.128294400064327,35709
2001-09-30,2001,0.12844567702315823,35691
2001-10-08,2001,0.12781271794978338,33716
2001-10-16,2001,0.10156048379763219,34655
2001-10-24,2001,0.08228101060488138,34052
2001-11-01,2001,0.12714801395643485,35706
2001-11-09,2001,0.12339841342821511,35692
2001-11-17,2001,0.11534245944789724,34470
2001-11-25,2001,0.12440254756568007,35692
2001-12-03,2001,0.13309496006795507,30258
2001-12-11,2001,0.1901343593491086,22486
2001-12-19,2001,0.1912421027256686,8381
2001-12-27,2001,0.23633796374759286,19428
2002-01-01,2002,0.13130177261508905,35111
2002-01-09,2002,0.20693088374605914,18358
2002-01-17,2002,0.2814236580364071,14391
2002-01-25,2002,0.13607918179108153,32683
2002-02-02,2002,0.16884208306631948,27117
2002-02-10,2002,0.1484939195318222,31123
2002-02-18,2002,0.1622816364692642,28246
2002-02-26,2002,0.13038894262506587,30208
2002-03-06,2002,0.13400415212746408,34994
2002-03-14,2002,0.15812665658697792,28053
2002-03-22,2002,0.39422305154045073,9281
2002-03-30,2002,0.15834146679087474,28340
2002-04-07,2002,0.1276629864450029,32199
2002-04-15,2002,0.1311648204591455,35616
2002-04-23,2002,0.13311752170563138,35044
2002-05-01,2002,0.1316840132908609,35724
2002-05-09,2002,0.13080640917274755,35401
2002-05-17,2002,0.13017387176713768,35639
2002-05-25,2002,0.1313240355980231,35668
2002-06-02,2002,0.13745968843517323,34256
2002-06-10,2002,0.129490937462395,35556
2002-06-18,2002,0.13146889968076858,34860
2002-06-26,2002,0.14660234899328856,30700
2002-07-04,2002,0.1306809716729998,35547
2002-07-12,2002,0.13065278823126517,35240
2002-07-20,2002,0.13039800288020276,35641
2002-07-28,2002,0.13687425890446092,32999
2002-08-05,2002,0.13103282573644862,35668
2002-08-13,2002,0.12854407080521943,35617
2002-08-21,2002,0.132504575419822,34370
2002-08-29,2002,0.1277187873389012,35595
2002-09-06,2002,0.1287292702551728,35595
2002-09-14,2002,0.14477120472351535,29501
2002-09-22,2002,0.12552928155289828,35654
2002-09-30,2002,0.12696657400730527,35451
2002-10-08,2002,0.11589705078003346,35285
2002-10-16,2002,0.12438077680904487,35372
2002-10-24,2002,0.11691349857706872,35244
2002-11-01,2002,0.12952060977672683,35727
2002-11-09,2002,0.12813037403267427,35632
2002-11-17,2002,0.12447414003651405,35472
2002-11-25,2002,0.12741123759926565,35625
2002-12-03,2002,0.12995383158504042,35472
2002-12-11,2002,0.23994878070891137,17964
2002-12-19,2002,0.1720046707308843,21928
2002-12-27,2002,0.13456612612403682,34322
2003-01-01,2003,0.4259669232979776,3981
2003-01-09,2003,0.13911575449640776,33889
2003-01-17,2003,0.15813371507731805,28283
2003-01-25,2003,0.1543138025766773,13394
2003-02-02,2003,0.3097832151434045,12276
2003-02-10,2003,0.145492980124238,30842
2003-02-18,2003,0.0620659339991922,26328
2003-02-26,2003,0.1495128620110907,30851
2003-03-06,2003,0.14399704464509508,32811
2003-03-14,2003,0.1555806680856767,29958
2003-03-22,2003,0.22547087028670212,18418
2003-03-30,2003,0.17443452627622852,20838
2003-04-07,2003,0.13266832375831222,35594
2003-04-15,2003,0.13498472670168507,35161
2003-04-23,2003,0.1326974594811802,35727
2003-05-01,2003,0.13361615659074208,35554
2003-05-09,2003,0.13216907185632057,35701
2003-05-17,2003,0.13362452376231757,35721
2003-05-25,2003,0.1323287552293262,35551
2003-06-02,2003,0.1312586405143368,35655
2003-06-10,2003,0.15159970178576557,31112
2003-06-18,2003,0.13555893564385682,35389
2003-06-26,2003,0.13450911792029985,35203
2003-07-04,2003,0.14533155512337276,31545
2003-07-12,2003,0.14045908523429892,33691
2003-07-20,2003,0.13409902667732074,35203
2003-07-28,2003,0.1331015582974553,34982
2003-08-05,2003,0.13332373490514657,35618
2003-08-13,2003,0.13146699220760805,35599
2003-08-21,2003,0.1330255736152345,35708
2003-08-29,2003,0.13005098920853228,35673
2003-09-06,2003,0.12914063941751128,35657
2003-09-14,2003,0.13292481971590211,35697
2003-09-22,2003,0.13077617707002423,35662
2003-09-30,2003,0.12718986600147222,35668
2003-10-08,2003,0.11422618434588917,35245
2003-10-16,2003,0.08250048580126713,35587
2003-10-24,2003,0.1275173796383813,35571
2003-11-01,2003,0.11136207081840085,34979
2003-11-09,2003,0.10249627361203226,34625
2003-11-17,2003,0.12970120895843648,34802
2003-11-25,2003,0.13537972446013968,32901
2003-12-03,2003,0.13150617372120113,35500
2003-12-11,2003,0.15594137074258088,27859
2003-12-19,2003,0.24397429164261275,18238
2003-12-27,2003,0.13843478559243932,32432
2004-01-01,2004,0.13467438838166623,34371
2004-01-09,2004,0.14120040709623835,31751
2004-01-17,2004,0.32164567471637656,8216
2004-01-25,2004,,0
2004-02-02,2004,0.14227472778605565,32400
2004-02-10,2004,0.14654481323402166,28334
2004-02-18,2004,0.13056891196119322,16867
2004-02-26,2004,0.13187590091875515,14803
2004-03-05,2004,0.23603025671972758,19151
2004-03-13,2004,0.21291995812223682,20611
2004-03-21,2004,0.1349393605617748,33724
2004-03-29,2004,0.11127132398624376,28240
2004-04-06,2004,0.13672279128618,34815
2004-04-14,2004,0.16612636527438954,26880
2004-04-22,2004,0.1418443094082692,30514
2004-04-30,2004,0.1666410111834845,27641
2004-05-08,2004,0.1343943654925003,35534
2004-05-16,2004,0.15071226139027194,30468
2004-05-24,2004,0.13314627246960495,35618
2004-06-01,2004,0.2622322684994456,16541
2004-06-09,2004,0.13337116880865751,35662
2004-06-17,2004,0.15743898681735038,30412
2004-06-25,2004,0.13408119760433143,35399
2004-07-03,2004,0.13316037909627915,35385
2004-07-11,2004,0.1345821916293557,34977
2004-07-19,2004,0.13226827564349006,35417
2004-07-27,2004,0.13346052379956513,35661
2004-08-04,2004,0.13130876762783988,35634
2004-08-12,2004,0.12902469425281657,35549
2004-08-20,2004,0.13278261525018184,35712
2004-08-28,2004,0.128737368138815,35436
2004-09-05,2004,0.1267460572538211,35491
2004-09-13,2004,0.1267481368954797,35664
2004-09-21,2004,0.10855637152698179,35673
2004-09-29,2004,0.12951039677464002,35588
2004-10-07,2004,0.12086960747638188,35293
2004-10-15,2004,0.10973152710009841,34750
2004-10-23,2004,0.10003723685135406,34344
2004-10-31,2004,0.12752643701350025,35594
2004-11-08,2004,0.0824282772215313,30923
2004-11-16,2004,0.11338415177110181,34012
2004-11-24,2004,0.2200735997880467,12670
2004-12-02,2004,0.17618210896554645,11816
2004-12-10,2004,0.14739053967058113,16886
2004-12-18,2004,0.23603496227631932,16066
2004-12-26,2004,0.0748991358656079,6021
2005-01-01,2005,0.14423410241211454,13964
2005-01-09,2005,0.2638710503118552,10484
2005-01-17,2005,0.2844148510520162,12164
2005-01-25,2005,0.1543695319667399,21897
2005-02-02,2005,0.09920307377683459,29411
2005-02-10,2005,0.14088527821982377,33718
2005-02-18,2005,0.13675128550049773,34160
2005-02-26,2005,0.15133452191852143,29055
2005-03-06,2005,0.13382200284465906,34613
2005-03-14,2005,0.14109876301157093,33784
2005-03-22,2005,0.13360204519416152,35422
2005-03-30,2005,0.1422276265602428,33366
2005-04-07,2005,0.13397205636137324,34977
2005-04-15,2005,0.1327959651607663,35716
2005-04-23,2005,0.1417261144115103,33575
2005-05-01,2005,0.13170748074868974,35657
2005-05-09,2005,0.13199656921157726,35709
2005-05-17,2005,0.13752504268358873,34326
2005-05-25,2005,0.13136088127174567,35681
2005-06-02,2005,0.13231050324839072,35607
2005-06-10,2005,0.13299119415327507,35687
2005-06-18,2005,0.13250290037401996,34647
2005-06-26,2005,0.13058277916738575,35596
2005-07-04,2005,0.14202453838469167,31985
2005-07-12,2005,0.13155730393306372,35545
2005-07-20,2005,0.1310810568982021,35656
2005-07-28,2005,0.12959447242887867,35584
2005-08-05,2005,0.12623981158307598,35436
2005-08-13,2005,0.13040425111143605,35693
2005-08-21,2005,0.12881763464272122,35644
2005-08-29,2005,0.13130561312916508,35711
2005-09-06,2005,0.12755862960944897,35645
2005-09-14,2005,0.12206904077698132,35632
2005-09-22,2005,0.12337709874180246,35682
2005-09-30,2005,0.12570636044067446,35546
2005-10-08,2005,0.1261351988964083,35660
2005-10-16,2005,0.0839097191632365,34202
2005-10-24,2005,0.1249745696809752,35656
2005-11-01,2005,0.10378512758932437,34797
2005-11-09,2005,0.12152176171533334,35710
2005-11-17,2005,0.11329358119957922,35488
2005-11-25,2005,0.13327627324112018,31155
2005-12-03,2005,0.1191074222520439,33654
2005-12-11,2005,0.12906684599945772,29360
2005-12-19,2005,0.25506146477776104,11723
2005-12-27,2005,0.33482184045206487,10409
2006-01-01,2006,0.2305573091353985,8215
2006-01-09,2006,0.1263240798069994,12446
2006-01-17,2006,0.13019870984715037,26637
2006-01-25,2006,0.14557622926705358,30914
2006-02-02,2006,0.13044558979036874,15216
2006-02-10,2006,0.16057016108552308,24560
2006-02-18,2006,0.12837994185091378,34190
2006-02-26,2006,0.1592101857299891,27898
2006-03-06,2006,0.20063437866780476,16433
2006-03-14,2006,0.1499038628005435,30347
2006-03-22,2006,0.2538908551994762,17445
2006-03-30,2006,0.1474714966934202,31058
2006-04-07,2006,0.16238488003711374,26481
2006-04-15,2006,0.13389420174552233,34703
2006-04-23,2006,0.13152302502109772,35282
2006-05-01,2006,0.13034638506271146,35699
2006-05-09,2006,0.13174591535325614,35624
2006-05-17,2006,0.13042902623741853,35694
2006-05-25,2006,0.1410074733745071,33224
2006-06-02,2006,0.1302134208355776,35683
2006-06-10,2006,0.12400148898053165,35465
2006-06-18,2006,0.13077858812769635,35669
2006-06-26,2006,0.1373918919537551,31299
2006-07-04,2006,0.12858012467434982,35457
2006-07-12,2006,0.13132888266440695,34478
2006-07-20,2006,0.13136718949573362,35592
2006-07-28,2006,0.13115893590501693,35475
2006-08-05,2006,0.1276952725940012,35584
2006-08-13,2006,0.12934369622063757,35687
2006-08-21,2006,0.12888641368556603,35628
2006-08-29,2006,0.12762057964080398,35675
2006-09-06,2006,0.12338089860360056,34313
2006-09-14,2006,0.11917279052693244,35526
2006-09-22,2006,0.12472695817984032,35639
2006-09-30,2006,0.09582448410532525,35262
2006-10-08,2006,0.12024203340393275,35524
2006-10-16,2006,0.05933675558431991,34737
2006-10-24,2006,0.12293511119953966,35678
2006-11-01,2006,0.1177317392700923,35583
2006-11-09,2006,0.11790077369436917,35548
2006-11-17,2006,0.11601286622670631,34723
2006-11-25,2006,0.14638189543023933,29250
2006-12-03,2006,0.14101969906744563,28311
2006-12-11,2006,0.20941461568769057,18342
2006-12-19,2006,0.12298543298933316,34134
2006-12-27,2006,0.4111203196870602,5640
2007-01-01,2007,0.16653936837910535,712
2007-01-09,2007,0.19523259177060137,16836
2007-01-17,2007,0.17102316467212544,4094
2007-01-25,2007,0.2238270216028526,20465
2007-02-02,2007,0.14539313103084867,26924
2007-02-10,2007,0.13514153657858752,34093
2007-02-18,2007,0.1560685204266931,25266
2007-02-26,2007,0.16113099159914027,27603
2007-03-06,2007,0.2154072069198102,16619
2007-03-14,2007,0.12776327542214488,35495
2007-03-22,2007,0.1553765178174969,26284
2007-03-30,2007,0.12267855434094928,34747
2007-04-07,2007,0.16413409166991347,27808
2007-04-15,2007,0.1469515477231802,31570
2007-04-23,2007,0.12813593762693648,35480
2007-05-01,2007,0.15473379907459328,28913
2007-05-09,2007,0.13129173149307452,34798
2007-05-17,2007,0.12855760723334228,35676
2007-05-25,2007,0.14698948235805748,31308
2007-06-02,2007,0.1294154397054843,35683
2007-06-10,2007,0.12830483028830175,35636
2007-06-18,2007,0.15439396910705586,23956
2007-06-26,2007,0.12699388402740933,35545
2007-07-04,2007,0.13388297070709315,34306
2007-07-12,2007,0.17952024837390015,24314
2007-07-20,2007,0.12881028446058973,35646
2007-07-28,2007,0.12809031811414534,35601
2007-08-05,2007,0.12846025697130786,35331
2007-08-13,2007,0.12676504775007028,35328
2007-08-21,2007,0.12833840628863755,35658
2007-08-29,2007,0.1249408567308962,35571
2007-09-06,2007,0.12622659140360798,35595
2007-09-14,2007,0.1252971177345775,35703
2007-09-22,2007,0.12828559628521646,35727
2007-09-30,2007,0.11935352407536608,35717
2007-10-08,2007,0.12074520139273047,35718
2007-10-16,2007,0.08217600183111776,33894
2007-10-24,2007,0.10754802045551412,32757
2007-11-01,2007,0.10366846896174131,34984
2007-11-09,2007,0.10057411788865417,34508
2007-11-17,2007,0.11480241823404076,35142
2007-11-25,2007,0.12387892909392495,35676
2007-12-03,2007,0.2079107358814272,17960
2007-12-11,2007,0.13334006899124068,29932
2007-12-19,2007,0.39400807673395954,7914
2007-12-27,2007,0.16121227542053387,10642
2008-01-01,2008,0.17163703573246125,20454
2008-01-09,2008,0.325642036323944,11535
2008-01-17,2008,0.20162671168485774,15800
2008-01-25,2008,0.1597447066325403,8990
2008-02-02,2008,0.12330687456576685,33054
2008-02-10,2008,0.13057911389705398,35530
2008-02-18,2008,0.17125057312444872,26188
2008-02-26,2008,0.1511589516519914,27019
2008-03-05,2008,0.1976715635332685,22581
2008-03-13,2008,0.1710826348632156,25179
2008-03-21,2008,0.13025408313258366,35369
2008-03-29,2008,0.13080466945055885,35697
2008-04-06,2008,0.12411218272161452,35399
2008-04-14,2008,0.1305606607316266,35656
2008-04-22,2008,0.13164657995613446,35390
2008-04-30,2008,0.1316938596275593,35691
2008-05-08,2008,0.13068682690728425,35692
2008-05-16,2008,0.1341399566130573,35347
2008-05-24,2008,0.13276075569756826,35578
2008-06-01,2008,0.1313329691020391,35658
2008-06-09,2008,0.1323893661019235,34921
2008-06-17,2008,0.13163715526373984,34924
2008-06-25,2008,0.13143013239148812,35590
2008-07-03,2008,0.1308585505136744,35617
2008-07-11,2008,0.13207609529838138,35597
2008-07-19,2008,0.13020621753519315,35341
2008-07-27,2008,0.13205572215659125,35540
2008-08-04,2008,0.125335261709539,35437
2008-08-12,2008,0.13136984868142795,35095
2008-08-20,2008,0.12660566844277021,35506
2008-08-28,2008,0.12914611404524753,35671
2008-09-05,2008,0.12487281955332354,35534
2008-09-13,2008,0.11582660175621137,35172
2008-09-21,2008,0.13001932005249486,35720
2008-09-29,2008,0.1294509476575867,35712
2008-10-07,2008,0.1274799877784546,35698
2008-10-15,2008,0.11318048339605229,35141
2008-10-23,2008,0.12047238693198646,35581
2008-10-31,2008,0.12546325059994418,35731
2008-11-08,2008,0.12637911555571957,35698
2008-11-16,2008,0.12348716707591535,35600
2008-11-24,2008,0.13538032196354252,31900
2008-12-02,2008,0.12670187594981835,12163
2008-12-10,2008,0.14612906758688532,8324
2008-12-18,2008,0.13145886480601576,34589
2008-12-26,2008,0.12965931880522308,33275
2009-01-01,2009,0.1491954705891083,30571
2009-01-09,2009,0.14285586384465357,29804
2009-01-17,2009,0.16429385192166496,18513
2009-01-25,2009,0.1443317789714228,28343
2009-02-02,2009,0.15782784473886874,28412
2009-02-10,2009,0.11286431247216745,32127
2009-02-18,2009,0.14839405724485197,27116
2009-02-26,2009,0.1498184100138681,28332
2009-03-06,2009,0.14502640133415662,31091
2009-03-14,2009,0.20427538807236365,2806
2009-03-22,2009,0.14296263084200705,32519
2009-03-30,2009,0.18723130370950938,22532
2009-04-07,2009,0.13111118561107638,35686
2009-04-15,2009,0.1378355189900623,34161
2009-04-23,2009,0.13281458156302858,35093
2009-05-01,2009,0.13054129832397865,34972
2009-05-09,2009,0.1583946718776386,29130
2009-05-17,2009,0.1309652528628296,35703
2009-05-25,2009,0.13145093535210858,35695
2009-06-02,2009,0.1293976466031457,35626
2009-06-10,2009,0.1311981276180803,35663
2009-06-18,2009,0.13143616111759587,35546
2009-06-26,2009,0.13136852582831093,35580
2009-07-04,2009,0.1505660978521843,30210
2009-07-12,2009,0.1294305919717211,35563
2009-07-20,2009,0.13117162852791922,35421
2009-07-28,2009,0.13115027315768105,35630
2009-08-05,2009,0.1322525231706869,35354
2009-08-13,2009,0.12896390885242387,35612
2009-08-21,2009,0.1280194155347835,35548
2009-08-29,2009,0.1292529756493277,35642
2009-09-06,2009,0.12668724051359972,35522
2009-09-14,2009,0.12503728492961308,35632
2009-09-22,2009,0.09186089398784916,34831
2009-09-30,2009,0.12451104354694947,35292
2009-10-08,2009,0.11277795022890755,35273
2009-10-16,2009,0.11796688313827779,35706
2009-10-24,2009,0.12449500955557459,35632
2009-11-01,2009,0.12551005012489325,35694
2009-11-09,2009,0.11585447242169909,34500
2009-11-17,2009,0.03980423962258338,31648
2009-11-25,2009,0.12850551833321744,34713
2009-12-03,2009,0.1398402368361925,30212
2009-12-11,2009,0.12568696833058401,35690
2009-12-19,2009,0.13548883381451537,31830
2009-12-27,2009,0.13518551049664446,31774
2010-01-01,2010,0.1204520865628458,33956
2010-01-09,2010,0.13497355184299478,32387
2010-01-17,2010,0.14025364609862828,25654
2010-01-25,2010,0.16733275650461923,25300
2010-02-02,2010,0.16009056653756837,23059
2010-02-10,2010,0.20173975560363394,21355
2010-02-18,2010,0.26063204887218044,340
2010-02-26,2010,0.26996708945249687,2456
2010-03-06,2010,0.13922413427743305,31936
2010-03-14,2010,0.2509098450705684,15659
2010-03-22,2010,0.1489765920447006,29553
2010-03-30,2010,0.2162699706397316,16605
2010-04-07,2010,0.12692965292003805,31009
2010-04-15,2010,0.1146614581789794,34301
2010-04-23,2010,0.14684396390777102,28205
2010-05-01,2010,0.12749008885774513,35656
2010-05-09,2010,0.12786293314188932,35718
2010-05-17,2010,0.18841481881971464,23659
2010-05-25,2010,0.12747882511429173,35515
2010-06-02,2010,0.12689554335336772,35533
2010-06-10,2010,0.12958662633086274,35004
2010-06-18,2010,0.16030194339847428,26499
2010-06-26,2010,0.16808892045414145,25194
2010-07-04,2010,0.1357173915346382,32753
2010-07-12,2010,0.1286865055887342,35573
2010-07-20,2010,0.12758597937590907,35661
2010-07-28,2010,0.15520914716888023,27961
2010-08-05,2010,0.14004671996353554,30609
2010-08-13,2010,0.12682337528877846,35588
2010-08-21,2010,0.12888261755834532,35506
2010-08-29,2010,0.12585739272068452,35650
2010-09-06,2010,0.12178765066399405,35598
2010-09-14,2010,0.12543288094921246,35665
2010-09-22,2010,0.12189721386572402,35706
2010-09-30,2010,0.12235169757854299,35690
2010-10-08,2010,0.10488101492530574,35453
2010-10-16,2010,0.11652717254707186,35511
2010-10-24,2010,0.11403958418320671,35442
2010-11-01,2010,0.10966115433552065,35457
2010-11-09,2010,0.11498154548471445,35488
2010-11-17,2010,0.11313186277206648,34508
2010-11-25,2010,0.12056468854863897,32420
2010-12-03,2010,0.14444903260742006,29848
2010-12-11,2010,0.12950253603189082,31427
2010-12-19,2010,0.1375361869081744,31060
2010-12-27,2010,0.11173033898322392,31247
2011-01-01,2011,0.12674960854238337,28036
2011-01-09,2011,0.015245645787630251,13208
2011-01-17,2011,0.12483345748143075,30538
2011-01-25,2011,0.20360052684950988,6800
2011-02-02,2011,0.13244529019980975,26753
2011-02-10,2011,0.16631008588867996,19209
2011-02-18,2011,0.16017082453566592,26755
2011-02-26,2011,0.13131508558963376,29898
2011-03-06,2011,0.2291792926388568,16932
2011-03-14,2011,0.2243279535078965,18557
2011-03-22,2011,0.14378268593318222,29208
2011-03-30,2011,0.19474858517770546,21414
2011-04-07,2011,0.1483602716545019,29188
2011-04-15,2011,0.12780812434042088,33807
2011-04-23,2011,0.1272368796432716,34680
2011-05-01,2011,0.1265398900462206,35480
2011-05-09,2011,0.12880410852310079,34583
2011-05-17,2011,0.12944362137036985,34638
2011-05-25,2011,0.12261045077371584,35567
2011-06-02,2011,0.12434735255225762,35655
2011-06-10,2011,0.12393480497122704,35629
2011-06-18,2011,0.1269276336375883,35402
2011-06-26,2011,0.12604412325568737,35606
2011-07-04,2011,0.12706099711670327,35617
2011-07-12,2011,0.12516470669405574,35432
2011-07-20,2011,0.12456680746684716,35586
2011-07-28,2011,0.12428186847853745,35442
2011-08-05,2011,0.12401622097806357,35606
2011-08-13,2011,0.12234489473808173,35553
2011-08-21,2011,0.12526634502025685,35647
2011-08-29,2011,0.1227805770080358,35657
2011-09-06,2011,0.12318875059127106,35622
2011-09-14,2011,0.11243007443004994,35513
2011-09-22,2011,0.12376932638723975,35692
2011-09-30,2011,0.11116254946016724,35435
2011-10-08,2011,0.08836159346509558,27423
2011-10-16,2011,0.11012588467045908,35451
2011-10-24,2011,0.11605713950322928,35672
2011-11-01,2011,0.10153133915539479,34368
2011-11-09,2011,0.11555828849946313,35713
2011-11-17,2011,0.11092784624834817,34671
2011-11-25,2011,0.11259577473036855,34933
2011-12-03,2011,0.11900682407206539,34749
2011-12-11,2011,0.12383433714216549,31693
2011-12-19,2011,0.11339615999291003,35630
2011-12-27,2011,0.017738609718021454,26097
2012-01-01,2012,0.30991555662178727,3654
2012-01-09,2012,0.13339983874809624,22976
2012-01-17,2012,0.3471245767069727,5871
2012-01-25,2012,0.13172259261868802,30850
2012-02-02,2012,0.14340616744227758,26084
2012-02-10,2012,0.1199407769991935,31999
2012-02-18,2012,0.12221767910888308,32941
2012-02-26,2012,0.1588132109107671,25114
2012-03-05,2012,0.1026810153388597,23542
2012-03-13,2012,0.12086024920223311,34732
2012-03-21,2012,0.13653699961974267,25072
2012-03-29,2012,0.12043381218776195,32838
2012-04-06,2012,0.12971331900690414,32676
2012-04-14,2012,0.12138494461483018,34333
2012-04-22,2012,0.12143171436706063,35589
2012-04-30,2012,0.12070823469216937,35619
2012-05-08,2012,0.12227773257896535,35498
2012-05-16,2012,0.12103120866133778,35635
2012-05-24,2012,0.12238278161081519,35248
2012-06-01,2012,0.11903285074681104,35652
2012-06-09,2012,0.11795463679898091,35574
2012-06-17,2012,0.11871133830306382,35645
2012-06-25,2012,0.11740801365732693,35574
2012-07-03,2012,0.11609731577562661,35606
2012-07-11,2012,0.11759820278246325,35629
2012-07-19,2012,0.11651439760372234,35603
2012-07-27,2012,0.11645098563232183,35665
2012-08-04,2012,0.11450398347998249,35615
2012-08-12,2012,0.11408163322426863,35622
2012-08-20,2012,0.11299194023433874,35712
2012-08-28,2012,0.10635034846402765,35639
2012-09-05,2012,0.10653234254105329,35673
2012-09-13,2012,0.11026231506780208,34540
2012-09-21,2012,0.10584451659552346,35712
2012-09-29,2012,0.0896508001631669,35461
2012-10-07,2012,0.09837779454447038,35704
2012-10-15,2012,0.09435216021299561,35591
2012-10-23,2012,0.10008809971266248,35518
2012-10-31,2012,0.09529399490773065,35220
2012-11-08,2012,0.09106975329330368,35562
2012-11-16,2012,0.0852057164455699,35219
2012-11-24,2012,0.09991226072629374,35736
2012-12-02,2012,0.09537211481014397,31631
2012-12-10,2012,0.16405893990812578,5634
2012-12-18,2012,0.11323493773071541,25234
2012-12-26,2012,0.10809385001559664,24410
2013-01-01,2013,0.1685366892267318,17984
2013-01-09,2013,0.21396023236354744,17190
2013-01-17,2013,0.18417666583794573,20910
2013-01-25,2013,0.05614708515313459,8862
2013-02-02,2013,0.14808813461173054,26456
2013-02-10,2013,0.24677796994046738,3703
2013-02-18,2013,0.13726409433489525,28318
2013-02-26,2013,0.15982729753536307,27056
2013-03-06,2013,0.18102397642704107,22959
2013-03-14,2013,0.13713113909068328,31278
2013-03-22,2013,0.13662562997377828,32663
2013-03-30,2013,0.12928721428695372,35617
2013-04-07,2013,0.11242699323846811,34999
2013-04-15,2013,0.12830502762601756,35596
2013-04-23,2013,0.13979040439060658,32988
2013-05-01,2013,0.13650683416370077,33196
2013-05-09,2013,0.12885104148628918,35697
2013-05-17,2013,0.1305604754757374,34349
2013-05-25,2013,0.12586059025001678,35665
2013-06-02,2013,0.12362566406530372,35668
2013-06-10,2013,0.12417694430933447,34794
2013-06-18,2013,0.12867723052674507,33655
2013-06-26,2013,0.12309520516147507,35608
2013-07-04,2013,0.12436037896341544,35057
2013-07-12,2013,0.12221262793044363,35493
2013-07-20,2013,0.12083226995207048,35552
2013-07-28,2013,0.11908509856210522,35379
2013-08-05,2013,0.1208094178906087,35600
2013-08-13,2013,0.12065186570523964,35654
2013-08-21,2013,0.12098103713221157,35633
2013-08-29,2013,0.11725884231769382,35611
2013-09-06,2013,0.11452909385817493,35555
2013-09-14,2013,0.10199908802156539,35683
2013-09-22,2013,0.11134997910525783,35691
2013-09-30,2013,0.11455364132402264,34769
2013-10-08,2013,0.09507411103545634,35393
2013-10-16,2013,0.09811773541839806,35369
2013-10-24,2013,0.10864111713115675,35572
2013-11-01,2013,0.10359896522376626,35509
2013-11-09,2013,0.10605716661703324,35501
2013-11-17,2013,0.09977829352323027,34594
2013-11-25,2013,0.09845631506748692,35070
2013-12-03,2013,0.10510931152814271,35510
2013-12-11,2013,0.10870876739355927,34367
2013-12-19,2013,0.105345616884457,32292
2013-12-27,2013,0.1582131522493412,15798
2014-01-01,2014,0.1832493889441332,8850
2014-01-09,2014,0.05595207857509312,27647
2014-01-17,2014,0.128176570047037,30207
2014-01-25,2014,0.11867771837118177,26904
2014-02-02,2014,0.18038648865263268,17456
2014-02-10,2014,0.18851803077589155,16528
2014-02-18,2014,0.07854621884126119,23732
2014-02-26,2014,0.1479697648564292,20352
2014-03-06,2014,0.13891969467764728,27801
2014-03-14,2014,0.18508468284302024,22252
2014-03-22,2014,0.12351782599294649,32471
2014-03-30,2014,0.14732264249081997,27728
2014-04-07,2014,0.20294619030835728,18789
2014-04-15,2014,0.12100020788419262,34028
2014-04-23,2014,0.1318558978124164,32416
2014-05-01,2014,0.10146698805619532,34914
2014-05-09,2014,0.10226747770450896,35102
2014-05-17,2014,0.1192831727948147,34792
2014-05-25,2014,0.11347393132722139,35483
2014-06-02,2014,0.109353107174617,35454
2014-06-10,2014,0.10870019354591,35323
2014-06-18,2014,0.11442419704664188,35558
2014-06-26,2014,0.11129358236157243,35431
2014-07-04,2014,0.11315704615831192,34944
2014-07-12,2014,0.11318127820308788,35080
2014-07-20,2014,0.11111254609334485,35514
2014-07-28,2014,0.1133911555234713,35606
2014-08-05,2014,0.11207557719118946,35475
2014-08-13,2014,0.1099122375125174,34664
2014-08-21,2014,0.1096804922056234,35587
2014-08-29,2014,0.11044943927281717,35577
2014-09-06,2014,0.10907150755683101,35544
2014-09-14,2014,0.11155578599436118,35689
2014-09-22,2014,0.10523450743072117,35678
2014-09-30,2014,0.09594313736220146,35709
2014-10-08,2014,0.09607434892610447,35609
2014-10-16,2014,0.09802148428336174,35699
2014-10-24,2014,0.10431329878625968,35602
2014-11-01,2014,0.08965929367271568,35494
2014-11-09,2014,0.09348322688955951,35627
2014-11-17,2014,0.0923889768725261,35631
2014-11-25,2014,0.09405224265626508,35607
2014-12-03,2014,0.08819982316334361,35299
2014-12-11,2014,0.06738182119946283,31007
2014-12-19,2014,0.0719583656994478,26027
2014-12-27,2014,0.0730681094807773,34981
2015-01-01,2015,0,30
2015-01-09,2015,0.3236805007401653,4698
2015-01-17,2015,0.18395714889020473,28115
2015-01-25,2015,0.15373908079973653,16008
2015-02-02,2015,0.3727253244204495,11484
2015-02-10,2015,0.17242724855336572,29119
2015-02-18,2015,0.19826396053546855,26178
2015-02-26,2015,0.16663191570625513,26895
2015-03-06,2015,0.16201800837331998,30220
2015-03-14,2015,0.15130830281673446,30589
2015-03-22,2015,0.15641529211131958,31280
2015-03-30,2015,0.13243742869011083,35178
2015-04-07,2015,0.1468204299362616,34626
2015-04-15,2015,0.23952475638012952,18167
2015-04-23,2015,0.13504202823092187,35354
2015-05-01,2015,0.1436399162595949,35717
2015-05-09,2015,0.1411134671103008,35623
2015-05-17,2015,0.14095677222581202,35594
2015-05-25,2015,0.1390459008265222,35439
2015-06-02,2015,0.13785297879184916,35581
2015-06-10,2015,0.13568918314478035,35497
2015-06-18,2015,0.13878793283631558,35597
2015-06-26,2015,0.13893046848803067,35504
2015-07-04,2015,0.13427208886155653,35499
2015-07-12,2015,0.13521572589131597,35530
2015-07-20,2015,0.13274254463134982,35587
2015-07-28,2015,0.1347924214527526,35589
2015-08-05,2015,0.13388625712100916,35533
2015-08-13,2015,0.13624347874735976,35642
2015-08-21,2015,0.1318959108640342,35569
2015-08-29,2015,0.12978203893281934,35607
2015-09-06,2015,0.1302660433574991,35546
2015-09-14,2015,0.13137917069730656,35600
2015-09-22,2015,0.13310158370927022,35718
2015-09-30,2015,0.1288085459715001,35662
2015-10-08,2015,0.12537338540775878,35562
2015-10-16,2015,0.1227699996997255,35459
2015-10-24,2015,0.12340607940375378,35420
2015-11-01,2015,0.12894166080673358,35644
2015-11-09,2015,0.12506486069853098,35635
2015-11-17,2015,0.10586093431880944,34251
2015-11-25,2015,0.12098180680193873,35379
2015-12-03,2015,0.1348808343017181,33700
2015-12-11,2015,0.13017208681469622,33250
2015-12-19,2015,0.12040560369207569,24286
2015-12-27,2015,0.1533213215596679,29731
2016-01-01,2016,0.14603381879526486,31068
2016-01-09,2016,0.1172546028367553,32077
2016-01-17,2016,0.12523669958937558,34645
2016-01-25,2016,0.14380857108696748,23123
2016-02-02,2016,0.10007853217946726,33563
2016-02-10,2016,0.12391992181830472,35022
2016-02-18,2016,,0
2016-02-26,2016,0.05491550424883766,6264
2016-03-05,2016,0.11966355104768522,29036
2016-03-13,2016,0.14449387543005277,30878
2016-03-21,2016,0.1542300653907757,23602
2016-03-29,2016,0.13751983877399712,32786
2016-04-06,2016,0.1328727505774206,9799
2016-04-14,2016,0.12356928255027479,35594
2016-04-22,2016,0.1178416771866361,35420
2016-04-30,2016,0.17643640110557787,22755
2016-05-08,2016,0.11608540688184923,35198
2016-05-16,2016,0.12347183734440473,34754
2016-05-24,2016,0.10523946198435467,34661
2016-06-01,2016,0.11710328083908236,35432
2016-06-09,2016,0.10265141814456742,34895
2016-06-17,2016,0.09207396196891106,34578
2016-06-25,2016,0.11430950477541514,35402
2016-07-03,2016,0.1445125659178728,26256
2016-07-11,2016,0.170598322133107,21417
2016-07-19,2016,0.1106013834872705,34890
2016-07-27,2016,0.1150808467284852,35622
2016-08-04,2016,0.11222568753208223,35404
2016-08-12,2016,0.11651242813842035,35489
2016-08-20,2016,0.11611929591705958,35636
2016-08-28,2016,0.11675818890534075,35233
2016-09-05,2016,0.11141006249120249,35699
2016-09-13,2016,0.110799064381337,35685
2016-09-21,2016,0.09813542962981145,35699
2016-09-29,2016,0.10838007452112519,35646
2016-10-07,2016,0.08012813735043729,34902
2016-10-15,2016,0.0824936139360914,35482
2016-10-23,2016,0.09207272093728391,35708
2016-10-31,2016,0.08759190910378413,35687
2016-11-08,2016,0.07922595602237924,35417
2016-11-16,2016,0.09602464513406911,32937
2016-11-24,2016,0.09044463108786628,28272
2016-12-02,2016,0.11071579648459567,28471
2016-12-10,2016,0.0825432529405013,31968
2016-12-18,2016,0.07966367459371078,35347
2016-12-26,2016,0.08805702041870259,32095
2017-01-01,2017,0.08735352548502641,31459
2017-01-09,2017,0.4264518684972788,1222
2017-01-17,2017,0.12835448729740218,19837
2017-01-25,2017,0.1073622843481629,32620
2017-02-02,2017,0.13787053912729977,29471
2017-02-10,2017,0.07123183675265707,13003
2017-02-18,2017,0.1381186920864302,28281
2017-02-26,2017,0.10895114187669809,33422
2017-03-06,2017,0.12359395069524257,32228
2017-03-14,2017,0.1002876309432777,34454
2017-03-22,2017,0.3408240329646782,9504
2017-03-30,2017,0.12030438367718022,34911
2017-04-07,2017,0.11345824215261494,31274
2017-04-15,2017,0.12361785324204118,30678
2017-04-23,2017,0.1176161256498062,31497
2017-05-01,2017,0.12621449325485742,30836
2017-05-09,2017,0.10503137522387267,34718
2017-05-17,2017,0.10392173229394482,35361
2017-05-25,2017,0.09618840636707629,34980
2017-06-02,2017,0.11135878662295208,33484
2017-06-10,2017,0.10914320099690585,35341
2017-06-18,2017,0.10487545639246072,35490
2017-06-26,2017,0.10671110542180229,35076
2017-07-04,2017,0.10268156248735302,35479
2017-07-12,2017,0.10393785144394956,35625
2017-07-20,2017,0.10419135158707464,35385
2017-07-28,2017,0.10357675535325322,35088
2017-08-05,2017,0.10218838305607522,35606
2017-08-13,2017,0.10221031424855428,35686
2017-08-21,2017,0.10450985626948525,35701
2017-08-29,2017,0.101545107599492,35633
2017-09-06,2017,0.10044269678732104,35709
2017-09-14,2017,0.08694152292335604,35664
2017-09-22,2017,0.09216380057738865,35695
2017-09-30,2017,0.08097129539644315,35646
2017-10-08,2017,0.09270605438228312,35727
2017-10-16,2017,0.07542862883421869,35727
2017-10-24,2017,0.07356180466260397,35667
2017-11-01,2017,0.07775725146522645,35663
2017-11-09,2017,0.06843924202961225,35702
2017-11-17,2017,0.07509719862817997,34145
2017-11-25,2017,0.06102389837379664,35513
2017-12-03,2017,0.06190595408079258,30658
2017-12-11,2017,0.13668566168933047,14757
2017-12-19,2017,0.09705490244620496,18990
2017-12-27,2017,0.06611098830961132,35253
2018-01-01,2018,0.0596205025403519,35290
2018-01-09,2018,0.06285643821822744,31254
2018-01-17,2018,0.08237285405907234,25603
2018-01-25,2018,0.06747940891926309,29848
2018-02-02,2018,0.16516228912879075,6083
2018-02-10,2018,0.026052942367852768,23278
2018-02-18,2018,0.1191529088622179,23934
2018-02-26,2018,0.20810414996757923,8216
2018-03-06,2018,0.12906297489288165,22468
2018-03-14,2018,0.14706066357816222,21197
2018-03-22,2018,0.10342473650399975,30067
2018-03-30,2018,0.09663236972917305,33302
2018-04-07,2018,0.19188652806394713,14449
2018-04-15,2018,0.10024749550500503,32407
2018-04-23,2018,0.07177980567420034,33903
2018-05-01,2018,0.07219671122746028,33425
2018-05-09,2018,0.07921705869461575,35307
2018-05-17,2018,0.09589951993887866,33607
2018-05-25,2018,0.08205585570646495,35595
2018-06-02,2018,0.07190781517501606,35389
2018-06-10,2018,0.08259568976150385,31794
2018-06-18,2018,0.08097237413117869,34463
2018-06-26,2018,0.07860497098581137,35668
2018-07-04,2018,0.09808814208286436,27742
2018-07-12,2018,0.08122271012828437,34716
2018-07-20,2018,0.08202135476489497,35657
2018-07-28,2018,0.07014290429775065,35594
2018-08-05,2018,0.07184834620538974,35724
2018-08-13,2018,0.06194846601467612,35446
2018-08-21,2018,0.06403728470473617,35699
2018-08-29,2018,0.07451792591465072,35633
2018-09-06,2018,0.06097326387413228,35659
2018-09-14,2018,0.05459324909586093,35727
2018-09-22,2018,0.05664318795292927,35709
2018-09-30,2018,0.06437003064116123,35491
2018-10-08,2018,0.050623498071693376,35654
2018-10-16,2018,0.04426796800620255,35674
2018-10-24,2018,0.01901912072575013,35717
2018-11-01,2018,0.0005127336107605699,35708
2018-11-09,2018,0.00031314208780370206,35733
2018-11-17,2018,0.011279875353570256,27530
2018-11-25,2018,0.00343065421489246,34671
2018-12-03,2018,0.0011796708024537149,33612
2018-12-11,2018,0.07897474349323395,2682
2018-12-19,2018,0.03388368675934863,4577
2018-12-27,2018,0.09265112863145183,32126
2019-01-01,2019,0.18399828977797178,17859
2019-01-09,2019,0.17247652328975943,8258
2019-01-17,2019,0,674
2019-01-25,2019,0.12327642105179262,26953
2019-02-02,2019,0.13206975021736542,19304
2019-02-10,2019,0.03125314671062279,29695
2019-02-18,2019,0.09639125526599449,35241
2019-02-26,2019,0.10851466716808539,32780
2019-03-06,2019,0.12740354387358702,33553
2019-03-14,2019,0.14600982177860014,29617
2019-03-22,2019,0.11732972026985053,35321
2019-03-30,2019,0.11276693446323083,33844
2019-04-07,2019,0.12925432442898943,27833
2019-04-15,2019,0.11798578881492215,34525
2019-04-23,2019,0.1059976957660287,33961
2019-05-01,2019,0.12549826248949048,32809
2019-05-09,2019,0.11509260583483744,35414
2019-05-17,2019,0.11597623654986235,35593
2019-05-25,2019,0.11685245999891695,35134
2019-06-02,2019,0.1147972765535188,35530
2019-06-10,2019,0.11772015765739238,33850
2019-06-18,2019,0.11191220113267118,33723
2019-06-26,2019,0.1114064528773364,35169
2019-07-04,2019,0.11416668541980757,35447
2019-07-12,2019,0.11450693498776778,35433
2019-07-20,2019,0.11391540232360878,35549
2019-07-28,2019,0.11698426979611827,35660
2019-08-05,2019,0.11439441135206656,35688
2019-08-13,2019,0.11452302538646947,35644
2019-08-21,2019,0.11421953033636449,35677
2019-08-29,2019,0.11357305116333628,35682
2019-09-06,2019,0.11046853069727293,35618
2019-09-14,2019,0.10930379718531547,35671
2019-09-22,2019,0.11135962541360278,35670
2019-09-30,2019,0.10678515953568885,35432
2019-10-08,2019,0.10604426974803693,35693
2019-10-16,2019,0.10579236355553694,35615
2019-10-24,2019,0.10187821324019683,35705
2019-11-01,2019,0.10037934354253512,35182
2019-11-09,2019,0.09847484053472348,34776
2019-11-17,2019,0.10717541276649979,29719
2019-11-25,2019,0.11257714123878444,21568
2019-12-03,2019,0.11675395191453745,29912
2019-12-11,2019,0.14121483973026272,25681
2019-12-19,2019,0.11898225813544316,27459
2019-12-27,2019,0.053246160615822574,2973
2020-01-01,2020,0.2059357318244902,15843
2020-01-09,2020,0.11950790663151155,17694
2020-01-17,2020,0.15355921318846374,24619
2020-01-25,2020,0.06394172214904041,20017
2020-02-02,2020,0.24257524651685736,10484
2020-02-10,2020,0.338950445636368,7919
2020-02-18,2020,0.12023223416827931,33946
2020-02-26,2020,0.13212417389373807,29844
2020-03-05,2020,0.11405535416233042,29794
2020-03-13,2020,0.11457452100213832,35597
2020-03-21,2020,0.11969282070547314,33522
2020-03-29,2020,0.1127885940681953,35360
2020-04-06,2020,0.11088858336295887,35592
2020-04-14,2020,0.12142620986836941,33412
2020-04-22,2020,0.11397596488335872,35682
2020-04-30,2020,0.11355244856806082,35697
2020-05-08,2020,0.11408219222390135,35510
2020-05-16,2020,0.11372830319471397,35556
2020-05-24,2020,0.11350165743485559,35684
2020-06-01,2020,0.11501232483997377,34046
2020-06-09,2020,0.11573086601532505,34665
2020-06-17,2020,0.11238265920109396,35389
2020-06-25,2020,0.11430980991183926,35702
2020-07-03,2020,0.11184599726917653,35562
2020-07-11,2020,0.11189667828959421,35639
2020-07-19,2020,0.11495454402201147,34513
2020-07-27,2020,0.113076758118517,35069
2020-08-04,2020,0.11274934661130302,35638
2020-08-12,2020,0.11272217942432922,35592
2020-08-20,2020,0.10607666102687674,35189
2020-08-28,2020,0.11085846582298278,35657
2020-09-05,2020,0.10820853633893872,35527
2020-09-13,2020,0.10661440377169962,35646
2020-09-21,2020,0.10328044804363408,35451
2020-09-29,2020,0.1026416244530815,35590
2020-10-07,2020,0.06402042130361188,34061
2020-10-15,2020,0.10091767790513978,35604
2020-10-23,2020,0.07726991745754708,34577
2020-10-31,2020,0.10115476029111582,35652
2020-11-08,2020,0.100494693471525,35612
2020-11-16,2020,0.09681246313638582,35611
2020-11-24,2020,0.10136053052640066,35678
2020-12-02,2020,0.24642795623887534,8973
2020-12-10,2020,0.05284227633883865,31640
2020-12-18,2020,0.10904704235607107,30802
2020-12-26,2020,0.10076538932168357,29434
2021-01-01,2021,0.1194812300869972,30377
2021-01-09,2021,0.12772865372297532,28798
2021-01-17,2021,0.2820822173426957,7387
2021-01-25,2021,0.12264665812178939,23703
2021-02-02,2021,0.12423483164891735,27589
2021-02-10,2021,0.12624034094578016,11426
2021-02-18,2021,0.16393701675715283,19855
2021-02-26,2021,0.1928837267172939,18110
2021-03-06,2021,0.2326923597115655,16579
2021-03-14,2021,0.16119126666363992,21458
2021-03-22,2021,0.11554657791532007,33702
2021-03-30,2021,0.11046435765045773,34853
2021-04-07,2021,0.11140546288974272,33579
2021-04-15,2021,0.12981477376255623,28485
2021-04-23,2021,0.10745309501186985,35353
2021-05-01,2021,0.11654540684815119,33149
2021-05-09,2021,0.11006184902009118,35319
2021-05-17,2021,0.11089234019658288,35680
2021-05-25,2021,0.10871811840087973,35676
2021-06-02,2021,0.1368713126376355,21348
2021-06-10,2021,0.10871873084565714,35180
2021-06-18,2021,0.1342307660510613,27912
2021-06-26,2021,0.10780478986888926,35630
2021-07-04,2021,0.10857577219535708,35547
2021-07-12,2021,0.11015872604879692,35109
2021-07-20,2021,0.1103195637092904,35010
2021-07-28,2021,0.10750830884724241,35615
2021-08-05,2021,0.10804888738491257,35615
2021-08-13,2021,0.1086396470068073,35673
2021-08-21,2021,0.10454109575636913,35662
2021-08-29,2021,0.104408438651774,35515
2021-09-06,2021,0.10586108179384073,35637
2021-09-14,2021,0.10388818123970422,35661
2021-09-22,2021,0.10218782413960295,35538
2021-09-30,2021,0.10238932450637497,35686
2021-10-08,2021,0.10369171912355929,35631
2021-10-16,2021,0.10038948660415682,35628
2021-10-24,2021,0.09652866691123863,35496
2021-11-01,2021,0.09861937573962025,35649
2021-11-09,2021,0.0594366883738449,34506
2021-11-17,2021,0.09949830390127896,35651
2021-11-25,2021,0.08808909335918572,35071
2021-12-03,2021,0.09137312392251884,35247
2021-12-11,2021,0.09268704016580354,35105
2021-12-19,2021,0.048483220366383604,26744
2021-12-27,2021,0.08203247025950142,34702
2022-01-01,2022,0.4934158290644536,1349
2022-01-09,2022,0.22943760526452875,15856
2022-01-17,2022,0.10414245302423979,33348
2022-01-25,2022,0.09967431690225724,28917
2022-02-02,2022,0.11507617812863734,34222
2022-02-10,2022,0.15056390369336825,15294
2022-02-18,2022,0.15311138515459588,19585
2022-02-26,2022,0.10922518485686536,35457
2022-03-06,2022,0.1631349571950601,23028
2022-03-14,2022,0.053770860973254384,9849
2022-03-22,2022,0.13037615636308594,32054
2022-03-30,2022,0.16842710483779924,22663
2022-04-07,2022,0.19849026408950401,20016
2022-04-15,2022,0.1317329757445939,30547
2022-04-23,2022,0.14435671078200998,26927
2022-05-01,2022,0.11681493112012407,35711
2022-05-09,2022,0.11679123609136081,35701
2022-05-17,2022,0.12587522758280928,32504
2022-05-25,2022,0.11563061263985815,35561
2022-06-02,2022,0.16612561428481898,23118
2022-06-10,2022,0.11784471109329456,35154
2022-06-18,2022,0.14018030758352484,28775
2022-06-26,2022,0.2439720278124118,16688
2022-07-04,2022,0.12102735653256104,34622
2022-07-12,2022,0.12533914883141517,33249
2022-07-20,2022,0.1187940497696881,35116
2022-07-28,2022,0.11608329008792823,35490
2022-08-05,2022,0.11647952602722232,35649
2022-08-13,2022,0.11510282355456743,35624
2022-08-21,2022,0.11419951967622513,35531
2022-08-29,2022,0.11127860054221482,35390
2022-09-06,2022,0.11641211084191441,35650
2022-09-14,2022,0.10898988052446743,35561
2022-09-22,2022,0.11289822461783255,35564
2022-09-30,2022,0.11192537861578467,35725
2022-10-08,2022,0.11553260884214665,35511
2022-10-16,2022,,0
2022-10-24,2022,0.10091821440908558,35276
2022-11-01,2022,0.08771937977273402,34349
2022-11-09,2022,0.0731753381094085,33730
2022-11-17,2022,0.10743761821366035,35589
2022-11-25,2022,0.09798207315408004,35355
2022-12-03,2022,0.10070326041660814,34741
2022-12-11,2022,0.1176071827706118,32222
2022-12-19,2022,0.30715640575877884,5244
2022-12-27,2022,0.17954230374509048,13105
2023-01-01,2023,0.06673050995051513,30547
2023-01-09,2023,0.2198344821621251,16730
2023-01-17,2023,0.07708227399185773,3673
2023-01-25,2023,0.1441489481889872,29978
2023-02-02,2023,0.1225499933843943,21819
2023-02-10,2023,0.021016531631253752,1812
2023-02-18,2023,0.11932788616372095,35262
2023-02-26,2023,0.18958577031189436,17385
2023-03-06,2023,0.1525357454868153,12129
2023-03-14,2023,0.3400811043594956,10866
2023-03-22,2023,0.25197948115943053,22691
2023-03-30,2023,0.20136910928838053,31203
2023-04-07,2023,0.3180322356390456,21057
2023-04-15,2023,0.223228884981868,33446
2023-04-23,2023,0.21902158455089926,35684
2023-05-01,2023,0.2156168932683483,35486
2023-05-09,2023,0.217530804922508,35565
2023-05-17,2023,0.21647884891314204,35674
2023-05-25,2023,0.21251896827027358,35409
2023-06-02,2023,0.21182439206307885,35506
2023-06-10,2023,0.20871064212791685,35298
2023-06-18,2023,0.20997725087271443,35393
2023-06-26,2023,0.20865777632147586,35302
2023-07-04,2023,0.2078067324695422,35171
2023-07-12,2023,0.2130038352452999,34785
2023-07-20,2023,0.21127359705694906,35303
2023-07-28,2023,0.21011194940691427,35295
2023-08-05,2023,0.2143970376734082,35469
2023-08-13,2023,0.20942072216742508,35347
2023-08-21,2023,0.20133457796623389,34980
2023-08-29,2023,0.19379605868480715,34538
2023-09-06,2023,0.19631479308384803,34815
2023-09-14,2023,0.21587099165147192,35620
2023-09-22,2023,0.1945000859318662,34866
2023-09-30,2023,0.21629979064898763,35717
2023-10-08,2023,0.20446329321247314,35432
2023-10-16,2023,0.20476957171220897,34698
2023-10-24,2023,0.18748969591500253,34847
2023-11-01,2023,0.18525675714952042,34606
2023-11-09,2023,0.23815339360318638,28471
2023-11-17,2023,0.1712329606854434,34191
2023-11-25,2023,0.21407332211884625,35265
2023-12-03,2023,0.21147967496912906,34615
2023-12-11,2023,0.2234703369754406,30735
2023-12-19,2023,0.24803311541246145,24004
2023-12-27,2023,0.4179423155207479,10798
2024-01-01,2024,0.3445937726907052,11705
2024-01-09,2024,0.4547029914848005,8600
2024-01-17,2024,0.2307653147900642,20642
2024-01-25,2024,0.21500154863291884,35146
2024-02-02,2024,0.3141381453695089,21887
2024-02-10,2024,0.21108841685716942,34353
2024-02-18,2024,0.20990621779290541,34487
2024-02-26,2024,0.30598555068232897,11435
2024-03-05,2024,0.2319367693992578,31785
2024-03-13,2024,0.19535939403284341,31734
2024-03-21,2024,0.2825428938784504,22942
2024-03-29,2024,0.22615930663833,31220
2024-04-06,2024,0.26467156342094633,27205
2024-04-14,2024,0.19856048891395242,33451
2024-04-22,2024,0.20955344174360271,35059
2024-04-30,2024,0.20589150047215807,35395
2024-05-08,2024,0.21025020907795597,35480
2024-05-16,2024,0.2882532316639245,22771
2024-05-24,2024,0.1929868893128172,34794
2024-06-01,2024,0.19931235919066442,35120
2024-06-09,2024,0.3151099879813809,20348
2024-06-17,2024,0.20373298864320288,34996
2024-06-25,2024,0.24477502819874483,26099
2024-07-03,2024,0.20122342865881607,35210
2024-07-11,2024,0.1976681555684937,35127
2024-07-19,2024,0.20392297221509814,35382
2024-07-27,2024,0.18617205574346413,34606
2024-08-04,2024,0.2006197149650418,35272
2024-08-12,2024,0.1912771940819454,34885
2024-08-20,2024,0.20910551477676242,35682
2024-08-28,2024,0.20175815068260464,35334
2024-09-05,2024,0.20201759826561247,35433
2024-09-13,2024,0.20534349651990913,35682
2024-09-21,2024,0.19790876962496837,35459
2024-09-29,2024,0.20281878976628961,35606
2024-10-07,2024,0.1960472399228155,35279
2024-10-15,2024,0.17848058909972317,34699
2024-10-23,2024,0.17360891460384495,34504
2024-10-31,2024,0.16658817185286878,34203
2024-11-08,2024,0.17552046816400155,27918
2024-11-16,2024,0.20088480076236265,35218
2024-11-24,2024,0.19592499460504953,34548
2024-12-02,2024,0.18746221452689513,34908
2024-12-10,2024,0.2001166662826459,34956
2024-12-18,2024,0.18508682371367144,34561
2024-12-26,2024,0.0923694393861918,9575
