date,year,sensor_family,n_scenes,water_km2,clear_km2,clear_fraction,scale_m
1984-05-24,1984,landsat,1,0.6,329.0,0.0376,90
1984-09-29,1984,landsat,3,864.0,8743.7,0.999,90
1984-11-16,1984,landsat,2,111.0,1039.2,0.1187,90
1985-03-08,1985,landsat,1,0.0,0.1,0.0,90
1986-04-28,1986,landsat,3,337.6,1952.2,0.2231,90
1986-05-14,1986,landsat,3,461.1,2973.6,0.3398,90
1986-05-30,1986,landsat,1,0.2,97.7,0.0112,90
1986-11-06,1986,landsat,2,833.6,5656.7,0.6463,90
1986-11-22,1986,landsat,2,65.7,869.1,0.0993,90
1986-12-08,1986,landsat,2,1205.7,6613.4,0.7556,90
1986-12-24,1986,landsat,1,0.0,0.0,0.0,90
1987-01-09,1987,landsat,3,915.1,1502.5,0.1717,90
1987-01-25,1987,landsat,1,1.4,385.8,0.0441,90
1987-02-10,1987,landsat,2,317.6,4341.0,0.496,90
1987-02-26,1987,landsat,1,0.0,0.5,0.0001,90
1987-03-14,1987,landsat,1,0.0,96.6,0.011,90
1988-02-13,1988,landsat,1,27.9,1700.2,0.1943,90
1988-02-29,1988,landsat,3,121.8,2209.2,0.2524,90
1988-03-16,1988,landsat,1,0.0,37.8,0.0043,90
1988-11-11,1988,landsat,1,0.0,108.5,0.0124,90
1988-12-13,1988,landsat,2,803.8,1961.2,0.2241,90
1989-03-19,1989,landsat,2,162.7,1861.1,0.2126,90
1989-05-06,1989,landsat,1,0.0,107.7,0.0123,90
1989-05-22,1989,landsat,1,0.0,55.9,0.0064,90
1989-06-07,1989,landsat,3,786.8,4793.2,0.5477,90
1989-06-23,1989,landsat,2,1270.6,8710.4,0.9953,90
1989-07-09,1989,landsat,1,0.0,18.2,0.0021,90
1989-07-25,1989,landsat,1,0.1,80.7,0.0092,90
1989-08-10,1989,landsat,1,1032.5,7294.1,0.8334,90
1989-09-11,1989,landsat,2,1034.6,6558.2,0.7493,90
1990-02-18,1990,landsat,2,308.8,1337.6,0.1528,90
1990-03-06,1990,landsat,2,771.1,2968.6,0.3392,90
1990-04-07,1990,landsat,1,1017.1,5125.0,0.5856,90
1990-06-10,1990,landsat,2,1331.0,8431.5,0.9634,90
1990-07-12,1990,landsat,1,0.3,104.4,0.0119,90
1990-07-28,1990,landsat,3,722.8,3755.4,0.4291,90
1990-08-13,1990,landsat,2,958.2,4910.0,0.561,90
1990-08-29,1990,landsat,3,1049.3,3380.8,0.3863,90
1990-09-14,1990,landsat,3,197.7,1928.6,0.2204,90
1990-09-30,1990,landsat,1,0.0,73.8,0.0084,90
1990-10-16,1990,landsat,2,1364.1,8730.1,0.9975,90
1991-01-20,1991,landsat,1,0.0,30.3,0.0035,90
1991-02-05,1991,landsat,1,0.0,38.0,0.0043,90
1991-02-21,1991,landsat,1,229.2,1073.4,0.1226,90
1991-05-12,1991,landsat,2,341.1,2037.8,0.2328,90
1991-05-28,1991,landsat,2,596.7,2889.7,0.3302,90
1991-06-13,1991,landsat,2,986.5,7178.9,0.8203,90
1991-06-29,1991,landsat,1,0.2,178.5,0.0204,90
1991-07-15,1991,landsat,3,1316.5,7337.6,0.8384,90
1991-08-16,1991,landsat,2,1285.8,7693.5,0.8791,90
1991-09-01,1991,landsat,1,3.7,60.2,0.0069,90
1991-10-03,1991,landsat,1,0.0,136.5,0.0156,90
1991-10-19,1991,landsat,1,0.0,173.7,0.0198,90
1992-01-23,1992,landsat,2,712.5,4091.3,0.4675,90
1992-02-08,1992,landsat,1,1107.8,7636.0,0.8725,90
1992-02-24,1992,landsat,1,1025.8,6602.4,0.7544,90
1992-03-11,1992,landsat,2,915.3,2827.7,0.3231,90
1992-03-27,1992,landsat,1,0.0,0.0,0.0,90
1992-05-30,1992,landsat,1,0.2,173.9,0.0199,90
1992-07-01,1992,landsat,1,0.2,152.8,0.0175,90
1992-09-19,1992,landsat,1,0.0,106.0,0.0121,90
1993-06-02,1993,landsat,3,1262.4,8168.0,0.9333,90
1993-06-18,1993,landsat,3,341.4,1709.5,0.1953,90
1993-07-04,1993,landsat,1,0.0,0.0,0.0,90
1993-07-20,1993,landsat,3,629.2,4901.5,0.56,90
1993-08-05,1993,landsat,2,724.1,3281.8,0.375,90
1993-09-06,1993,landsat,1,0.0,28.0,0.0032,90
1993-09-22,1993,landsat,1,0.0,43.6,0.005,90
1993-10-24,1993,landsat,1,567.6,2344.0,0.2678,90
1993-11-25,1993,landsat,1,1136.3,7762.1,0.8869,90
1994-01-12,1994,landsat,1,0.0,39.5,0.0045,90
1994-01-28,1994,landsat,3,827.5,4642.5,0.5304,90
1994-03-17,1994,landsat,1,0.0,51.5,0.0059,90
1994-05-20,1994,landsat,1,0.1,63.7,0.0073,90
1994-06-21,1994,landsat,1,507.0,2447.5,0.2796,90
1994-07-07,1994,landsat,1,0.0,0.0,0.0,90
1994-07-23,1994,landsat,3,812.7,3518.2,0.402,90
1994-08-08,1994,landsat,3,2.2,181.5,0.0207,90
1994-08-24,1994,landsat,2,228.2,2949.4,0.337,90
1994-09-09,1994,landsat,2,1172.6,8752.4,1.0,90
1994-10-11,1994,landsat,3,247.1,1965.0,0.2245,90
1994-10-27,1994,landsat,1,0.0,10.4,0.0012,90
1994-11-12,1994,landsat,2,867.3,7332.7,0.8378,90
1994-11-28,1994,landsat,2,7.9,1693.2,0.1935,90
1994-12-14,1994,landsat,2,111.8,796.0,0.091,90
1994-12-30,1994,landsat,1,929.1,3720.9,0.4251,90
1995-01-15,1995,landsat,2,389.8,4294.0,0.4906,90
1995-01-31,1995,landsat,3,12.1,1229.3,0.1405,90
1995-02-16,1995,landsat,2,428.6,3162.3,0.3613,90
1995-03-04,1995,landsat,2,688.3,4153.1,0.4745,90
1995-03-20,1995,landsat,2,870.8,5584.2,0.638,90
1995-04-21,1995,landsat,1,0.0,2.0,0.0002,90
1995-05-23,1995,landsat,1,0.0,0.0,0.0,90
1995-06-08,1995,landsat,2,793.1,8736.9,0.9983,90
1995-06-24,1995,landsat,1,0.0,0.0,0.0,90
1995-07-10,1995,landsat,2,6.1,1413.4,0.1615,90
1995-07-26,1995,landsat,1,0.0,6.1,0.0007,90
1995-08-11,1995,landsat,3,173.2,1201.2,0.1373,90
1995-08-27,1995,landsat,3,616.4,8729.6,0.9974,90
1995-09-28,1995,landsat,3,79.0,6487.9,0.7413,90
1996-01-02,1996,landsat,2,490.7,7939.0,0.9071,90
1996-03-22,1996,landsat,1,0.0,204.0,0.0233,90
1996-06-10,1996,landsat,2,1069.5,8575.5,0.9798,90
1996-06-26,1996,landsat,2,1010.8,8574.8,0.9798,90
1996-08-13,1996,landsat,3,1030.1,8304.6,0.9489,90
1996-08-29,1996,landsat,1,446.6,2582.3,0.2951,90
1996-11-01,1996,landsat,1,0.0,42.2,0.0048,90
1996-11-17,1996,landsat,3,431.0,3380.4,0.3862,90
1996-12-19,1996,landsat,1,368.6,1732.7,0.198,90
1997-01-04,1997,landsat,1,0.0,16.1,0.0018,90
1997-02-21,1997,landsat,1,126.6,1381.4,0.1578,90
1997-03-09,1997,landsat,1,487.5,1599.8,0.1828,90
1997-06-13,1997,landsat,3,1036.9,8725.1,0.9969,90
1997-06-29,1997,landsat,1,0.0,0.0,0.0,90
1997-07-15,1997,landsat,2,985.7,8563.8,0.9785,90
1997-07-31,1997,landsat,3,954.9,6953.6,0.7945,90
1997-08-16,1997,landsat,2,144.0,1284.1,0.1467,90
1997-09-01,1997,landsat,1,1035.2,7749.4,0.8854,90
1997-10-19,1997,landsat,1,0.0,28.1,0.0032,90
1997-11-20,1997,landsat,1,0.0,14.3,0.0016,90
1997-12-06,1997,landsat,1,0.0,11.0,0.0013,90
1998-01-07,1998,landsat,2,495.1,2033.3,0.2323,90
1998-01-23,1998,landsat,1,0.0,0.0,0.0,90
1998-02-08,1998,landsat,3,1096.3,8427.0,0.9629,90
1998-03-28,1998,landsat,3,1020.9,7379.4,0.8432,90
1998-04-13,1998,landsat,1,0.0,8.8,0.001,90
1998-04-29,1998,landsat,2,1031.8,6459.4,0.738,90
1998-05-15,1998,landsat,1,0.1,8.6,0.001,90
1998-05-31,1998,landsat,2,1143.9,8717.2,0.996,90
1998-07-02,1998,landsat,3,100.6,692.1,0.0791,90
1998-07-18,1998,landsat,3,1028.1,7268.3,0.8305,90
1998-08-03,1998,landsat,3,759.2,4948.4,0.5654,90
1998-08-19,1998,landsat,2,59.5,1287.8,0.1471,90
1998-09-04,1998,landsat,1,0.0,46.6,0.0053,90
1998-09-20,1998,landsat,1,0.0,45.4,0.0052,90
1998-10-06,1998,landsat,2,812.4,7227.9,0.8259,90
1998-10-22,1998,landsat,1,0.0,0.0,0.0,90
1998-11-07,1998,landsat,2,1079.0,8741.9,0.9988,90
1998-11-23,1998,landsat,2,1065.1,6880.7,0.7862,90
1998-12-09,1998,landsat,2,849.6,7668.1,0.8762,90
1998-12-25,1998,landsat,2,399.1,3934.4,0.4495,90
1999-01-10,1999,landsat,1,0.0,15.3,0.0017,90
1999-01-26,1999,landsat,2,10.8,190.7,0.0218,90
1999-02-11,1999,landsat,3,30.6,363.1,0.0415,90
1999-02-27,1999,landsat,2,578.7,2826.1,0.3229,90
1999-05-18,1999,landsat,3,660.1,4741.6,0.5418,90
1999-06-03,1999,landsat,2,811.3,2453.7,0.2804,90
1999-07-05,1999,landsat,1,0.0,34.3,0.0039,90
1999-08-06,1999,landsat,1,0.0,51.5,0.0059,90
1999-08-22,1999,landsat,6,1128.0,8752.1,1.0,90
1999-10-25,1999,landsat,2,767.7,4911.8,0.5612,90
1999-11-10,1999,landsat,1,0.0,46.2,0.0053,90
1999-11-26,1999,landsat,3,1081.2,8134.6,0.9295,90
2000-01-13,2000,landsat,1,0.0,118.6,0.0136,90
2000-01-29,2000,landsat,2,485.0,5197.7,0.5939,90
2000-02-14,2000,modis,2,1068.8,6357.7,0.7264,500
2000-03-01,2000,landsat,1,199.9,1447.1,0.1653,90
2000-03-01,2000,modis,2,1046.6,7895.1,0.9021,500
2000-03-17,2000,landsat,2,1.2,271.3,0.031,90
2000-03-17,2000,modis,2,1082.4,8378.0,0.9573,500
2000-04-02,2000,landsat,2,299.4,1369.6,0.1565,90
2000-04-02,2000,modis,2,1075.1,7021.7,0.8023,500
2000-04-18,2000,landsat,2,347.2,1983.4,0.2266,90
2000-04-18,2000,modis,2,1092.4,8504.3,0.9717,500
2000-05-04,2000,landsat,2,969.3,3758.0,0.4294,90
2000-05-04,2000,modis,2,1085.4,8746.0,0.9993,500
2000-05-20,2000,modis,2,1092.1,8748.1,0.9996,500
2000-06-05,2000,landsat,1,411.4,1397.6,0.1597,90
2000-06-05,2000,modis,2,1082.1,8740.3,0.9987,500
2000-06-21,2000,landsat,1,0.0,0.0,0.0,90
2000-06-21,2000,modis,2,1066.3,8278.0,0.9458,500
2000-07-07,2000,landsat,1,0.1,64.0,0.0073,90
2000-07-07,2000,modis,2,1087.3,8748.8,0.9996,500
2000-07-23,2000,landsat,2,25.5,622.0,0.0711,90
2000-07-23,2000,modis,2,1083.7,8744.1,0.9991,500
2000-08-08,2000,landsat,1,0.0,83.5,0.0095,90
2000-08-08,2000,modis,2,1069.1,8740.6,0.9987,500
2000-08-24,2000,landsat,6,1109.7,8752.4,1.0,90
2000-08-24,2000,modis,2,1031.4,8735.1,0.9981,500
2000-09-09,2000,landsat,2,0.1,216.1,0.0247,90
2000-09-09,2000,modis,2,1014.4,8722.4,0.9966,500
2000-09-25,2000,landsat,4,641.3,4967.1,0.5675,90
2000-09-25,2000,modis,2,957.1,8731.5,0.9977,500
2000-10-11,2000,landsat,2,0.0,67.1,0.0077,90
2000-10-11,2000,modis,2,850.2,8613.6,0.9842,500
2000-10-27,2000,landsat,2,1000.3,7282.3,0.8321,90
2000-10-27,2000,modis,2,937.9,8361.3,0.9554,500
2000-11-12,2000,modis,2,740.1,8370.3,0.9564,500
2000-11-28,2000,landsat,1,0.0,9.3,0.0011,90
2000-11-28,2000,modis,2,997.6,8280.6,0.9461,500
2000-12-14,2000,landsat,2,90.7,510.2,0.0583,90
2000-12-14,2000,modis,2,1022.2,7695.4,0.8793,500
2000-12-30,2000,landsat,5,1089.2,6905.8,0.7891,90
2000-12-30,2000,modis,2,1021.8,8182.0,0.9349,500
2001-01-15,2001,modis,2,755.5,4408.4,0.5037,500
2001-01-31,2001,landsat,1,30.4,719.3,0.0822,90
2001-01-31,2001,modis,2,922.3,3370.8,0.3851,500
2001-02-16,2001,landsat,3,0.1,63.2,0.0072,90
2001-02-16,2001,modis,2,858.1,5982.9,0.6836,500
2001-03-04,2001,landsat,4,455.7,4099.9,0.4685,90
2001-03-04,2001,modis,2,642.2,3852.7,0.4402,500
2001-03-20,2001,modis,2,1123.1,7763.9,0.8871,500
2001-04-05,2001,landsat,3,642.1,3576.3,0.4086,90
2001-04-05,2001,modis,2,1157.9,8751.9,1.0,500
2001-04-21,2001,landsat,3,1091.2,5683.9,0.6494,90
2001-04-21,2001,modis,2,1152.1,8727.4,0.9972,500
2001-05-07,2001,modis,2,1150.4,8750.1,0.9998,500
2001-05-23,2001,modis,2,1147.1,8740.5,0.9987,500
2001-06-08,2001,landsat,1,0.0,4.0,0.0005,90
2001-06-08,2001,modis,1,909.9,5710.8,0.6525,500
2001-06-24,2001,modis,2,818.9,7526.1,0.8599,500
2001-07-10,2001,landsat,1,0.2,116.3,0.0133,90
2001-07-10,2001,modis,2,1155.9,8745.2,0.9992,500
2001-07-26,2001,modis,2,1144.9,8738.6,0.9985,500
2001-08-11,2001,landsat,3,1135.8,8101.3,0.9257,90
2001-08-11,2001,modis,2,1121.6,8733.7,0.9979,500
2001-08-27,2001,landsat,3,1196.1,8752.2,1.0,90
2001-08-27,2001,modis,2,1137.9,8745.7,0.9993,500
2001-09-12,2001,landsat,1,0.0,30.0,0.0034,90
2001-09-12,2001,modis,2,1132.4,8742.8,0.9989,500
2001-09-28,2001,landsat,3,1081.5,7998.4,0.9139,90
2001-09-28,2001,modis,2,1138.4,8751.9,1.0,500
2001-10-14,2001,landsat,2,1033.7,6128.3,0.7002,90
2001-10-14,2001,modis,2,953.7,8582.2,0.9806,500
2001-10-30,2001,landsat,1,0.0,101.6,0.0116,90
2001-10-30,2001,modis,2,1123.6,8751.9,1.0,500
2001-11-15,2001,landsat,3,1182.4,8456.5,0.9662,90
2001-11-15,2001,modis,2,1110.8,8736.5,0.9982,500
2001-12-01,2001,landsat,3,851.3,5633.7,0.6437,90
2001-12-01,2001,modis,2,1073.4,7618.1,0.8704,500
2001-12-17,2001,landsat,3,0.0,6.6,0.0008,90
2001-12-17,2001,modis,3,1138.7,8577.8,0.9801,500
2002-01-02,2002,landsat,1,0.0,26.7,0.003,90
2002-01-02,2002,modis,2,1054.0,5188.4,0.5928,500
2002-01-18,2002,landsat,3,669.7,2806.8,0.3207,90
2002-01-18,2002,modis,2,1128.7,8264.2,0.9443,500
2002-02-03,2002,landsat,1,0.0,74.4,0.0085,90
2002-02-03,2002,modis,2,1147.3,8403.1,0.9601,500
2002-02-19,2002,landsat,1,0.0,27.8,0.0032,90
2002-02-19,2002,modis,2,1143.5,8669.8,0.9906,500
2002-03-07,2002,landsat,3,782.5,2466.8,0.2819,90
2002-03-07,2002,modis,2,1045.3,6418.5,0.7334,500
2002-03-23,2002,landsat,2,333.6,1221.2,0.1395,90
2002-03-23,2002,modis,2,1123.6,8373.5,0.9568,500
2002-04-08,2002,modis,2,1154.3,8751.2,0.9999,500
2002-04-24,2002,landsat,2,1153.2,7230.8,0.8262,90
2002-04-24,2002,modis,2,1157.1,8752.2,1.0,500
2002-05-10,2002,landsat,1,0.0,14.5,0.0017,90
2002-05-10,2002,modis,2,1159.3,8751.2,0.9999,500
2002-05-26,2002,landsat,2,1175.9,8751.2,0.9999,90
2002-05-26,2002,modis,2,1153.8,8747.2,0.9995,500
2002-06-11,2002,landsat,2,949.7,5730.9,0.6548,90
2002-06-11,2002,modis,2,1140.3,8665.1,0.9901,500
2002-06-27,2002,landsat,3,137.9,3331.0,0.3806,90
2002-06-27,2002,modis,4,1148.5,8741.8,0.9988,500
2002-07-13,2002,landsat,3,1182.7,8188.2,0.9356,90
2002-07-13,2002,modis,4,1150.1,8748.3,0.9996,500
2002-07-29,2002,landsat,3,1149.3,7081.6,0.8091,90
2002-07-29,2002,modis,4,1153.0,8751.4,0.9999,500
2002-08-14,2002,landsat,3,528.0,4374.2,0.4998,90
2002-08-14,2002,modis,4,1127.6,8727.0,0.9971,500
2002-08-30,2002,landsat,3,1181.8,7813.3,0.8927,90
2002-08-30,2002,modis,4,1141.3,8736.9,0.9983,500
2002-09-15,2002,landsat,1,0.0,79.7,0.0091,90
2002-09-15,2002,modis,4,1128.8,8743.8,0.9991,500
2002-10-01,2002,landsat,2,1196.2,8455.2,0.9661,90
2002-10-01,2002,modis,4,1118.8,8740.2,0.9986,500
2002-10-17,2002,landsat,1,0.0,0.0,0.0,90
2002-10-17,2002,modis,4,1135.8,8751.4,0.9999,500
2002-11-02,2002,landsat,1,0.0,37.9,0.0043,90
2002-11-02,2002,modis,4,1137.0,8748.8,0.9996,500
2002-11-18,2002,landsat,2,933.7,7265.9,0.8302,90
2002-11-18,2002,modis,4,1139.9,8751.2,0.9999,500
2002-12-04,2002,landsat,3,1177.4,8417.7,0.9618,90
2002-12-04,2002,modis,4,1102.4,6943.4,0.7934,500
2002-12-20,2002,landsat,2,0.0,91.6,0.0105,90
2002-12-20,2002,modis,4,1135.3,8413.5,0.9613,500
2003-01-05,2003,landsat,2,189.7,695.6,0.0795,90
2003-01-05,2003,modis,4,1157.6,8583.6,0.9808,500
2003-01-21,2003,landsat,3,203.9,1191.9,0.1362,90
2003-01-21,2003,modis,4,1040.0,5429.9,0.6204,500
2003-02-06,2003,landsat,3,698.8,2418.9,0.2764,90
2003-02-06,2003,modis,4,1137.0,8480.2,0.9689,500
2003-02-22,2003,landsat,3,211.3,1972.4,0.2254,90
2003-02-22,2003,modis,4,1157.4,8563.6,0.9785,500
2003-03-10,2003,landsat,2,17.6,175.3,0.02,90
2003-03-10,2003,modis,4,1152.1,8032.6,0.9178,500
2003-03-26,2003,landsat,1,0.0,24.2,0.0028,90
2003-03-26,2003,modis,4,1163.4,8703.8,0.9945,500
2003-04-11,2003,landsat,3,1058.7,7095.0,0.8107,90
2003-04-11,2003,modis,4,1167.0,8752.2,1.0,500
2003-04-27,2003,landsat,1,0.0,83.8,0.0096,90
2003-04-27,2003,modis,4,1170.1,8752.2,1.0,500
2003-05-13,2003,modis,4,1169.8,8751.7,1.0,500
2003-05-29,2003,modis,4,1167.9,8751.4,0.9999,500
2003-06-14,2003,modis,4,1177.0,8743.1,0.999,500
2003-06-30,2003,modis,4,1165.0,8599.7,0.9826,500
2003-07-16,2003,modis,4,1162.6,8727.7,0.9972,500
2003-08-01,2003,landsat,1,0.0,19.3,0.0022,90
2003-08-01,2003,modis,4,1174.6,8748.8,0.9996,500
2003-08-17,2003,landsat,3,1149.7,7584.7,0.8666,90
2003-08-17,2003,modis,4,1165.8,8750.7,0.9999,500
2003-09-02,2003,modis,4,1161.0,8747.6,0.9995,500
2003-09-18,2003,modis,4,1156.6,8751.4,0.9999,500
2003-10-04,2003,landsat,2,1024.6,6738.8,0.77,90
2003-10-04,2003,modis,4,1052.8,8736.8,0.9983,500
2003-10-20,2003,landsat,1,0.0,6.1,0.0007,90
2003-10-20,2003,modis,4,1120.7,8727.5,0.9972,500
2003-11-05,2003,landsat,5,1137.8,7828.6,0.8945,90
2003-11-05,2003,modis,4,1123.5,8727.9,0.9972,500
2003-11-21,2003,landsat,4,1001.5,5362.1,0.6127,90
2003-11-21,2003,modis,4,1142.3,8742.4,0.9989,500
2003-12-07,2003,landsat,3,1076.8,3317.9,0.3791,90
2003-12-07,2003,modis,4,1147.1,7858.6,0.8979,500
2003-12-23,2003,landsat,3,1008.8,3779.4,0.4318,90
2003-12-23,2003,modis,4,1140.9,8603.2,0.983,500
2004-01-08,2004,landsat,1,866.9,3284.6,0.3753,90
2004-01-08,2004,modis,4,1118.7,7692.8,0.879,500
2004-01-24,2004,modis,4,1100.3,7425.3,0.8484,500
2004-02-09,2004,landsat,3,1057.4,5000.4,0.5713,90
2004-02-09,2004,modis,4,1116.8,7826.4,0.8942,500
2004-02-25,2004,landsat,5,344.6,3314.1,0.3787,90
2004-02-25,2004,modis,4,1126.6,6565.3,0.7501,500
2004-03-12,2004,landsat,4,980.3,2744.9,0.3136,90
2004-03-12,2004,modis,4,1133.6,8348.6,0.9539,500
2004-03-28,2004,landsat,4,871.5,4355.0,0.4976,90
2004-03-28,2004,modis,4,1166.7,8685.1,0.9924,500
2004-04-13,2004,landsat,2,0.0,60.7,0.0069,90
2004-04-13,2004,modis,4,1142.2,8318.6,0.9505,500
2004-04-29,2004,modis,4,1169.2,8712.0,0.9954,500
2004-05-15,2004,landsat,2,924.8,3738.8,0.4272,90
2004-05-15,2004,modis,4,1172.7,8749.9,0.9998,500
2004-05-31,2004,modis,4,1168.4,8748.3,0.9996,500
2004-06-16,2004,landsat,4,1057.6,6746.7,0.7709,90
2004-06-16,2004,modis,4,1177.0,8751.2,0.9999,500
2004-07-02,2004,landsat,3,1200.5,8297.7,0.9481,90
2004-07-02,2004,modis,4,1174.8,8742.0,0.9989,500
2004-07-18,2004,landsat,2,0.2,115.6,0.0132,90
2004-07-18,2004,modis,4,1179.2,8750.0,0.9998,500
2004-08-03,2004,landsat,1,0.1,75.5,0.0086,90
2004-08-03,2004,modis,4,1165.8,8746.4,0.9994,500
2004-08-19,2004,modis,4,1169.4,8751.7,1.0,500
2004-09-04,2004,landsat,3,570.2,2423.6,0.2769,90
2004-09-04,2004,modis,4,1140.3,8728.7,0.9973,500
2004-09-20,2004,landsat,3,1143.0,7419.4,0.8477,90
2004-09-20,2004,modis,4,1140.3,8748.3,0.9996,500
2004-10-06,2004,modis,4,1120.2,8727.0,0.9971,500
2004-10-22,2004,landsat,2,1107.1,7296.0,0.8336,90
2004-10-22,2004,modis,4,1129.3,8747.6,0.9995,500
2004-11-07,2004,landsat,3,139.1,1283.9,0.1467,90
2004-11-07,2004,modis,4,1039.8,8632.3,0.9863,500
2004-11-23,2004,landsat,1,23.1,281.0,0.0321,90
2004-11-23,2004,modis,4,942.5,5316.2,0.6074,500
2004-12-09,2004,modis,4,1020.9,6247.1,0.7138,500
2004-12-25,2004,landsat,1,0.0,0.5,0.0001,90
2004-12-25,2004,modis,6,1003.2,6020.1,0.6879,500
2005-01-10,2005,landsat,1,0.0,13.8,0.0016,90
2005-01-10,2005,modis,4,1030.3,6638.5,0.7585,500
2005-01-26,2005,modis,4,1159.7,8673.6,0.991,500
2005-02-11,2005,landsat,6,1198.1,8543.8,0.9762,90
2005-02-11,2005,modis,4,1154.0,8660.7,0.9896,500
2005-02-27,2005,landsat,3,983.6,3323.7,0.3798,90
2005-02-27,2005,modis,4,1161.7,8729.0,0.9974,500
2005-03-15,2005,landsat,3,1115.1,6912.1,0.7898,90
2005-03-15,2005,modis,4,1166.2,8744.5,0.9991,500
2005-03-31,2005,landsat,2,1132.0,4413.1,0.5042,90
2005-03-31,2005,modis,4,1163.1,8751.7,1.0,500
2005-04-16,2005,landsat,6,1171.1,8237.3,0.9412,90
2005-04-16,2005,modis,4,1167.4,8751.2,0.9999,500
2005-05-02,2005,modis,4,1162.4,8752.2,1.0,500
2005-05-18,2005,landsat,2,1124.6,7171.0,0.8194,90
2005-05-18,2005,modis,4,1159.5,8751.4,0.9999,500
2005-06-03,2005,landsat,4,1161.7,7444.9,0.8506,90
2005-06-03,2005,modis,4,1166.0,8751.0,0.9999,500
2005-06-19,2005,landsat,1,0.1,95.0,0.0109,90
2005-06-19,2005,modis,4,1152.6,8750.0,0.9998,500
2005-07-05,2005,modis,4,1160.5,8748.8,0.9996,500
2005-07-21,2005,landsat,1,0.1,120.1,0.0137,90
2005-07-21,2005,modis,4,1141.3,8741.6,0.9988,500
2005-08-06,2005,landsat,5,433.9,5654.1,0.646,90
2005-08-06,2005,modis,4,1149.9,8743.5,0.999,500
2005-08-22,2005,landsat,5,1157.0,8086.9,0.924,90
2005-08-22,2005,modis,4,1149.9,8751.0,0.9999,500
2005-09-07,2005,landsat,1,501.5,2090.5,0.2389,90
2005-09-07,2005,modis,4,1113.9,8750.2,0.9998,500
2005-09-23,2005,landsat,3,1155.7,7636.3,0.8725,90
2005-09-23,2005,modis,4,1109.6,8750.5,0.9998,500
2005-10-09,2005,landsat,4,895.3,6064.2,0.6929,90
2005-10-09,2005,modis,4,1087.5,8745.2,0.9992,500
2005-10-25,2005,landsat,5,1001.9,7594.4,0.8677,90
2005-10-25,2005,modis,4,1067.6,8749.0,0.9997,500
2005-11-10,2005,landsat,6,1115.3,8741.3,0.9988,90
2005-11-10,2005,modis,4,1057.5,8748.8,0.9996,500
2005-11-26,2005,landsat,3,987.3,6275.4,0.717,90
2005-11-26,2005,modis,4,1033.5,8565.6,0.9787,500
2005-12-12,2005,modis,4,941.0,4810.8,0.5497,500
2005-12-28,2005,landsat,1,0.0,1.4,0.0002,90
2005-12-28,2005,modis,4,876.3,5611.2,0.6411,500
2006-01-13,2006,modis,4,1104.9,8267.2,0.9446,500
2006-01-29,2006,landsat,2,1065.9,5200.0,0.5942,90
2006-01-29,2006,modis,4,969.4,6844.2,0.782,500
2006-02-14,2006,landsat,3,639.3,2978.5,0.3403,90
2006-02-14,2006,modis,4,1113.1,8587.9,0.9813,500
2006-03-02,2006,landsat,2,791.8,2483.2,0.2837,90
2006-03-02,2006,modis,4,1099.6,7908.5,0.9036,500
2006-03-18,2006,modis,4,1137.7,7735.0,0.8838,500
2006-04-03,2006,landsat,1,0.0,6.1,0.0007,90
2006-04-03,2006,modis,4,1140.3,8632.2,0.9863,500
2006-04-19,2006,modis,4,1148.0,8751.7,1.0,500
2006-05-05,2006,landsat,2,531.9,2321.1,0.2652,90
2006-05-05,2006,modis,4,1152.5,8752.2,1.0,500
2006-05-21,2006,landsat,2,1097.4,7227.3,0.8258,90
2006-05-21,2006,modis,4,1149.7,8749.8,0.9997,500
2006-06-06,2006,landsat,5,1164.1,8745.2,0.9992,90
2006-06-06,2006,modis,4,1149.7,8751.4,0.9999,500
2006-06-22,2006,landsat,4,823.3,6666.8,0.7617,90
2006-06-22,2006,modis,4,1131.9,8733.7,0.9979,500
2006-07-08,2006,landsat,1,0.0,23.9,0.0027,90
2006-07-08,2006,modis,4,1142.0,8745.2,0.9992,500
2006-07-24,2006,landsat,5,1173.8,8391.8,0.9588,90
2006-07-24,2006,modis,4,1141.5,8749.8,0.9997,500
2006-08-09,2006,landsat,4,1105.2,7574.5,0.8655,90
2006-08-09,2006,modis,4,1143.4,8751.0,0.9999,500
2006-08-25,2006,landsat,3,1097.4,7542.6,0.8618,90
2006-08-25,2006,modis,4,1123.8,8749.3,0.9997,500
2006-09-10,2006,landsat,2,199.7,1622.9,0.1854,90
2006-09-10,2006,modis,4,1099.8,8744.2,0.9991,500
2006-09-26,2006,landsat,5,1161.4,8751.7,1.0,90
2006-09-26,2006,modis,4,1050.1,8738.2,0.9984,500
2006-10-12,2006,landsat,1,927.7,7079.1,0.8089,90
2006-10-12,2006,modis,4,1075.6,8746.9,0.9994,500
2006-10-28,2006,landsat,4,1055.0,7028.0,0.803,90
2006-10-28,2006,modis,4,1069.8,8751.2,0.9999,500
2006-11-13,2006,landsat,2,0.0,66.4,0.0076,90
2006-11-13,2006,modis,4,1065.0,8698.2,0.9939,500
2006-11-29,2006,landsat,3,694.0,1763.2,0.2015,90
2006-11-29,2006,modis,4,1053.2,7877.7,0.9001,500
2006-12-15,2006,landsat,4,1058.3,6288.1,0.7185,90
2006-12-15,2006,modis,4,1051.4,8472.8,0.9681,500
2006-12-31,2006,landsat,2,1058.1,4061.4,0.4641,90
2006-12-31,2006,modis,4,741.8,3746.2,0.428,500
2007-01-16,2007,landsat,1,10.8,820.5,0.0938,90
2007-01-16,2007,modis,4,1110.1,5036.3,0.5754,500
2007-02-01,2007,landsat,3,1163.1,7287.4,0.8327,90
2007-02-01,2007,modis,4,1111.0,8509.8,0.9723,500
2007-02-17,2007,landsat,3,1110.7,5894.5,0.6735,90
2007-02-17,2007,modis,4,1118.0,8288.6,0.9471,500
2007-03-05,2007,landsat,3,0.0,0.0,0.0,90
2007-03-05,2007,modis,4,1130.5,8724.9,0.9969,500
2007-03-21,2007,landsat,5,1129.8,5528.3,0.6317,90
2007-03-21,2007,modis,4,1133.1,8672.4,0.9909,500
2007-04-06,2007,landsat,2,608.1,2832.6,0.3237,90
2007-04-06,2007,modis,4,1150.5,8418.2,0.9619,500
2007-04-22,2007,landsat,4,1094.4,6447.9,0.7367,90
2007-04-22,2007,modis,4,1137.2,8740.3,0.9987,500
2007-05-08,2007,landsat,3,1135.6,8031.0,0.9176,90
2007-05-08,2007,modis,4,1130.0,8742.0,0.9989,500
2007-05-24,2007,landsat,3,1101.5,5844.3,0.6678,90
2007-05-24,2007,modis,4,1143.7,8746.8,0.9994,500
2007-06-09,2007,landsat,2,1115.7,7643.6,0.8734,90
2007-06-09,2007,modis,4,1126.2,8745.2,0.9992,500
2007-06-25,2007,landsat,3,415.0,3818.6,0.4363,90
2007-06-25,2007,modis,4,1133.4,8748.7,0.9996,500
2007-07-11,2007,landsat,3,1000.1,5005.8,0.572,90
2007-07-11,2007,modis,4,1139.6,8747.4,0.9995,500
2007-07-27,2007,landsat,2,1173.5,8514.7,0.9729,90
2007-07-27,2007,modis,4,1140.8,8748.3,0.9996,500
2007-08-12,2007,landsat,5,1180.3,8728.1,0.9973,90
2007-08-12,2007,modis,4,1138.4,8748.6,0.9996,500
2007-08-28,2007,landsat,3,1124.4,7658.9,0.8751,90
2007-08-28,2007,modis,4,1114.4,8736.6,0.9982,500
2007-09-13,2007,landsat,3,1176.2,8694.6,0.9934,90
2007-09-13,2007,modis,4,1123.0,8752.2,1.0,500
2007-09-29,2007,landsat,4,85.6,1275.2,0.1457,90
2007-09-29,2007,modis,4,1095.2,8752.2,1.0,500
2007-10-15,2007,landsat,3,1101.1,7635.7,0.8725,90
2007-10-15,2007,modis,4,1052.5,8710.1,0.9952,500
2007-10-31,2007,landsat,2,1060.5,3863.0,0.4414,90
2007-10-31,2007,modis,4,1051.6,8716.4,0.9959,500
2007-11-16,2007,landsat,2,1060.9,7480.6,0.8547,90
2007-11-16,2007,modis,4,1083.2,8751.7,1.0,500
2007-12-02,2007,landsat,2,46.8,443.5,0.0507,90
2007-12-02,2007,modis,4,1085.8,8032.7,0.9178,500
2007-12-18,2007,landsat,2,502.0,4689.9,0.5359,90
2007-12-18,2007,modis,6,1076.7,6333.7,0.7237,500
2008-01-03,2008,landsat,1,385.4,1903.8,0.2175,90
2008-01-03,2008,modis,4,1067.8,5800.3,0.6627,500
2008-01-19,2008,landsat,2,0.4,43.9,0.005,90
2008-01-19,2008,modis,4,1078.9,8244.6,0.942,500
2008-02-04,2008,landsat,4,1164.4,5825.4,0.6656,90
2008-02-04,2008,modis,4,1139.6,8723.0,0.9967,500
2008-02-20,2008,landsat,1,0.0,29.8,0.0034,90
2008-02-20,2008,modis,4,1132.6,7917.6,0.9047,500
2008-03-07,2008,landsat,5,785.3,3547.0,0.4053,90
2008-03-07,2008,modis,4,1139.1,8663.9,0.9899,500
2008-03-23,2008,landsat,6,1139.8,7455.0,0.8518,90
2008-03-23,2008,modis,4,1156.6,8752.2,1.0,500
2008-04-08,2008,landsat,3,1084.2,5089.2,0.5815,90
2008-04-08,2008,modis,4,1154.7,8752.2,1.0,500
2008-04-24,2008,landsat,2,1112.2,6380.1,0.729,90
2008-04-24,2008,modis,4,1160.2,8752.2,1.0,500
2008-05-10,2008,landsat,2,439.3,3616.1,0.4132,90
2008-05-10,2008,modis,4,1166.9,8746.9,0.9994,500
2008-05-26,2008,landsat,2,1005.5,6646.5,0.7594,90
2008-05-26,2008,modis,4,1159.7,8750.2,0.9998,500
2008-06-11,2008,modis,4,1155.4,8748.0,0.9995,500
2008-06-27,2008,landsat,1,1028.3,5348.5,0.6111,90
2008-06-27,2008,modis,4,1165.5,8748.3,0.9996,500
2008-07-13,2008,landsat,2,986.9,4974.0,0.5683,90
2008-07-13,2008,modis,4,1162.1,8750.5,0.9998,500
2008-07-29,2008,landsat,4,1004.0,7563.8,0.8642,90
2008-07-29,2008,modis,4,1152.1,8742.1,0.9989,500
2008-08-14,2008,landsat,5,1183.9,8283.1,0.9464,90
2008-08-14,2008,modis,4,1149.9,8742.8,0.9989,500
2008-08-30,2008,landsat,6,1177.3,8657.3,0.9892,90
2008-08-30,2008,modis,4,1102.7,8718.4,0.9962,500
2008-09-15,2008,landsat,4,468.1,2737.4,0.3128,90
2008-09-15,2008,modis,4,1147.0,8751.9,1.0,500
2008-10-01,2008,landsat,6,1179.7,8671.8,0.9908,90
2008-10-01,2008,modis,4,1132.2,8750.7,0.9999,500
2008-10-17,2008,landsat,2,1114.7,7514.0,0.8585,90
2008-10-17,2008,modis,4,1111.3,8752.2,1.0,500
2008-11-02,2008,landsat,3,1089.1,7385.3,0.8438,90
2008-11-02,2008,modis,4,1112.5,8749.8,0.9997,500
2008-11-18,2008,landsat,2,323.8,1482.5,0.1694,90
2008-11-18,2008,modis,4,1110.8,8199.9,0.9369,500
2008-12-04,2008,landsat,2,229.4,1627.0,0.1859,90
2008-12-04,2008,modis,4,978.0,8364.6,0.9557,500
2008-12-20,2008,modis,4,1112.5,8604.3,0.9831,500
2009-01-05,2009,modis,4,1094.3,8184.1,0.9351,500
2009-01-21,2009,landsat,1,0.0,20.7,0.0024,90
2009-01-21,2009,modis,4,1117.0,8442.1,0.9646,500
2009-02-06,2009,landsat,1,0.0,34.9,0.004,90
2009-02-06,2009,modis,4,1111.5,8526.3,0.9742,500
2009-02-22,2009,landsat,2,921.2,2537.7,0.29,90
2009-02-22,2009,modis,4,1132.8,8446.9,0.9651,500
2009-03-10,2009,modis,4,1151.5,8135.9,0.9296,500
2009-03-26,2009,landsat,2,1081.8,4934.7,0.5638,90
2009-03-26,2009,modis,4,1150.1,8743.1,0.999,500
2009-04-11,2009,landsat,1,0.0,45.3,0.0052,90
2009-04-11,2009,modis,4,1160.9,8706.2,0.9948,500
2009-04-27,2009,landsat,5,1173.0,7473.2,0.8539,90
2009-04-27,2009,modis,4,1151.6,8682.5,0.9921,500
2009-05-13,2009,landsat,1,0.0,49.6,0.0057,90
2009-05-13,2009,modis,4,1159.7,8751.7,1.0,500
2009-05-29,2009,landsat,4,804.7,7090.5,0.8102,90
2009-05-29,2009,modis,4,1166.5,8749.8,0.9997,500
2009-06-14,2009,landsat,4,1021.7,7637.6,0.8727,90
2009-06-14,2009,modis,4,1164.3,8750.0,0.9998,500
2009-06-30,2009,modis,4,1160.9,8739.2,0.9985,500
2009-07-16,2009,landsat,2,1126.1,7560.3,0.8638,90
2009-07-16,2009,modis,4,1158.5,8746.7,0.9994,500
2009-08-01,2009,landsat,2,1155.4,6829.9,0.7804,90
2009-08-01,2009,modis,4,1161.9,8750.2,0.9998,500
2009-08-17,2009,modis,4,1150.6,8748.8,0.9996,500
2009-09-02,2009,landsat,1,0.0,0.1,0.0,90
2009-09-02,2009,modis,4,1123.5,8724.1,0.9968,500
2009-09-18,2009,landsat,1,0.0,6.1,0.0007,90
2009-09-18,2009,modis,4,1093.3,8732.0,0.9977,500
2009-10-04,2009,landsat,1,0.0,66.5,0.0076,90
2009-10-04,2009,modis,4,1083.7,8741.8,0.9988,500
2009-10-20,2009,landsat,1,0.0,71.3,0.0081,90
2009-10-20,2009,modis,4,1116.8,8750.7,0.9999,500
2009-11-05,2009,landsat,4,261.2,4838.6,0.5529,90
2009-11-05,2009,modis,4,1025.4,8647.8,0.9881,500
2009-11-21,2009,landsat,3,961.0,4337.3,0.4956,90
2009-11-21,2009,modis,4,1117.8,8661.0,0.9896,500
2009-12-07,2009,landsat,4,428.0,1162.3,0.1328,90
2009-12-07,2009,modis,4,1110.1,8748.4,0.9996,500
2009-12-23,2009,modis,4,1068.5,8530.1,0.9746,500
2010-01-08,2010,landsat,1,5.8,877.0,0.1002,90
2010-01-08,2010,modis,4,1089.2,8558.9,0.9779,500
2010-01-24,2010,landsat,2,0.0,89.8,0.0103,90
2010-01-24,2010,modis,4,1088.5,8109.8,0.9266,500
2010-02-09,2010,landsat,2,0.9,743.2,0.0849,90
2010-02-09,2010,modis,4,1080.8,5920.8,0.6765,500
2010-02-25,2010,modis,4,1111.9,7967.7,0.9104,500
2010-03-13,2010,landsat,5,419.4,3122.3,0.3568,90
2010-03-13,2010,modis,4,1097.9,7925.2,0.9055,500
2010-03-29,2010,landsat,2,827.7,3040.7,0.3474,90
2010-03-29,2010,modis,4,1103.4,8013.2,0.9156,500
2010-04-14,2010,landsat,1,0.0,73.0,0.0083,90
2010-04-14,2010,modis,4,1104.8,8683.8,0.9922,500
2010-04-30,2010,landsat,5,901.9,5047.3,0.5767,90
2010-04-30,2010,modis,4,1133.6,8752.2,1.0,500
2010-05-16,2010,landsat,2,310.8,1311.1,0.1498,90
2010-05-16,2010,modis,4,1126.6,8724.5,0.9969,500
2010-06-01,2010,modis,4,1122.8,8731.4,0.9976,500
2010-06-17,2010,modis,4,1110.5,8003.3,0.9145,500
2010-07-03,2010,landsat,1,0.0,48.9,0.0056,90
2010-07-03,2010,modis,4,1126.4,8736.0,0.9982,500
2010-07-19,2010,landsat,2,379.3,1606.8,0.1836,90
2010-07-19,2010,modis,4,1128.1,8747.8,0.9995,500
2010-08-04,2010,modis,4,1123.5,8749.8,0.9997,500
2010-08-20,2010,landsat,2,1126.6,7656.2,0.8748,90
2010-08-20,2010,modis,4,1123.3,8751.9,1.0,500
2010-09-05,2010,landsat,1,283.7,1809.0,0.2067,90
2010-09-05,2010,modis,4,1108.4,8747.4,0.9995,500
2010-09-21,2010,landsat,1,1029.2,6684.6,0.7638,90
2010-09-21,2010,modis,4,1091.4,8752.2,1.0,500
2010-10-07,2010,landsat,1,0.0,50.9,0.0058,90
2010-10-07,2010,modis,4,1030.4,8743.3,0.999,500
2010-10-23,2010,landsat,1,0.0,37.6,0.0043,90
2010-10-23,2010,modis,4,1058.0,8745.2,0.9992,500
2010-11-08,2010,landsat,2,0.0,137.5,0.0157,90
2010-11-08,2010,modis,4,1060.6,8737.0,0.9983,500
2010-11-24,2010,landsat,1,0.0,53.4,0.0061,90
2010-11-24,2010,modis,4,1068.8,8636.6,0.9868,500
2010-12-10,2010,landsat,3,1126.1,8107.1,0.9263,90
2010-12-10,2010,modis,4,1056.3,8625.1,0.9855,500
2010-12-26,2010,landsat,1,0.0,68.6,0.0078,90
2010-12-26,2010,modis,6,1016.3,8221.6,0.9394,500
2011-01-11,2011,landsat,3,293.3,1762.7,0.2014,90
2011-01-11,2011,modis,4,1033.8,7740.4,0.8844,500
2011-01-27,2011,landsat,2,903.6,4231.7,0.4835,90
2011-01-27,2011,modis,4,1028.8,7916.0,0.9045,500
2011-02-12,2011,landsat,2,893.8,3589.0,0.4101,90
2011-02-12,2011,modis,4,1073.6,8137.5,0.9298,500
2011-02-28,2011,landsat,1,313.3,475.2,0.0543,90
2011-02-28,2011,modis,4,1076.7,6888.4,0.7871,500
2011-03-16,2011,landsat,1,0.0,25.4,0.0029,90
2011-03-16,2011,modis,4,1067.6,7933.3,0.9065,500
2011-04-01,2011,modis,4,1097.4,8569.8,0.9792,500
2011-04-17,2011,landsat,2,944.1,3781.5,0.4321,90
2011-04-17,2011,modis,4,1109.3,8742.6,0.9989,500
2011-05-03,2011,landsat,3,480.2,2737.1,0.3127,90
2011-05-03,2011,modis,4,1112.7,8714.9,0.9958,500
2011-05-19,2011,landsat,1,397.1,1620.2,0.1851,90
2011-05-19,2011,modis,4,1106.5,8751.0,0.9999,500
2011-06-04,2011,landsat,3,12.7,358.9,0.041,90
2011-06-04,2011,modis,4,1112.9,8748.3,0.9996,500
2011-06-20,2011,landsat,3,1046.7,7323.2,0.8367,90
2011-06-20,2011,modis,4,1125.9,8746.9,0.9994,500
2011-07-06,2011,landsat,3,1107.0,7628.0,0.8716,90
2011-07-06,2011,modis,4,1117.7,8747.8,0.9995,500
2011-07-22,2011,landsat,2,1033.3,6995.2,0.7993,90
2011-07-22,2011,modis,4,1105.0,8745.2,0.9992,500
2011-08-07,2011,landsat,2,980.2,7333.3,0.8379,90
2011-08-07,2011,modis,4,1101.0,8741.1,0.9988,500
2011-08-23,2011,landsat,2,1107.0,7502.7,0.8573,90
2011-08-23,2011,modis,4,1093.5,8750.7,0.9999,500
2011-09-08,2011,landsat,2,1091.7,7658.9,0.8751,90
2011-09-08,2011,modis,4,1078.2,8747.8,0.9995,500
2011-09-24,2011,landsat,2,1079.4,7614.1,0.87,90
2011-09-24,2011,modis,4,1015.8,8705.2,0.9946,500
2011-10-10,2011,landsat,3,1076.5,8598.3,0.9824,90
2011-10-10,2011,modis,4,1027.8,8751.9,1.0,500
2011-10-26,2011,modis,4,1022.0,8741.8,0.9988,500
2011-11-11,2011,landsat,1,0.0,25.7,0.0029,90
2011-11-11,2011,modis,4,1023.2,8741.1,0.9988,500
2011-11-27,2011,landsat,1,0.0,50.1,0.0057,90
2011-11-27,2011,modis,4,1018.2,8711.7,0.9954,500
2011-12-13,2011,landsat,1,0.0,58.3,0.0067,90
2011-12-13,2011,modis,4,1000.7,8739.8,0.9986,500
2011-12-29,2011,landsat,1,0.0,0.0,0.0,90
2011-12-29,2011,modis,4,879.5,6525.6,0.7456,500
2012-01-14,2012,modis,4,1015.2,7764.5,0.8872,500
2012-01-30,2012,landsat,3,957.6,4704.7,0.5376,90
2012-01-30,2012,modis,4,1006.7,8504.9,0.9718,500
2012-02-15,2012,landsat,2,298.1,1948.4,0.2226,90
2012-02-15,2012,modis,4,1026.1,8553.1,0.9773,500
2012-03-02,2012,modis,4,1030.2,8639.9,0.9872,500
2012-03-18,2012,landsat,1,0.0,40.0,0.0046,90
2012-03-18,2012,modis,4,1026.5,8549.6,0.9769,500
2012-04-03,2012,modis,4,1057.0,8704.4,0.9946,500
2012-04-19,2012,landsat,3,583.9,3455.0,0.3948,90
2012-04-19,2012,modis,4,1073.1,8752.2,1.0,500
2012-05-05,2012,landsat,3,976.4,6686.1,0.764,90
2012-05-05,2012,modis,4,1074.5,8751.0,0.9999,500
2012-05-21,2012,landsat,3,964.7,7392.5,0.8447,90
2012-05-21,2012,modis,4,1052.3,8750.2,0.9998,500
2012-06-06,2012,landsat,2,1024.0,6100.0,0.697,90
2012-06-06,2012,modis,4,1054.2,8750.5,0.9998,500
2012-06-22,2012,modis,4,1031.6,8748.8,0.9996,500
2012-07-08,2012,modis,4,1039.1,8746.6,0.9994,500
2012-07-24,2012,landsat,1,0.3,45.2,0.0052,90
2012-07-24,2012,modis,4,1026.8,8751.0,0.9999,500
2012-08-09,2012,landsat,1,0.0,20.5,0.0023,90
2012-08-09,2012,modis,4,1013.4,8751.9,1.0,500
2012-08-25,2012,landsat,3,857.8,3520.4,0.4022,90
2012-08-25,2012,modis,4,956.1,8736.3,0.9982,500
2012-09-10,2012,landsat,3,979.8,7331.2,0.8377,90
2012-09-10,2012,modis,4,963.3,8751.7,1.0,500
2012-09-26,2012,landsat,3,952.3,5362.9,0.6128,90
2012-09-26,2012,modis,4,912.7,8751.2,0.9999,500
2012-10-12,2012,landsat,1,0.0,60.9,0.007,90
2012-10-12,2012,modis,4,889.1,8751.2,0.9999,500
2012-10-28,2012,landsat,3,807.3,5215.2,0.5959,90
2012-10-28,2012,modis,4,853.4,8744.4,0.9991,500
2012-11-13,2012,landsat,2,721.5,7038.9,0.8043,90
2012-11-13,2012,modis,4,843.4,8751.8,1.0,500
2012-11-29,2012,landsat,3,863.9,7581.8,0.8663,90
2012-11-29,2012,modis,4,804.8,7810.5,0.8924,500
2012-12-15,2012,landsat,1,0.0,30.1,0.0034,90
2012-12-15,2012,modis,4,753.6,7952.6,0.9087,500
2012-12-31,2012,landsat,2,631.7,3945.9,0.4509,90
2012-12-31,2012,modis,4,882.2,6987.3,0.7984,500
2013-01-16,2013,landsat,3,808.9,4550.2,0.5199,90
2013-01-16,2013,modis,4,864.4,6603.6,0.7545,500
2013-02-01,2013,landsat,3,154.2,2043.4,0.2335,90
2013-02-01,2013,modis,4,1007.6,7015.1,0.8015,500
2013-02-17,2013,landsat,1,0.0,8.6,0.001,90
2013-02-17,2013,modis,4,1125.7,8256.3,0.9434,500
2013-03-05,2013,landsat,3,729.1,2002.5,0.2288,90
2013-03-05,2013,modis,4,1121.3,8279.3,0.946,500
2013-03-21,2013,landsat,5,1095.3,7505.3,0.8575,90
2013-03-21,2013,modis,4,1145.7,8745.6,0.9993,500
2013-04-06,2013,landsat,4,976.4,7084.3,0.8094,90
2013-04-06,2013,modis,4,1154.0,8751.0,0.9999,500
2013-04-22,2013,landsat,4,1153.2,7809.2,0.8923,90
2013-04-22,2013,modis,4,1130.9,8668.9,0.9905,500
2013-05-08,2013,landsat,5,1074.0,8363.6,0.9556,90
2013-05-08,2013,modis,4,1119.2,8751.4,0.9999,500
2013-05-24,2013,landsat,4,189.8,2527.6,0.2888,90
2013-05-24,2013,modis,4,1109.6,8751.2,0.9999,500
2013-06-09,2013,landsat,5,1119.6,8076.2,0.9228,90
2013-06-09,2013,modis,4,1091.9,8679.1,0.9917,500
2013-06-25,2013,landsat,6,1129.2,8701.7,0.9942,90
2013-06-25,2013,modis,4,1093.8,8747.8,0.9995,500
2013-07-11,2013,landsat,5,81.3,2697.1,0.3082,90
2013-07-11,2013,modis,4,1082.8,8748.6,0.9996,500
2013-07-27,2013,landsat,6,682.9,7323.4,0.8368,90
2013-07-27,2013,modis,4,1077.9,8747.1,0.9994,500
2013-08-12,2013,landsat,6,1090.5,7950.7,0.9084,90
2013-08-12,2013,modis,4,1076.3,8749.0,0.9997,500
2013-08-28,2013,landsat,5,1101.5,8728.4,0.9973,90
2013-08-28,2013,modis,4,1039.8,8741.8,0.9988,500
2013-09-13,2013,landsat,2,442.1,2368.6,0.2706,90
2013-09-13,2013,modis,4,977.9,8746.4,0.9994,500
2013-09-29,2013,landsat,6,1057.3,8204.7,0.9375,90
2013-09-29,2013,modis,4,984.2,8747.1,0.9994,500
2013-10-15,2013,landsat,4,668.4,3286.3,0.3755,90
2013-10-15,2013,modis,4,983.2,8748.3,0.9996,500
2013-10-31,2013,landsat,6,1035.2,8749.7,0.9997,90
2013-10-31,2013,modis,4,965.0,8751.4,0.9999,500
2013-11-16,2013,landsat,6,952.6,7106.4,0.812,90
2013-11-16,2013,modis,4,934.2,8741.1,0.9988,500
2013-12-02,2013,landsat,5,805.9,8511.5,0.9725,90
2013-12-02,2013,modis,4,945.8,8748.1,0.9996,500
2013-12-18,2013,landsat,6,246.8,2122.6,0.2425,90
2013-12-18,2013,modis,6,880.6,8364.8,0.9558,500
2014-01-03,2014,landsat,2,29.4,2154.0,0.2461,90
2014-01-03,2014,modis,4,933.4,8391.0,0.9588,500
2014-01-19,2014,landsat,6,953.5,6065.2,0.693,90
2014-01-19,2014,modis,4,932.1,7522.4,0.8595,500
2014-02-04,2014,landsat,2,0.3,240.5,0.0275,90
2014-02-04,2014,modis,4,903.3,7250.8,0.8285,500
2014-02-20,2014,landsat,6,673.6,3263.7,0.3729,90
2014-02-20,2014,modis,4,974.7,7895.5,0.9021,500
2014-03-08,2014,landsat,6,599.9,3280.2,0.3748,90
2014-03-08,2014,modis,4,1033.1,8306.5,0.9491,500
2014-03-24,2014,landsat,5,980.5,7765.6,0.8873,90
2014-03-24,2014,modis,4,1048.2,7800.0,0.8912,500
2014-04-09,2014,landsat,6,686.7,4696.5,0.5366,90
2014-04-09,2014,modis,4,1050.1,8726.1,0.997,500
2014-04-25,2014,landsat,6,996.7,8390.7,0.9587,90
2014-04-25,2014,modis,4,1025.9,8733.2,0.9979,500
2014-05-11,2014,landsat,4,1020.5,7458.9,0.8522,90
2014-05-11,2014,modis,4,1035.7,8751.9,1.0,500
2014-05-27,2014,landsat,5,830.1,8516.6,0.9731,90
2014-05-27,2014,modis,4,1029.5,8750.0,0.9998,500
2014-06-12,2014,landsat,4,942.1,7972.0,0.9109,90
2014-06-12,2014,modis,4,1016.5,8748.3,0.9996,500
2014-06-28,2014,landsat,5,1007.7,8654.5,0.9889,90
2014-06-28,2014,modis,4,1018.7,8743.0,0.999,500
2014-07-14,2014,landsat,5,92.4,1359.2,0.1553,90
2014-07-14,2014,modis,4,1010.8,8747.6,0.9995,500
2014-07-30,2014,landsat,6,993.2,8369.6,0.9563,90
2014-07-30,2014,modis,4,1005.5,8737.4,0.9983,500
2014-08-15,2014,landsat,6,1028.1,8733.8,0.9979,90
2014-08-15,2014,modis,4,988.0,8747.4,0.9995,500
2014-08-31,2014,landsat,6,829.9,5282.7,0.6036,90
2014-08-31,2014,modis,4,993.2,8750.0,0.9998,500
2014-09-16,2014,landsat,6,1031.2,8743.5,0.999,90
2014-09-16,2014,modis,4,922.5,8751.9,1.0,500
2014-10-02,2014,landsat,5,993.9,8750.7,0.9999,90
2014-10-02,2014,modis,4,885.1,8752.2,1.0,500
2014-10-18,2014,landsat,3,0.7,486.6,0.0556,90
2014-10-18,2014,modis,4,922.0,8750.5,0.9998,500
2014-11-03,2014,landsat,6,906.7,8287.0,0.9469,90
2014-11-03,2014,modis,4,820.8,8751.9,1.0,500
2014-11-19,2014,landsat,4,852.5,8292.9,0.9475,90
2014-11-19,2014,modis,4,802.3,8751.9,1.0,500
2014-12-05,2014,landsat,6,786.3,8689.3,0.9928,90
2014-12-05,2014,modis,4,668.5,8405.6,0.9604,500
2014-12-21,2014,landsat,6,518.7,4074.2,0.4655,90
2014-12-21,2014,modis,4,589.2,8308.1,0.9493,500
2015-01-06,2015,landsat,5,688.6,3280.2,0.3748,90
2015-01-06,2015,modis,4,1283.5,7395.4,0.845,500
2015-01-22,2015,landsat,3,1216.2,3852.6,0.4402,90
2015-01-22,2015,modis,4,1229.5,5624.3,0.6426,500
2015-02-07,2015,landsat,6,1133.5,6971.9,0.7966,90
2015-02-07,2015,modis,4,1303.9,8418.5,0.9619,500
2015-02-23,2015,landsat,2,0.0,0.0,0.0,90
2015-02-23,2015,modis,4,1280.8,8251.4,0.9428,500
2015-03-11,2015,landsat,6,1152.8,6429.9,0.7347,90
2015-03-11,2015,modis,4,1227.1,8454.9,0.9661,500
2015-03-27,2015,landsat,6,1273.1,8254.7,0.9432,90
2015-03-27,2015,modis,4,1256.6,8744.7,0.9992,500
2015-04-12,2015,landsat,5,1277.8,8010.9,0.9153,90
2015-04-12,2015,modis,4,1240.3,8741.4,0.9988,500
2015-04-28,2015,landsat,6,1254.8,8600.0,0.9826,90
2015-04-28,2015,modis,4,1258.0,8752.2,1.0,500
2015-05-14,2015,landsat,6,1271.5,8607.5,0.9835,90
2015-05-14,2015,modis,4,1243.9,8751.4,0.9999,500
2015-05-30,2015,landsat,4,1248.7,7966.3,0.9102,90
2015-05-30,2015,modis,4,1216.3,8744.5,0.9991,500
2015-06-15,2015,landsat,6,1054.2,6404.4,0.7318,90
2015-06-15,2015,modis,4,1226.4,8749.0,0.9997,500
2015-07-01,2015,landsat,5,1247.8,8693.3,0.9933,90
2015-07-01,2015,modis,4,1206.7,8743.5,0.999,500
2015-07-17,2015,landsat,5,1233.8,8747.9,0.9995,90
2015-07-17,2015,modis,4,1198.3,8747.6,0.9995,500
2015-08-02,2015,landsat,5,1215.6,8723.5,0.9967,90
2015-08-02,2015,modis,4,1205.1,8746.4,0.9994,500
2015-08-18,2015,landsat,4,1233.5,8676.9,0.9914,90
2015-08-18,2015,modis,4,1180.8,8743.0,0.999,500
2015-09-03,2015,landsat,5,1224.3,8714.6,0.9957,90
2015-09-03,2015,modis,4,1178.9,8748.3,0.9996,500
2015-09-19,2015,landsat,6,1223.6,8741.9,0.9988,90
2015-09-19,2015,modis,4,1173.2,8750.2,0.9998,500
2015-10-05,2015,landsat,6,1182.8,8437.6,0.9641,90
2015-10-05,2015,modis,4,1141.5,8748.8,0.9996,500
2015-10-21,2015,landsat,6,1104.7,6022.4,0.6881,90
2015-10-21,2015,modis,4,1152.5,8751.9,1.0,500
2015-11-06,2015,landsat,6,1186.2,8748.3,0.9996,90
2015-11-06,2015,modis,4,1120.4,8749.3,0.9997,500
2015-11-22,2015,landsat,6,1075.4,7463.6,0.8528,90
2015-11-22,2015,modis,4,1127.3,8752.2,1.0,500
2015-12-08,2015,landsat,6,1121.0,5798.3,0.6625,90
2015-12-08,2015,modis,4,1101.5,8355.6,0.9547,500
2015-12-24,2015,landsat,6,28.2,1752.5,0.2002,90
2015-12-24,2015,modis,4,1114.4,8242.9,0.9418,500
2016-01-09,2016,landsat,3,815.4,3732.9,0.4265,90
2016-01-09,2016,modis,4,1089.9,8715.4,0.9958,500
2016-01-25,2016,landsat,4,938.5,4576.9,0.523,90
2016-01-25,2016,modis,4,1059.0,8585.6,0.981,500
2016-02-10,2016,landsat,6,1083.3,6682.7,0.7636,90
2016-02-10,2016,modis,4,1093.0,8634.6,0.9866,500
2016-02-26,2016,landsat,6,1017.6,4784.4,0.5467,90
2016-02-26,2016,modis,4,1002.1,7702.4,0.8801,500
2016-03-13,2016,landsat,5,1084.2,7397.8,0.8453,90
2016-03-13,2016,modis,4,1099.0,8440.5,0.9644,500
2016-03-29,2016,landsat,5,1110.5,7956.2,0.9091,90
2016-03-29,2016,modis,4,1100.2,8199.4,0.9369,500
2016-04-14,2016,landsat,6,1099.6,8712.6,0.9955,90
2016-04-14,2016,modis,4,1107.9,8751.0,0.9999,500
2016-04-30,2016,landsat,6,777.6,5651.2,0.6457,90
2016-04-30,2016,modis,4,1080.3,8706.5,0.9948,500
2016-05-16,2016,landsat,6,899.2,7400.0,0.8455,90
2016-05-16,2016,modis,4,1079.6,8742.0,0.9989,500
2016-06-01,2016,landsat,3,242.4,3806.6,0.4349,90
2016-06-01,2016,modis,4,1064.0,8740.3,0.9987,500
2016-06-17,2016,landsat,4,971.6,7610.1,0.8695,90
2016-06-17,2016,modis,4,1054.9,8742.3,0.9989,500
2016-07-03,2016,landsat,4,509.1,3000.3,0.3428,90
2016-07-03,2016,modis,4,976.1,7597.8,0.8681,500
2016-07-19,2016,landsat,5,1031.5,8708.7,0.9951,90
2016-07-19,2016,modis,4,1037.9,8750.5,0.9998,500
2016-08-04,2016,landsat,6,1044.3,7985.9,0.9125,90
2016-08-04,2016,modis,4,1039.1,8748.1,0.9996,500
2016-08-20,2016,landsat,5,1076.4,8655.0,0.9889,90
2016-08-20,2016,modis,4,1027.3,8748.6,0.9996,500
2016-09-05,2016,landsat,5,1021.4,8662.5,0.9898,90
2016-09-05,2016,modis,4,981.0,8751.4,0.9999,500
2016-09-21,2016,landsat,6,955.1,8252.8,0.943,90
2016-09-21,2016,modis,4,948.2,8752.2,1.0,500
2016-10-07,2016,landsat,6,879.6,7790.9,0.8902,90
2016-10-07,2016,modis,4,882.2,8743.0,0.999,500
2016-10-23,2016,landsat,6,842.6,8666.9,0.9903,90
2016-10-23,2016,modis,4,806.6,8751.9,1.0,500
2016-11-08,2016,landsat,6,437.8,3617.2,0.4133,90
2016-11-08,2016,modis,4,774.0,8751.4,0.9999,500
2016-11-24,2016,landsat,6,759.2,7322.1,0.8366,90
2016-11-24,2016,modis,4,812.7,8483.0,0.9693,500
2016-12-10,2016,landsat,4,673.6,7041.6,0.8046,90
2016-12-10,2016,modis,4,728.8,8721.2,0.9965,500
2016-12-26,2016,landsat,4,471.9,1898.9,0.217,90
2016-12-26,2016,modis,6,718.9,8584.8,0.9809,500
2017-01-11,2017,landsat,1,179.6,1266.9,0.1448,90
2017-01-11,2017,modis,4,918.7,8262.7,0.9441,500
2017-01-27,2017,landsat,5,682.9,3194.1,0.365,90
2017-01-27,2017,modis,4,1005.0,7856.6,0.8977,500
2017-02-12,2017,landsat,4,996.5,5087.7,0.5813,90
2017-02-12,2017,modis,4,985.6,8538.1,0.9756,500
2017-02-28,2017,landsat,4,823.9,4552.5,0.5202,90
2017-02-28,2017,modis,4,1003.0,8691.3,0.9931,500
2017-03-16,2017,landsat,3,155.1,2883.9,0.3295,90
2017-03-16,2017,modis,4,1018.9,8553.9,0.9774,500
2017-04-01,2017,landsat,6,1056.8,7927.7,0.9058,90
2017-04-01,2017,modis,4,970.2,8500.1,0.9712,500
2017-04-17,2017,landsat,2,121.9,718.5,0.0821,90
2017-04-17,2017,modis,4,972.2,8569.2,0.9791,500
2017-05-03,2017,landsat,6,881.8,8148.2,0.931,90
2017-05-03,2017,modis,4,981.0,8750.5,0.9998,500
2017-05-19,2017,landsat,5,964.6,8687.3,0.9926,90
2017-05-19,2017,modis,4,949.4,8723.2,0.9967,500
2017-06-04,2017,landsat,5,676.3,4545.1,0.5193,90
2017-06-04,2017,modis,4,955.6,8743.6,0.999,500
2017-06-20,2017,landsat,5,916.0,7653.1,0.8744,90
2017-06-20,2017,modis,4,940.3,8750.0,0.9998,500
2017-07-06,2017,landsat,6,961.0,8484.6,0.9694,90
2017-07-06,2017,modis,4,928.0,8745.2,0.9992,500
2017-07-22,2017,landsat,5,957.9,8620.2,0.9849,90
2017-07-22,2017,modis,4,917.5,8749.0,0.9997,500
2017-08-07,2017,landsat,5,893.1,8144.7,0.9306,90
2017-08-07,2017,modis,4,907.6,8751.4,0.9999,500
2017-08-23,2017,landsat,6,937.8,8736.1,0.9982,90
2017-08-23,2017,modis,4,888.9,8751.9,1.0,500
2017-09-08,2017,landsat,5,923.5,8732.2,0.9977,90
2017-09-08,2017,modis,4,792.3,8751.9,1.0,500
2017-09-24,2017,landsat,6,813.4,7526.3,0.8599,90
2017-09-24,2017,modis,4,760.1,8752.2,1.0,500
2017-10-10,2017,landsat,6,758.3,8733.3,0.9979,90
2017-10-10,2017,modis,4,665.2,8752.2,1.0,500
2017-10-26,2017,landsat,6,675.7,8314.0,0.95,90
2017-10-26,2017,modis,4,651.7,8752.2,1.0,500
2017-11-11,2017,landsat,4,552.0,3933.9,0.4495,90
2017-11-11,2017,modis,4,599.9,8736.5,0.9982,500
2017-11-27,2017,landsat,3,27.8,2792.8,0.3191,90
2017-11-27,2017,modis,4,555.5,7938.3,0.907,500
2017-12-13,2017,landsat,5,416.9,4804.0,0.5489,90
2017-12-13,2017,modis,4,580.5,8697.7,0.9938,500
2017-12-29,2017,landsat,6,600.6,6997.2,0.7995,90
2017-12-29,2017,modis,4,514.4,8733.4,0.9979,500
2018-01-14,2018,landsat,6,529.7,8055.3,0.9204,90
2018-01-14,2018,modis,4,523.7,8266.1,0.9445,500
2018-01-30,2018,landsat,3,213.9,1023.3,0.1169,90
2018-01-30,2018,modis,4,553.9,6437.3,0.7355,500
2018-02-15,2018,landsat,6,578.3,3442.6,0.3933,90
2018-02-15,2018,modis,4,762.2,6533.8,0.7466,500
2018-03-03,2018,landsat,5,439.4,2461.5,0.2813,90
2018-03-03,2018,modis,4,859.3,7542.6,0.8618,500
2018-03-19,2018,landsat,5,545.5,2861.2,0.3269,90
2018-03-19,2018,modis,4,803.6,8574.0,0.9797,500
2018-04-04,2018,landsat,3,410.1,3449.0,0.3941,90
2018-04-04,2018,modis,4,829.7,8204.9,0.9375,500
2018-04-20,2018,landsat,6,837.9,8516.0,0.973,90
2018-04-20,2018,modis,4,781.5,8703.0,0.9944,500
2018-05-06,2018,landsat,5,771.9,8105.9,0.9262,90
2018-05-06,2018,modis,4,789.2,8741.9,0.9989,500
2018-05-22,2018,landsat,5,401.1,8352.1,0.9543,90
2018-05-22,2018,modis,4,727.8,8750.2,0.9998,500
2018-06-07,2018,landsat,5,568.8,7766.4,0.8874,90
2018-06-07,2018,modis,4,715.1,8670.4,0.9907,500
2018-06-23,2018,landsat,6,663.0,8211.6,0.9383,90
2018-06-23,2018,modis,4,704.3,8751.0,0.9999,500
2018-07-09,2018,landsat,4,539.1,3224.3,0.3684,90
2018-07-09,2018,modis,4,710.3,8740.9,0.9987,500
2018-07-25,2018,landsat,5,707.4,8716.0,0.9959,90
2018-07-25,2018,modis,4,636.6,8752.2,1.0,500
2018-08-10,2018,landsat,6,643.4,8751.8,1.0,90
2018-08-10,2018,modis,4,598.5,8752.2,1.0,500
2018-08-26,2018,landsat,6,656.1,8728.9,0.9974,90
2018-08-26,2018,modis,4,620.3,8750.0,0.9998,500
2018-09-11,2018,landsat,5,418.2,8656.9,0.9891,90
2018-09-11,2018,modis,4,492.0,8752.2,1.0,500
2018-09-27,2018,landsat,6,482.4,7800.8,0.8913,90
2018-09-27,2018,modis,4,519.2,8749.7,0.9997,500
2018-10-13,2018,landsat,5,493.1,7205.6,0.8233,90
2018-10-13,2018,modis,4,295.5,8752.2,1.0,500
2018-10-29,2018,landsat,6,33.1,8744.9,0.9992,90
2018-10-29,2018,modis,4,3.6,8752.2,1.0,500
2018-11-14,2018,landsat,6,7.4,8704.7,0.9946,90
2018-11-14,2018,modis,4,34.3,8635.5,0.9867,500
2018-11-30,2018,landsat,3,52.4,6720.4,0.7679,90
2018-11-30,2018,modis,4,43.2,8052.5,0.9201,500
2018-12-16,2018,landsat,3,40.1,202.0,0.0231,90
2018-12-16,2018,modis,4,724.6,8122.9,0.9281,500
2019-01-01,2019,landsat,6,832.0,4750.1,0.5427,90
2019-01-01,2019,modis,4,743.7,5497.5,0.6281,500
2019-01-17,2019,landsat,3,15.6,1792.9,0.2049,90
2019-01-17,2019,modis,4,732.9,6271.4,0.7166,500
2019-02-02,2019,landsat,5,392.3,3054.1,0.349,90
2019-02-02,2019,modis,4,750.8,8093.3,0.9247,500
2019-02-18,2019,landsat,4,543.1,6493.3,0.7419,90
2019-02-18,2019,modis,4,895.4,8736.8,0.9983,500
2019-03-06,2019,landsat,2,1200.0,8147.3,0.9309,90
2019-03-06,2019,modis,4,1112.9,8662.1,0.9897,500
2019-03-22,2019,landsat,5,1072.1,7252.7,0.8287,90
2019-03-22,2019,modis,4,1072.9,8737.1,0.9983,500
2019-04-07,2019,landsat,6,866.4,4787.9,0.5471,90
2019-04-07,2019,modis,4,1033.1,8636.6,0.9868,500
2019-04-23,2019,landsat,5,906.5,7033.1,0.8036,90
2019-04-23,2019,modis,4,1029.0,8658.2,0.9893,500
2019-05-09,2019,landsat,6,1058.8,8361.6,0.9554,90
2019-05-09,2019,modis,4,1031.4,8746.9,0.9994,500
2019-05-25,2019,landsat,5,1022.5,6909.0,0.7894,90
2019-05-25,2019,modis,4,1036.7,8749.3,0.9997,500
2019-06-10,2019,landsat,5,818.9,5383.6,0.6151,90
2019-06-10,2019,modis,4,1009.8,8711.5,0.9954,500
2019-06-26,2019,landsat,6,1061.9,8673.5,0.991,90
2019-06-26,2019,modis,4,1022.3,8743.0,0.999,500
2019-07-12,2019,landsat,5,1048.6,8752.1,1.0,90
2019-07-12,2019,modis,4,1023.3,8745.4,0.9993,500
2019-07-28,2019,landsat,6,1041.8,8751.2,0.9999,90
2019-07-28,2019,modis,4,1022.1,8751.4,0.9999,500
2019-08-13,2019,landsat,5,1043.2,8288.7,0.9471,90
2019-08-13,2019,modis,4,1014.8,8751.7,1.0,500
2019-08-29,2019,landsat,5,1049.9,8733.5,0.9979,90
2019-08-29,2019,modis,4,994.0,8749.0,0.9997,500
2019-09-14,2019,landsat,6,954.3,8563.8,0.9785,90
2019-09-14,2019,modis,4,979.6,8751.4,0.9999,500
2019-09-30,2019,landsat,6,995.3,8380.2,0.9575,90
2019-09-30,2019,modis,4,957.1,8752.2,1.0,500
2019-10-16,2019,landsat,6,976.9,8656.1,0.989,90
2019-10-16,2019,modis,4,932.8,8752.2,1.0,500
2019-11-01,2019,landsat,6,730.0,6720.4,0.7679,90
2019-11-01,2019,modis,4,909.8,8733.5,0.9979,500
2019-11-17,2019,landsat,5,745.4,3662.7,0.4185,90
2019-11-17,2019,modis,4,840.7,8218.4,0.939,500
2019-12-03,2019,landsat,6,775.3,5476.4,0.6257,90
2019-12-03,2019,modis,4,888.9,8299.9,0.9483,500
2019-12-19,2019,landsat,4,863.3,6866.5,0.7846,90
2019-12-19,2019,modis,6,895.4,8017.7,0.9161,500
2020-01-04,2020,landsat,3,194.2,2614.2,0.2987,90
2020-01-04,2020,modis,4,952.9,7440.0,0.8501,500
2020-01-20,2020,landsat,2,0.0,0.0,0.0,90
2020-01-20,2020,modis,4,840.0,6471.8,0.7395,500
2020-02-05,2020,landsat,4,41.9,414.6,0.0474,90
2020-02-05,2020,modis,4,1004.2,8182.5,0.9349,500
2020-02-21,2020,landsat,5,992.5,4789.2,0.5472,90
2020-02-21,2020,modis,4,987.3,8432.8,0.9635,500
2020-03-08,2020,landsat,6,551.4,6122.3,0.6995,90
2020-03-08,2020,modis,4,1005.0,8743.5,0.999,500
2020-03-24,2020,landsat,6,1017.4,8412.8,0.9612,90
2020-03-24,2020,modis,4,990.6,8746.9,0.9994,500
2020-04-09,2020,landsat,6,714.8,5778.1,0.6602,90
2020-04-09,2020,modis,4,1008.4,8740.8,0.9987,500
2020-04-25,2020,landsat,5,1006.6,8598.3,0.9824,90
2020-04-25,2020,modis,4,1003.1,8752.2,1.0,500
2020-05-11,2020,landsat,6,929.3,7771.2,0.8879,90
2020-05-11,2020,modis,4,999.5,8751.2,0.9999,500
2020-05-27,2020,landsat,5,1006.8,8053.0,0.9201,90
2020-05-27,2020,modis,4,993.5,8746.5,0.9994,500
2020-06-12,2020,landsat,6,594.5,5186.6,0.5926,90
2020-06-12,2020,modis,4,1004.8,8750.7,0.9999,500
2020-06-28,2020,landsat,6,1025.4,8438.2,0.9641,90
2020-06-28,2020,modis,4,1001.0,8748.8,0.9996,500
2020-07-14,2020,landsat,5,1030.9,8557.7,0.9778,90
2020-07-14,2020,modis,4,996.6,8732.4,0.9978,500
2020-07-30,2020,landsat,5,975.9,8348.3,0.9539,90
2020-07-30,2020,modis,4,1000.7,8750.7,0.9999,500
2020-08-15,2020,landsat,6,1016.7,7710.9,0.881,90
2020-08-15,2020,modis,4,967.6,8738.5,0.9985,500
2020-08-31,2020,landsat,5,1016.2,8738.4,0.9984,90
2020-08-31,2020,modis,4,971.7,8745.0,0.9992,500
2020-09-16,2020,landsat,6,987.3,8312.9,0.9498,90
2020-09-16,2020,modis,4,927.3,8726.5,0.9971,500
2020-10-02,2020,landsat,6,998.6,8708.3,0.995,90
2020-10-02,2020,modis,4,930.0,8745.2,0.9992,500
2020-10-18,2020,landsat,6,977.0,8001.0,0.9142,90
2020-10-18,2020,modis,4,911.0,8749.0,0.9997,500
2020-11-03,2020,landsat,5,920.7,6741.4,0.7703,90
2020-11-03,2020,modis,4,893.0,8751.2,0.9999,500
2020-11-19,2020,landsat,6,945.1,8570.8,0.9793,90
2020-11-19,2020,modis,4,897.6,8742.5,0.9989,500
2020-12-05,2020,landsat,5,815.3,8200.7,0.937,90
2020-12-05,2020,modis,4,853.8,8612.6,0.9841,500
2020-12-21,2020,landsat,6,919.5,5338.2,0.6099,90
2020-12-21,2020,modis,4,891.1,8123.7,0.9282,500
2021-01-06,2021,landsat,6,810.5,5825.2,0.6656,90
2021-01-06,2021,modis,4,905.6,7449.9,0.8512,500
2021-01-22,2021,landsat,3,886.7,3619.0,0.4135,90
2021-01-22,2021,modis,4,895.3,8144.2,0.9306,500
2021-02-07,2021,landsat,6,387.7,3464.0,0.3958,90
2021-02-07,2021,modis,4,856.8,6799.9,0.7769,500
2021-02-23,2021,landsat,2,82.9,313.5,0.0358,90
2021-02-23,2021,modis,4,949.6,5998.4,0.6854,500
2021-03-11,2021,landsat,6,912.6,5199.6,0.5941,90
2021-03-11,2021,modis,4,956.7,8327.3,0.9515,500
2021-03-27,2021,landsat,6,793.8,6175.8,0.7056,90
2021-03-27,2021,modis,4,941.9,8717.5,0.9961,500
2021-04-12,2021,landsat,3,393.8,3214.7,0.3673,90
2021-04-12,2021,modis,4,952.0,8720.9,0.9964,500
2021-04-28,2021,landsat,5,739.7,5552.4,0.6344,90
2021-04-28,2021,modis,4,958.2,8738.2,0.9984,500
2021-05-14,2021,landsat,4,786.9,7168.9,0.8191,90
2021-05-14,2021,modis,4,966.6,8752.0,1.0,500
2021-05-30,2021,landsat,6,974.0,8399.3,0.9597,90
2021-05-30,2021,modis,4,951.3,8712.6,0.9955,500
2021-06-15,2021,landsat,6,864.7,8238.7,0.9413,90
2021-06-15,2021,modis,4,955.1,8749.6,0.9997,500
2021-07-01,2021,landsat,5,931.8,8629.7,0.986,90
2021-07-01,2021,modis,4,962.3,8747.4,0.9995,500
2021-07-17,2021,landsat,2,918.0,6600.0,0.7541,90
2021-07-17,2021,modis,4,958.0,8750.7,0.9999,500
2021-08-02,2021,landsat,6,960.2,8687.2,0.9926,90
2021-08-02,2021,modis,4,956.8,8748.3,0.9996,500
2021-08-18,2021,landsat,5,989.2,8703.8,0.9945,90
2021-08-18,2021,modis,4,936.0,8749.5,0.9997,500
2021-09-03,2021,landsat,5,903.8,5447.7,0.6225,90
2021-09-03,2021,modis,4,931.1,8746.2,0.9993,500
2021-09-19,2021,landsat,5,743.2,5777.7,0.6602,90
2021-09-19,2021,modis,4,920.6,8751.2,0.9999,500
2021-10-05,2021,landsat,6,993.8,8090.8,0.9245,90
2021-10-05,2021,modis,4,912.9,8751.2,0.9999,500
2021-10-21,2021,landsat,5,933.0,7905.3,0.9033,90
2021-10-21,2021,modis,4,881.3,8736.6,0.9982,500
2021-11-06,2021,landsat,12,946.1,8752.4,1.0,90
2021-11-06,2021,modis,4,866.6,8745.2,0.9992,500
2021-11-22,2021,landsat,6,942.7,8602.9,0.983,90
2021-11-22,2021,modis,4,853.2,8751.0,0.9999,500
2021-12-08,2021,landsat,9,875.4,8711.0,0.9953,90
2021-12-08,2021,modis,4,814.1,8706.7,0.9948,500
2021-12-24,2021,landsat,9,861.8,8352.8,0.9544,90
2021-12-24,2021,modis,4,656.8,8492.1,0.9703,500
2022-01-09,2022,landsat,3,604.2,3543.6,0.4049,90
2022-01-09,2022,modis,4,891.8,8323.5,0.951,500
2022-01-25,2022,landsat,4,640.6,5491.7,0.6275,90
2022-01-25,2022,modis,4,983.1,8593.8,0.9819,500
2022-02-10,2022,landsat,6,638.7,5099.5,0.5827,90
2022-02-10,2022,modis,4,975.8,6531.4,0.7463,500
2022-02-26,2022,landsat,8,894.3,7375.4,0.8427,90
2022-02-26,2022,modis,4,960.4,8725.6,0.997,500
2022-03-14,2022,landsat,5,955.8,5336.6,0.6098,90
2022-03-14,2022,modis,4,1064.7,8241.1,0.9416,500
2022-03-30,2022,landsat,7,909.6,5540.5,0.6331,90
2022-03-30,2022,modis,3,985.8,6926.6,0.7914,500
2022-04-15,2022,landsat,6,815.6,5901.2,0.6743,90
2022-04-15,2022,modis,4,1010.3,8233.3,0.9407,500
2022-05-01,2022,landsat,10,1051.0,8752.2,1.0,90
2022-05-01,2022,modis,4,1037.8,8751.7,1.0,500
2022-05-17,2022,landsat,10,1042.4,8317.0,0.9503,90
2022-05-17,2022,modis,4,1069.6,8742.9,0.999,500
2022-06-02,2022,landsat,9,975.6,6943.3,0.7933,90
2022-06-02,2022,modis,4,1058.6,8652.9,0.9887,500
2022-06-18,2022,landsat,5,613.9,2921.5,0.3338,90
2022-06-18,2022,modis,4,1017.7,7694.9,0.8792,500
2022-07-04,2022,landsat,9,1074.0,8556.4,0.9777,90
2022-07-04,2022,modis,4,1037.9,8692.2,0.9932,500
2022-07-20,2022,landsat,9,1058.9,7833.9,0.8951,90
2022-07-20,2022,modis,4,1036.4,8728.1,0.9973,500
2022-08-05,2022,landsat,10,1070.8,8694.2,0.9934,90
2022-08-05,2022,modis,4,1028.8,8749.5,0.9997,500
2022-08-21,2022,landsat,9,1080.2,8740.3,0.9987,90
2022-08-21,2022,modis,4,1019.9,8744.0,0.9991,500
2022-09-06,2022,landsat,7,1067.2,8706.3,0.9948,90
2022-09-06,2022,modis,4,1018.2,8749.9,0.9998,500
2022-09-22,2022,landsat,10,1056.8,8708.9,0.9951,90
2022-09-22,2022,modis,4,1006.0,8747.1,0.9994,500
2022-10-08,2022,landsat,9,1034.6,8567.6,0.9789,90
2022-10-08,2022,modis,4,972.9,8653.4,0.9887,500
2022-10-24,2022,landsat,9,1041.5,8749.3,0.9997,90
2022-10-24,2022,modis,4,961.1,8730.1,0.9975,500
2022-11-09,2022,landsat,10,1001.6,8104.4,0.926,90
2022-11-09,2022,modis,4,913.4,8680.4,0.9918,500
2022-11-25,2022,landsat,9,1018.8,8693.0,0.9933,90
2022-11-25,2022,modis,4,923.2,8716.9,0.996,500
2022-12-11,2022,landsat,6,908.2,6963.9,0.7957,90
2022-12-11,2022,modis,4,916.0,7779.3,0.8889,500
2022-12-27,2022,landsat,5,1072.7,8124.1,0.9283,90
2022-12-27,2022,modis,6,964.5,8286.8,0.9468,500
2023-01-12,2023,landsat,8,526.8,4802.7,0.5488,90
2023-01-12,2023,modis,4,1050.3,7373.8,0.8425,500
2023-01-28,2023,landsat,9,725.3,4424.9,0.5056,90
2023-01-28,2023,modis,4,786.1,5735.1,0.6553,500
2023-02-13,2023,landsat,6,1259.4,8667.4,0.9903,90
2023-02-13,2023,modis,4,1096.8,8714.1,0.9957,500
2023-03-01,2023,landsat,7,934.2,5912.3,0.6755,90
2023-03-01,2023,modis,4,1248.7,5729.4,0.6546,500
2023-03-17,2023,landsat,5,1075.1,3662.3,0.4184,90
2023-03-17,2023,modis,4,1826.2,8294.8,0.9478,500
2023-04-02,2023,landsat,9,1848.4,6752.8,0.7716,90
2023-04-02,2023,modis,4,1877.9,8412.6,0.9612,500
2023-04-18,2023,landsat,8,1892.7,7192.1,0.8218,90
2023-04-18,2023,modis,4,1931.2,8749.3,0.9997,500
2023-05-04,2023,landsat,8,1879.7,8668.7,0.9905,90
2023-05-04,2023,modis,4,1922.8,8751.9,1.0,500
2023-05-20,2023,landsat,11,1931.1,8732.6,0.9978,90
2023-05-20,2023,modis,4,1890.6,8733.2,0.9979,500
2023-06-05,2023,landsat,10,1931.6,8752.4,1.0,90
2023-06-05,2023,modis,4,1884.0,8726.7,0.9971,500
2023-06-21,2023,landsat,8,1917.8,8725.0,0.9969,90
2023-06-21,2023,modis,4,1865.3,8710.2,0.9952,500
2023-07-07,2023,landsat,10,1937.3,8728.2,0.9973,90
2023-07-07,2023,modis,4,1888.1,8701.4,0.9942,500
2023-07-23,2023,landsat,9,1961.5,8752.3,1.0,90
2023-07-23,2023,modis,4,1910.1,8731.1,0.9976,500
2023-08-08,2023,landsat,8,1937.4,8280.7,0.9462,90
2023-08-08,2023,modis,4,1862.6,8697.2,0.9937,500
2023-08-24,2023,landsat,10,1969.2,8749.2,0.9997,90
2023-08-24,2023,modis,4,1803.4,8640.2,0.9872,500
2023-09-09,2023,landsat,10,1953.3,8752.4,1.0,90
2023-09-09,2023,modis,4,1898.4,8743.3,0.999,500
2023-09-25,2023,landsat,7,311.9,3250.6,0.3714,90
2023-09-25,2023,modis,4,1887.4,8752.2,1.0,500
2023-10-11,2023,landsat,8,1831.2,8662.3,0.9897,90
2023-10-11,2023,modis,4,1858.6,8733.7,0.9979,500
2023-10-27,2023,landsat,6,1899.9,8727.9,0.9972,90
2023-10-27,2023,modis,4,1843.2,8735.4,0.9981,500
2023-11-12,2023,landsat,12,1914.0,8571.5,0.9794,90
2023-11-12,2023,modis,4,1864.6,8742.3,0.9989,500
2023-11-28,2023,landsat,8,1680.6,6962.6,0.7955,90
2023-11-28,2023,modis,4,1869.9,8698.0,0.9938,500
2023-12-14,2023,landsat,10,1688.1,7524.4,0.8597,90
2023-12-14,2023,modis,4,1657.1,6702.3,0.7658,500
2023-12-30,2023,landsat,6,690.8,2037.5,0.2328,90
2023-12-30,2023,modis,4,1598.9,5123.5,0.5854,500
2024-01-15,2024,landsat,5,1610.4,6111.0,0.6982,90
2024-01-15,2024,modis,4,1881.1,8577.9,0.9801,500
2024-01-31,2024,landsat,6,625.1,3933.7,0.4495,90
2024-01-31,2024,modis,4,1874.4,8569.8,0.9792,500
2024-02-16,2024,landsat,6,1672.8,7160.3,0.8181,90
2024-02-16,2024,modis,4,1806.6,8511.0,0.9725,500
2024-03-03,2024,landsat,5,1846.0,7144.7,0.8163,90
2024-03-03,2024,modis,4,1847.4,8684.1,0.9922,500
2024-03-19,2024,landsat,6,1102.1,4501.7,0.5144,90
2024-03-19,2024,modis,4,1807.6,8210.6,0.9381,500
2024-04-04,2024,landsat,5,952.0,4460.7,0.5097,90
2024-04-04,2024,modis,4,1851.4,8610.1,0.9838,500
2024-04-20,2024,landsat,6,1712.9,6557.6,0.7493,90
2024-04-20,2024,modis,4,1867.0,8746.9,0.9994,500
2024-05-06,2024,landsat,6,1895.2,8195.0,0.9364,90
2024-05-06,2024,modis,4,1851.4,8714.9,0.9958,500
2024-05-22,2024,landsat,5,1877.9,8452.3,0.9658,90
2024-05-22,2024,modis,4,1819.7,8705.6,0.9947,500
2024-06-07,2024,landsat,6,1890.1,8728.8,0.9974,90
2024-06-07,2024,modis,4,1842.3,8676.8,0.9914,500
2024-06-23,2024,landsat,6,413.7,1214.6,0.1388,90
2024-06-23,2024,modis,4,1803.4,8689.1,0.9928,500
2024-07-09,2024,landsat,6,1885.6,8744.5,0.9991,90
2024-07-09,2024,modis,4,1822.4,8720.5,0.9964,500
2024-07-25,2024,landsat,6,1880.4,8752.3,1.0,90
2024-07-25,2024,modis,4,1804.2,8706.6,0.9948,500
2024-08-10,2024,landsat,6,1876.3,8752.1,1.0,90
2024-08-10,2024,modis,4,1831.3,8745.0,0.9992,500
2024-08-26,2024,landsat,6,1868.8,8726.3,0.9971,90
2024-08-26,2024,modis,4,1819.5,8738.0,0.9984,500
2024-09-11,2024,landsat,6,1864.2,8752.4,1.0,90
2024-09-11,2024,modis,4,1808.5,8748.8,0.9996,500
2024-09-27,2024,landsat,4,1843.1,8735.6,0.9981,90
2024-09-27,2024,modis,4,1800.8,8742.6,0.9989,500
2024-10-13,2024,landsat,6,1794.8,8619.7,0.9849,90
2024-10-13,2024,modis,4,1740.4,8719.5,0.9963,500
2024-10-29,2024,landsat,6,1797.2,8701.9,0.9943,90
2024-10-29,2024,modis,4,1689.1,8646.9,0.988,500
2024-11-14,2024,landsat,6,1814.8,8347.8,0.9538,90
2024-11-14,2024,modis,4,1766.0,8746.7,0.9994,500
2024-11-30,2024,landsat,5,1487.7,5559.8,0.6353,90
2024-11-30,2024,modis,4,1769.4,8748.3,0.9996,500
2024-12-16,2024,landsat,4,1517.6,7450.4,0.8513,90
2024-12-16,2024,modis,4,1665.5,8626.0,0.9856,500
