date,year,sensor_family,n_scenes,water_km2,clear_km2,clear_fraction,basin_water_km2,basin_clear_fraction,scale_m
1984-05-24,1984,landsat,1,0.3,144.5,0.0364,0.6,0.0376,90
1984-09-29,1984,landsat,3,853.3,3830.4,0.9653,864.0,0.999,90
1984-11-16,1984,landsat,2,110.6,583.3,0.147,111.0,0.1187,90
1985-03-08,1985,landsat,1,0.0,0.0,0.0,0.0,0.0,90
1986-04-28,1986,landsat,3,330.3,1091.4,0.275,337.6,0.2231,90
1986-05-14,1986,landsat,3,449.7,1179.8,0.2973,461.1,0.3398,90
1986-05-30,1986,landsat,1,0.0,0.0,0.0,0.2,0.0112,90
1986-11-06,1986,landsat,2,833.5,2509.9,0.6325,833.6,0.6463,90
1986-11-22,1986,landsat,2,65.6,177.7,0.0448,65.7,0.0993,90
1986-12-08,1986,landsat,2,1186.0,3267.5,0.8235,1205.7,0.7556,90
1986-12-24,1986,landsat,1,0.0,0.0,0.0,0.0,0.0,90
1987-01-09,1987,landsat,3,698.4,1002.3,0.2526,915.1,0.1717,90
1987-01-25,1987,landsat,1,0.0,5.7,0.0014,1.4,0.0441,90
1987-02-10,1987,landsat,2,307.9,991.0,0.2497,317.6,0.496,90
1987-02-26,1987,landsat,1,0.0,0.0,0.0,0.0,0.0001,90
1987-03-14,1987,landsat,1,0.0,0.0,0.0,0.0,0.011,90
1988-02-13,1988,landsat,1,27.5,258.1,0.065,27.9,0.1943,90
1988-02-29,1988,landsat,3,106.0,578.2,0.1457,121.8,0.2524,90
1988-03-16,1988,landsat,1,0.0,0.0,0.0,0.0,0.0043,90
1988-11-11,1988,landsat,1,0.0,0.0,0.0,0.0,0.0124,90
1988-12-13,1988,landsat,2,803.8,1495.1,0.3768,803.8,0.2241,90
1989-03-19,1989,landsat,2,143.5,492.2,0.124,162.7,0.2126,90
1989-05-06,1989,landsat,1,0.0,0.0,0.0,0.0,0.0123,90
1989-05-22,1989,landsat,1,0.0,0.0,0.0,0.0,0.0064,90
1989-06-07,1989,landsat,3,781.4,2088.6,0.5264,786.8,0.5477,90
1989-06-23,1989,landsat,2,1255.8,3800.2,0.9577,1270.6,0.9953,90
1989-07-09,1989,landsat,1,0.0,0.0,0.0,0.0,0.0021,90
1989-07-25,1989,landsat,1,0.0,0.0,0.0,0.1,0.0092,90
1989-08-10,1989,landsat,1,1017.2,3007.5,0.7579,1032.5,0.8334,90
1989-09-11,1989,landsat,2,1030.7,3003.3,0.7569,1034.6,0.7493,90
1990-02-18,1990,landsat,2,305.8,597.8,0.1507,308.8,0.1528,90
1990-03-06,1990,landsat,2,770.6,1678.3,0.4229,771.1,0.3392,90
1990-04-07,1990,landsat,1,1007.7,2425.6,0.6113,1017.1,0.5856,90
1990-06-10,1990,landsat,2,1315.8,3806.0,0.9592,1331.0,0.9634,90
1990-07-12,1990,landsat,1,0.0,0.0,0.0,0.3,0.0119,90
1990-07-28,1990,landsat,3,695.5,1941.9,0.4894,722.8,0.4291,90
1990-08-13,1990,landsat,2,921.9,2380.5,0.5999,958.2,0.561,90
1990-08-29,1990,landsat,3,1046.4,2157.9,0.5438,1049.3,0.3863,90
1990-09-14,1990,landsat,3,192.4,700.5,0.1765,197.7,0.2204,90
1990-09-30,1990,landsat,1,0.0,0.0,0.0,0.0,0.0084,90
1990-10-16,1990,landsat,2,1351.5,3836.6,0.9669,1364.1,0.9975,90
1991-01-20,1991,landsat,1,0.0,0.0,0.0,0.0,0.0035,90
1991-02-05,1991,landsat,1,0.0,0.0,0.0,0.0,0.0043,90
1991-02-21,1991,landsat,1,229.0,787.2,0.1984,229.2,0.1226,90
1991-05-12,1991,landsat,2,339.8,717.0,0.1807,341.1,0.2328,90
1991-05-28,1991,landsat,2,584.4,1643.7,0.4142,596.7,0.3302,90
1991-06-13,1991,landsat,2,970.9,2884.2,0.7269,986.5,0.8203,90
1991-06-29,1991,landsat,1,0.0,0.0,0.0,0.2,0.0204,90
1991-07-15,1991,landsat,3,1294.6,3397.5,0.8562,1316.5,0.8384,90
1991-08-16,1991,landsat,2,1261.6,3142.8,0.792,1285.8,0.8791,90
1991-09-01,1991,landsat,1,0.0,0.0,0.0,3.7,0.0069,90
1991-10-03,1991,landsat,1,0.0,0.0,0.0,0.0,0.0156,90
1991-10-19,1991,landsat,1,0.0,0.0,0.0,0.0,0.0198,90
1992-01-23,1992,landsat,2,691.2,1679.4,0.4232,712.5,0.4675,90
1992-02-08,1992,landsat,1,1093.0,3053.2,0.7695,1107.8,0.8725,90
1992-02-24,1992,landsat,1,1018.8,2735.2,0.6893,1025.8,0.7544,90
1992-03-11,1992,landsat,2,894.1,1815.5,0.4575,915.3,0.3231,90
1992-03-27,1992,landsat,1,0.0,0.0,0.0,0.0,0.0,90
1992-05-30,1992,landsat,1,0.0,0.0,0.0,0.2,0.0199,90
1992-07-01,1992,landsat,1,0.0,0.0,0.0,0.2,0.0175,90
1992-09-19,1992,landsat,1,0.0,0.0,0.0,0.0,0.0121,90
1993-06-02,1993,landsat,3,1258.3,3779.5,0.9525,1262.4,0.9333,90
1993-06-18,1993,landsat,3,340.6,996.4,0.2511,341.4,0.1953,90
1993-07-04,1993,landsat,1,0.0,0.0,0.0,0.0,0.0,90
1993-07-20,1993,landsat,3,627.5,2363.1,0.5955,629.2,0.56,90
1993-08-05,1993,landsat,2,717.0,1949.9,0.4914,724.1,0.375,90
1993-09-06,1993,landsat,1,0.0,0.0,0.0,0.0,0.0032,90
1993-09-22,1993,landsat,1,0.0,0.0,0.0,0.0,0.005,90
1993-10-24,1993,landsat,1,567.3,1697.0,0.4277,567.6,0.2678,90
1993-11-25,1993,landsat,1,1134.6,3131.4,0.7892,1136.3,0.8869,90
1994-01-12,1994,landsat,1,0.0,0.0,0.0,0.0,0.0045,90
1994-01-28,1994,landsat,3,824.5,2315.3,0.5835,827.5,0.5304,90
1994-03-17,1994,landsat,1,0.0,0.0,0.0,0.0,0.0059,90
1994-05-20,1994,landsat,1,0.0,0.0,0.0,0.1,0.0073,90
1994-06-21,1994,landsat,1,504.1,1693.4,0.4268,507.0,0.2796,90
1994-07-07,1994,landsat,1,0.0,0.0,0.0,0.0,0.0,90
1994-07-23,1994,landsat,3,809.5,2306.9,0.5814,812.7,0.402,90
1994-08-08,1994,landsat,3,0.0,0.0,0.0,2.2,0.0207,90
1994-08-24,1994,landsat,2,217.1,769.0,0.1938,228.2,0.337,90
1994-09-09,1994,landsat,2,1170.8,3836.6,0.9669,1172.6,1.0,90
1994-10-11,1994,landsat,3,246.8,577.2,0.1455,247.1,0.2245,90
1994-10-27,1994,landsat,1,0.0,0.0,0.0,0.0,0.0012,90
1994-11-12,1994,landsat,2,865.7,3631.0,0.9151,867.3,0.8378,90
1994-11-28,1994,landsat,2,7.7,283.8,0.0715,7.9,0.1935,90
1994-12-14,1994,landsat,2,111.7,427.5,0.1077,111.8,0.091,90
1994-12-30,1994,landsat,1,925.8,2236.6,0.5637,929.1,0.4251,90
1995-01-15,1995,landsat,2,382.7,1283.4,0.3234,389.8,0.4906,90
1995-01-31,1995,landsat,3,12.1,323.6,0.0816,12.1,0.1405,90
1995-02-16,1995,landsat,2,428.4,1581.1,0.3985,428.6,0.3613,90
1995-03-04,1995,landsat,2,686.7,2217.6,0.5589,688.3,0.4745,90
1995-03-20,1995,landsat,2,869.3,2625.2,0.6616,870.8,0.638,90
1995-04-21,1995,landsat,1,0.0,0.0,0.0,0.0,0.0002,90
1995-05-23,1995,landsat,1,0.0,0.0,0.0,0.0,0.0,90
1995-06-08,1995,landsat,2,781.5,3836.4,0.9668,793.1,0.9983,90
1995-06-24,1995,landsat,1,0.0,0.0,0.0,0.0,0.0,90
1995-07-10,1995,landsat,2,2.8,301.4,0.0759,6.1,0.1615,90
1995-07-26,1995,landsat,1,0.0,0.0,0.0,0.0,0.0007,90
1995-08-11,1995,landsat,3,171.1,423.7,0.1068,173.2,0.1373,90
1995-08-27,1995,landsat,3,613.1,3813.8,0.9612,616.4,0.9974,90
1995-09-28,1995,landsat,3,77.8,2512.0,0.6331,79.0,0.7413,90
1996-01-02,1996,landsat,2,489.1,3409.1,0.8591,490.7,0.9071,90
1996-03-22,1996,landsat,1,0.0,0.0,0.0,0.0,0.0233,90
1996-06-10,1996,landsat,2,1064.9,3814.1,0.9612,1069.5,0.9798,90
1996-06-26,1996,landsat,2,1005.2,3680.1,0.9274,1010.8,0.9798,90
1996-08-13,1996,landsat,3,1026.0,3811.7,0.9606,1030.1,0.9489,90
1996-08-29,1996,landsat,1,446.6,1779.7,0.4485,446.6,0.2951,90
1996-11-01,1996,landsat,1,0.0,0.0,0.0,0.0,0.0048,90
1996-11-17,1996,landsat,3,426.9,1125.2,0.2836,431.0,0.3862,90
1996-12-19,1996,landsat,1,368.6,1397.7,0.3522,368.6,0.198,90
1997-01-04,1997,landsat,1,0.0,0.0,0.0,0.0,0.0018,90
1997-02-21,1997,landsat,1,117.0,447.0,0.1126,126.6,0.1578,90
1997-03-09,1997,landsat,1,484.4,888.2,0.2239,487.5,0.1828,90
1997-06-13,1997,landsat,3,1031.0,3826.6,0.9644,1036.9,0.9969,90
1997-06-29,1997,landsat,1,0.0,0.0,0.0,0.0,0.0,90
1997-07-15,1997,landsat,2,979.8,3710.9,0.9352,985.7,0.9785,90
1997-07-31,1997,landsat,3,949.6,3214.3,0.8101,954.9,0.7945,90
1997-08-16,1997,landsat,2,136.4,457.7,0.1154,144.0,0.1467,90
1997-09-01,1997,landsat,1,1023.5,3122.3,0.7869,1035.2,0.8854,90
1997-10-19,1997,landsat,1,0.0,0.0,0.0,0.0,0.0032,90
1997-11-20,1997,landsat,1,0.0,0.0,0.0,0.0,0.0016,90
1997-12-06,1997,landsat,1,0.0,0.0,0.0,0.0,0.0013,90
1998-01-07,1998,landsat,2,493.3,834.2,0.2102,495.1,0.2323,90
1998-01-23,1998,landsat,1,0.0,0.0,0.0,0.0,0.0,90
1998-02-08,1998,landsat,3,1085.0,3702.9,0.9332,1096.3,0.9629,90
1998-03-28,1998,landsat,3,1015.3,3396.3,0.8559,1020.9,0.8432,90
1998-04-13,1998,landsat,1,0.0,0.0,0.0,0.0,0.001,90
1998-04-29,1998,landsat,2,1028.2,3219.4,0.8113,1031.8,0.738,90
1998-05-15,1998,landsat,1,0.0,0.0,0.0,0.1,0.001,90
1998-05-31,1998,landsat,2,1121.9,3835.5,0.9666,1143.9,0.996,90
1998-07-02,1998,landsat,3,100.1,479.4,0.1208,100.6,0.0791,90
1998-07-18,1998,landsat,3,1018.5,3367.1,0.8486,1028.1,0.8305,90
1998-08-03,1998,landsat,3,749.4,2463.2,0.6208,759.2,0.5654,90
1998-08-19,1998,landsat,2,59.3,283.3,0.0714,59.5,0.1471,90
1998-09-04,1998,landsat,1,0.0,0.0,0.0,0.0,0.0053,90
1998-09-20,1998,landsat,1,0.0,0.0,0.0,0.0,0.0052,90
1998-10-06,1998,landsat,2,801.8,2662.8,0.6711,812.4,0.8259,90
1998-10-22,1998,landsat,1,0.0,0.0,0.0,0.0,0.0,90
1998-11-07,1998,landsat,2,1070.3,3836.3,0.9668,1079.0,0.9988,90
1998-11-23,1998,landsat,2,1062.2,3686.1,0.9289,1065.1,0.7862,90
1998-12-09,1998,landsat,2,844.3,3116.0,0.7853,849.6,0.8762,90
1998-12-25,1998,landsat,2,395.9,1687.9,0.4254,399.1,0.4495,90
1999-01-10,1999,landsat,1,0.0,0.0,0.0,0.0,0.0017,90
1999-01-26,1999,landsat,2,10.4,12.1,0.0031,10.8,0.0218,90
1999-02-11,1999,landsat,3,26.0,85.8,0.0216,30.6,0.0415,90
1999-02-27,1999,landsat,2,566.2,1442.3,0.3635,578.7,0.3229,90
1999-05-18,1999,landsat,3,654.3,2184.3,0.5505,660.1,0.5418,90
1999-06-03,1999,landsat,2,806.3,1687.7,0.4253,811.3,0.2804,90
1999-07-05,1999,landsat,1,0.0,0.2,0.0,0.0,0.0039,90
1999-08-06,1999,landsat,1,0.0,0.0,0.0,0.0,0.0059,90
1999-08-22,1999,landsat,6,1114.0,3836.6,0.9669,1128.0,1.0,90
1999-10-25,1999,landsat,2,751.8,2347.2,0.5915,767.7,0.5612,90
1999-11-10,1999,landsat,1,0.0,0.0,0.0,0.0,0.0053,90
1999-11-26,1999,landsat,3,1070.6,3487.1,0.8788,1081.2,0.9295,90
2000-01-13,2000,landsat,1,0.0,0.0,0.0,0.0,0.0136,90
2000-01-29,2000,landsat,2,485.0,2504.6,0.6312,485.0,0.5939,90
2000-02-14,2000,modis,2,1061.9,2852.7,0.7189,1068.8,0.7264,500
2000-03-01,2000,landsat,1,198.8,437.1,0.1101,199.9,0.1653,90
2000-03-01,2000,modis,2,1039.4,3591.8,0.9052,1046.6,0.9021,500
2000-03-17,2000,landsat,2,0.3,66.2,0.0167,1.2,0.031,90
2000-03-17,2000,modis,2,1075.1,3770.4,0.9502,1082.4,0.9573,500
2000-04-02,2000,landsat,2,299.4,950.6,0.2396,299.4,0.1565,90
2000-04-02,2000,modis,2,1068.2,3592.9,0.9055,1075.1,0.8023,500
2000-04-18,2000,landsat,2,342.9,965.2,0.2432,347.2,0.2266,90
2000-04-18,2000,modis,2,1085.0,3807.0,0.9594,1092.4,0.9717,500
2000-05-04,2000,landsat,2,963.5,2228.7,0.5617,969.3,0.4294,90
2000-05-04,2000,modis,2,1079.2,3836.0,0.9667,1085.4,0.9993,500
2000-05-20,2000,modis,2,1086.4,3835.3,0.9666,1092.1,0.9996,500
2000-06-05,2000,landsat,1,411.4,1017.0,0.2563,411.4,0.1597,90
2000-06-05,2000,modis,2,1078.2,3831.7,0.9657,1082.1,0.9987,500
2000-06-21,2000,landsat,1,0.0,0.0,0.0,0.0,0.0,90
2000-06-21,2000,modis,2,1064.6,3793.7,0.9561,1066.3,0.9458,500
2000-07-07,2000,landsat,1,0.0,0.0,0.0,0.1,0.0073,90
2000-07-07,2000,modis,2,1082.8,3833.1,0.966,1087.3,0.9996,500
2000-07-23,2000,landsat,2,25.5,111.0,0.028,25.5,0.0711,90
2000-07-23,2000,modis,2,1078.5,3836.5,0.9669,1083.7,0.9991,500
2000-08-08,2000,landsat,1,0.0,0.0,0.0,0.0,0.0095,90
2000-08-08,2000,modis,2,1062.6,3829.8,0.9652,1069.1,0.9987,500
2000-08-24,2000,landsat,6,1096.2,3836.6,0.9669,1109.7,1.0,90
2000-08-24,2000,modis,2,1026.9,3819.5,0.9626,1031.4,0.9981,500
2000-09-09,2000,landsat,2,0.1,0.5,0.0001,0.1,0.0247,90
2000-09-09,2000,modis,2,1012.0,3807.5,0.9595,1014.4,0.9966,500
2000-09-25,2000,landsat,4,610.2,2259.5,0.5694,641.3,0.5675,90
2000-09-25,2000,modis,2,953.7,3815.9,0.9617,957.1,0.9977,500
2000-10-11,2000,landsat,2,0.0,0.0,0.0,0.0,0.0077,90
2000-10-11,2000,modis,2,845.4,3697.9,0.9319,850.2,0.9842,500
2000-10-27,2000,landsat,2,987.2,3602.5,0.9079,1000.3,0.8321,90
2000-10-27,2000,modis,2,932.4,3701.6,0.9329,937.9,0.9554,500
2000-11-12,2000,modis,2,735.5,3547.3,0.894,740.1,0.9564,500
2000-11-28,2000,landsat,1,0.0,0.0,0.0,0.0,0.0011,90
2000-11-28,2000,modis,2,984.2,3587.2,0.904,997.6,0.9461,500
2000-12-14,2000,landsat,2,90.0,240.4,0.0606,90.7,0.0583,90
2000-12-14,2000,modis,2,1011.1,3623.4,0.9132,1022.2,0.8793,500
2000-12-30,2000,landsat,5,1076.4,3344.9,0.843,1089.2,0.7891,90
2000-12-30,2000,modis,2,1016.1,3578.5,0.9019,1021.8,0.9349,500
2001-01-15,2001,modis,2,749.5,2375.7,0.5987,755.5,0.5037,500
2001-01-31,2001,landsat,1,5.4,83.7,0.0211,30.4,0.0822,90
2001-01-31,2001,modis,2,920.1,2327.0,0.5864,922.3,0.3851,500
2001-02-16,2001,landsat,3,0.0,0.0,0.0,0.1,0.0072,90
2001-02-16,2001,modis,2,835.3,2589.0,0.6525,858.1,0.6836,500
2001-03-04,2001,landsat,4,445.5,1747.1,0.4403,455.7,0.4685,90
2001-03-04,2001,modis,2,618.1,1994.6,0.5027,642.2,0.4402,500
2001-03-20,2001,modis,2,1122.3,3668.8,0.9246,1123.1,0.8871,500
2001-04-05,2001,landsat,3,633.9,1820.5,0.4588,642.1,0.4086,90
2001-04-05,2001,modis,2,1152.6,3836.5,0.9669,1157.9,1.0,500
2001-04-21,2001,landsat,3,1078.2,3029.8,0.7636,1091.2,0.6494,90
2001-04-21,2001,modis,2,1147.3,3836.0,0.9667,1152.1,0.9972,500
2001-05-07,2001,modis,2,1146.4,3836.3,0.9668,1150.4,0.9998,500
2001-05-23,2001,modis,2,1143.0,3834.6,0.9664,1147.1,0.9987,500
2001-06-08,2001,landsat,1,0.0,0.0,0.0,0.0,0.0005,90
2001-06-08,2001,modis,1,908.7,2690.2,0.678,909.9,0.6525,500
2001-06-24,2001,modis,2,813.6,3239.1,0.8163,818.9,0.8599,500
2001-07-10,2001,landsat,1,0.0,0.0,0.0,0.2,0.0133,90
2001-07-10,2001,modis,2,1148.7,3831.0,0.9655,1155.9,0.9992,500
2001-07-26,2001,modis,2,1137.0,3832.9,0.966,1144.9,0.9985,500
2001-08-11,2001,landsat,3,1118.5,3401.2,0.8572,1135.8,0.9257,90
2001-08-11,2001,modis,2,1110.9,3818.0,0.9622,1121.6,0.9979,500
2001-08-27,2001,landsat,3,1179.1,3836.5,0.9669,1196.1,1.0,90
2001-08-27,2001,modis,2,1129.1,3830.0,0.9652,1137.9,0.9993,500
2001-09-12,2001,landsat,1,0.0,0.0,0.0,0.0,0.0034,90
2001-09-12,2001,modis,2,1123.2,3827.2,0.9645,1132.4,0.9989,500
2001-09-28,2001,landsat,3,1067.4,3097.8,0.7807,1081.5,0.9139,90
2001-09-28,2001,modis,2,1129.5,3836.3,0.9668,1138.4,1.0,500
2001-10-14,2001,landsat,2,1018.5,2852.0,0.7187,1033.7,0.7002,90
2001-10-14,2001,modis,2,947.5,3668.1,0.9244,953.7,0.9806,500
2001-10-30,2001,landsat,1,0.0,0.0,0.0,0.0,0.0116,90
2001-10-30,2001,modis,2,1116.7,3836.3,0.9668,1123.6,1.0,500
2001-11-15,2001,landsat,3,1169.0,3826.5,0.9643,1182.4,0.9662,90
2001-11-15,2001,modis,2,1105.1,3832.4,0.9658,1110.8,0.9982,500
2001-12-01,2001,landsat,3,851.2,2827.4,0.7126,851.3,0.6437,90
2001-12-01,2001,modis,2,1068.9,3505.7,0.8835,1073.4,0.8704,500
2001-12-17,2001,landsat,3,0.0,2.5,0.0006,0.0,0.0008,90
2001-12-17,2001,modis,3,1129.1,3800.3,0.9577,1138.7,0.9801,500
2002-01-02,2002,landsat,1,0.0,0.0,0.0,0.0,0.003,90
2002-01-02,2002,modis,2,1041.5,2602.4,0.6558,1054.0,0.5928,500
2002-01-18,2002,landsat,3,667.8,1563.7,0.3941,669.7,0.3207,90
2002-01-18,2002,modis,2,1117.6,3694.9,0.9312,1128.7,0.9443,500
2002-02-03,2002,landsat,1,0.0,0.0,0.0,0.0,0.0085,90
2002-02-03,2002,modis,2,1140.2,3685.4,0.9288,1147.3,0.9601,500
2002-02-19,2002,landsat,1,0.0,0.0,0.0,0.0,0.0032,90
2002-02-19,2002,modis,2,1138.3,3817.0,0.9619,1143.5,0.9906,500
2002-03-07,2002,landsat,3,773.7,1306.8,0.3293,782.5,0.2819,90
2002-03-07,2002,modis,2,1033.4,2936.0,0.7399,1045.3,0.7334,500
2002-03-23,2002,landsat,2,332.4,618.9,0.156,333.6,0.1395,90
2002-03-23,2002,modis,2,1118.5,3694.8,0.9311,1123.6,0.9568,500
2002-04-08,2002,modis,2,1149.2,3835.5,0.9666,1154.3,0.9999,500
2002-04-24,2002,landsat,2,1144.8,3378.7,0.8515,1153.2,0.8262,90
2002-04-24,2002,modis,2,1149.9,3836.5,0.9669,1157.1,1.0,500
2002-05-10,2002,landsat,1,0.0,0.0,0.0,0.0,0.0017,90
2002-05-10,2002,modis,2,1152.3,3835.5,0.9666,1159.3,0.9999,500
2002-05-26,2002,landsat,2,1166.9,3835.5,0.9666,1175.9,0.9999,90
2002-05-26,2002,modis,2,1149.2,3835.5,0.9666,1153.8,0.9995,500
2002-06-11,2002,landsat,2,942.4,2719.9,0.6855,949.7,0.6548,90
2002-06-11,2002,modis,2,1134.4,3813.3,0.961,1140.3,0.9901,500
2002-06-27,2002,landsat,3,137.9,1542.7,0.3888,137.9,0.3806,90
2002-06-27,2002,modis,4,1142.1,3834.3,0.9663,1148.5,0.9988,500
2002-07-13,2002,landsat,3,1169.1,3733.5,0.9409,1182.7,0.9356,90
2002-07-13,2002,modis,4,1143.2,3833.1,0.966,1150.1,0.9996,500
2002-07-29,2002,landsat,3,1132.0,3569.1,0.8995,1149.3,0.8091,90
2002-07-29,2002,modis,4,1145.7,3835.8,0.9667,1153.0,0.9999,500
2002-08-14,2002,landsat,3,526.9,1515.1,0.3818,528.0,0.4998,90
2002-08-14,2002,modis,4,1121.0,3817.1,0.962,1127.6,0.9971,500
2002-08-30,2002,landsat,3,1171.2,3662.9,0.9231,1181.8,0.8927,90
2002-08-30,2002,modis,4,1132.8,3827.9,0.9647,1141.3,0.9983,500
2002-09-15,2002,landsat,1,0.0,0.0,0.0,0.0,0.0091,90
2002-09-15,2002,modis,4,1119.5,3828.1,0.9647,1128.8,0.9991,500
2002-10-01,2002,landsat,2,1181.3,3685.1,0.9287,1196.2,0.9661,90
2002-10-01,2002,modis,4,1111.8,3828.6,0.9649,1118.8,0.9986,500
2002-10-17,2002,landsat,1,0.0,0.0,0.0,0.0,0.0,90
2002-10-17,2002,modis,4,1129.1,3835.8,0.9667,1135.8,0.9999,500
2002-11-02,2002,landsat,1,0.0,0.0,0.0,0.0,0.0043,90
2002-11-02,2002,modis,4,1130.0,3833.1,0.966,1137.0,0.9996,500
2002-11-18,2002,landsat,2,921.8,3471.7,0.8749,933.7,0.8302,90
2002-11-18,2002,modis,4,1133.6,3835.5,0.9666,1139.9,0.9999,500
2002-12-04,2002,landsat,3,1167.1,3733.6,0.9409,1177.4,0.9618,90
2002-12-04,2002,modis,4,1089.7,3021.5,0.7615,1102.4,0.7934,500
2002-12-20,2002,landsat,2,0.0,5.8,0.0015,0.0,0.0105,90
2002-12-20,2002,modis,4,1126.2,3665.1,0.9237,1135.3,0.9613,500
2003-01-05,2003,landsat,2,189.6,520.3,0.1311,189.7,0.0795,90
2003-01-05,2003,modis,4,1142.5,3806.3,0.9593,1157.6,0.9808,500
2003-01-21,2003,landsat,3,203.9,702.0,0.1769,203.9,0.1362,90
2003-01-21,2003,modis,4,996.2,2732.6,0.6887,1040.0,0.6204,500
2003-02-06,2003,landsat,3,697.7,1461.6,0.3683,698.8,0.2764,90
2003-02-06,2003,modis,4,1130.5,3756.1,0.9466,1137.0,0.9689,500
2003-02-22,2003,landsat,3,203.0,713.3,0.1798,211.3,0.2254,90
2003-02-22,2003,modis,4,1151.4,3826.0,0.9642,1157.4,0.9785,500
2003-03-10,2003,landsat,2,17.5,132.3,0.0333,17.6,0.02,90
2003-03-10,2003,modis,4,1143.9,3764.8,0.9488,1152.1,0.9178,500
2003-03-26,2003,landsat,1,0.0,0.0,0.0,0.0,0.0028,90
2003-03-26,2003,modis,4,1157.6,3836.3,0.9668,1163.4,0.9945,500
2003-04-11,2003,landsat,3,1052.2,3394.6,0.8555,1058.7,0.8107,90
2003-04-11,2003,modis,4,1161.2,3836.5,0.9669,1167.0,1.0,500
2003-04-27,2003,landsat,1,0.0,0.0,0.0,0.0,0.0096,90
2003-04-27,2003,modis,4,1163.6,3836.5,0.9669,1170.1,1.0,500
2003-05-13,2003,modis,4,1163.9,3836.0,0.9667,1169.8,1.0,500
2003-05-29,2003,modis,4,1162.4,3835.8,0.9667,1167.9,0.9999,500
2003-06-14,2003,modis,4,1169.8,3836.0,0.9667,1177.0,0.999,500
2003-06-30,2003,modis,4,1158.3,3814.4,0.9613,1165.0,0.9826,500
2003-07-16,2003,modis,4,1157.1,3831.2,0.9655,1162.6,0.9972,500
2003-08-01,2003,landsat,1,0.0,0.0,0.0,0.0,0.0022,90
2003-08-01,2003,modis,4,1165.5,3833.9,0.9662,1174.6,0.9996,500
2003-08-17,2003,landsat,3,1138.5,3495.5,0.8809,1149.7,0.8666,90
2003-08-17,2003,modis,4,1156.5,3835.1,0.9665,1165.8,0.9999,500
2003-09-02,2003,modis,4,1152.1,3832.0,0.9657,1161.0,0.9995,500
2003-09-18,2003,modis,4,1146.9,3835.8,0.9667,1156.6,0.9999,500
2003-10-04,2003,landsat,2,1016.7,2756.0,0.6946,1024.6,0.77,90
2003-10-04,2003,modis,4,1046.1,3821.2,0.963,1052.8,0.9983,500
2003-10-20,2003,landsat,1,0.0,0.0,0.0,0.0,0.0007,90
2003-10-20,2003,modis,4,1116.1,3811.8,0.9606,1120.7,0.9972,500
2003-11-05,2003,landsat,5,1125.7,3536.6,0.8913,1137.8,0.8945,90
2003-11-05,2003,modis,4,1118.0,3812.5,0.9608,1123.5,0.9972,500
2003-11-21,2003,landsat,4,1001.0,2770.9,0.6983,1001.5,0.6127,90
2003-11-21,2003,modis,4,1136.0,3833.8,0.9662,1142.3,0.9989,500
2003-12-07,2003,landsat,3,1075.4,2155.7,0.5433,1076.8,0.3791,90
2003-12-07,2003,modis,4,1134.1,3627.5,0.9142,1147.1,0.8979,500
2003-12-23,2003,landsat,3,1001.2,2008.1,0.5061,1008.8,0.4318,90
2003-12-23,2003,modis,4,1133.4,3816.5,0.9618,1140.9,0.983,500
2004-01-08,2004,landsat,1,861.3,1796.4,0.4527,866.9,0.3753,90
2004-01-08,2004,modis,4,1102.5,3542.1,0.8927,1118.7,0.879,500
2004-01-24,2004,modis,4,1085.7,3539.1,0.8919,1100.3,0.8484,500
2004-02-09,2004,landsat,3,1051.7,2857.5,0.7201,1057.4,0.5713,90
2004-02-09,2004,modis,4,1103.5,3564.3,0.8983,1116.8,0.8942,500
2004-02-25,2004,landsat,5,327.5,1118.7,0.2819,344.6,0.3787,90
2004-02-25,2004,modis,4,1104.9,3367.5,0.8487,1126.6,0.7501,500
2004-03-12,2004,landsat,4,980.3,2100.6,0.5294,980.3,0.3136,90
2004-03-12,2004,modis,4,1122.1,3765.1,0.9489,1133.6,0.9539,500
2004-03-28,2004,landsat,4,863.1,2010.4,0.5067,871.5,0.4976,90
2004-03-28,2004,modis,4,1157.4,3814.5,0.9613,1166.7,0.9924,500
2004-04-13,2004,landsat,2,0.0,0.0,0.0,0.0,0.0069,90
2004-04-13,2004,modis,4,1136.3,3728.9,0.9397,1142.2,0.9505,500
2004-04-29,2004,modis,4,1161.4,3831.8,0.9657,1169.2,0.9954,500
2004-05-15,2004,landsat,2,921.9,2388.9,0.602,924.8,0.4272,90
2004-05-15,2004,modis,4,1165.0,3836.3,0.9668,1172.7,0.9998,500
2004-05-31,2004,modis,4,1161.7,3833.1,0.966,1168.4,0.9996,500
2004-06-16,2004,landsat,4,1048.0,2886.2,0.7274,1057.6,0.7709,90
2004-06-16,2004,modis,4,1170.8,3836.3,0.9668,1177.0,0.9999,500
2004-07-02,2004,landsat,3,1189.5,3773.4,0.951,1200.5,0.9481,90
2004-07-02,2004,modis,4,1167.5,3835.3,0.9666,1174.8,0.9989,500
2004-07-18,2004,landsat,2,0.0,0.0,0.0,0.2,0.0132,90
2004-07-18,2004,modis,4,1170.9,3835.8,0.9667,1179.2,0.9998,500
2004-08-03,2004,landsat,1,0.0,0.0,0.0,0.1,0.0086,90
2004-08-03,2004,modis,4,1158.7,3831.2,0.9655,1165.8,0.9994,500
2004-08-19,2004,modis,4,1163.1,3836.3,0.9668,1169.4,1.0,500
2004-09-04,2004,landsat,3,570.0,1706.7,0.4301,570.2,0.2769,90
2004-09-04,2004,modis,4,1132.2,3813.0,0.9609,1140.3,0.9973,500
2004-09-20,2004,landsat,3,1130.5,3430.8,0.8646,1143.0,0.8477,90
2004-09-20,2004,modis,4,1133.4,3832.7,0.9659,1140.3,0.9996,500
2004-10-06,2004,modis,4,1112.8,3811.3,0.9605,1120.2,0.9971,500
2004-10-22,2004,landsat,2,1095.2,3386.2,0.8534,1107.1,0.8336,90
2004-10-22,2004,modis,4,1123.8,3831.9,0.9657,1129.3,0.9995,500
2004-11-07,2004,landsat,3,135.0,328.7,0.0828,139.1,0.1467,90
2004-11-07,2004,modis,4,1032.9,3753.8,0.946,1039.8,0.9863,500
2004-11-23,2004,landsat,1,23.1,183.1,0.0461,23.1,0.0321,90
2004-11-23,2004,modis,4,919.6,2552.1,0.6432,942.5,0.6074,500
2004-12-09,2004,modis,4,996.6,2856.2,0.7198,1020.9,0.7138,500
2004-12-25,2004,landsat,1,0.0,0.0,0.0,0.0,0.0001,90
2004-12-25,2004,modis,6,959.1,2764.9,0.6968,1003.2,0.6879,500
2005-01-10,2005,landsat,1,0.0,0.0,0.0,0.0,0.0016,90
2005-01-10,2005,modis,4,1015.1,3212.3,0.8095,1030.3,0.7585,500
2005-01-26,2005,modis,4,1151.4,3822.2,0.9632,1159.7,0.991,500
2005-02-11,2005,landsat,6,1187.7,3782.5,0.9533,1198.1,0.9762,90
2005-02-11,2005,modis,4,1149.0,3834.8,0.9664,1154.0,0.9896,500
2005-02-27,2005,landsat,3,982.7,2155.0,0.5431,983.6,0.3798,90
2005-02-27,2005,modis,4,1155.4,3834.1,0.9663,1161.7,0.9974,500
2005-03-15,2005,landsat,3,1106.8,3458.7,0.8717,1115.1,0.7898,90
2005-03-15,2005,modis,4,1159.8,3836.0,0.9667,1166.2,0.9991,500
2005-03-31,2005,landsat,2,1123.0,2581.0,0.6505,1132.0,0.5042,90
2005-03-31,2005,modis,4,1156.9,3836.0,0.9667,1163.1,1.0,500
2005-04-16,2005,landsat,6,1161.2,3649.0,0.9196,1171.1,0.9412,90
2005-04-16,2005,modis,4,1159.3,3835.5,0.9666,1167.4,0.9999,500
2005-05-02,2005,modis,4,1155.7,3836.5,0.9669,1162.4,1.0,500
2005-05-18,2005,landsat,2,1115.2,3413.0,0.8601,1124.6,0.8194,90
2005-05-18,2005,modis,4,1151.8,3835.8,0.9667,1159.5,0.9999,500
2005-06-03,2005,landsat,4,1150.6,3522.0,0.8876,1161.7,0.8506,90
2005-06-03,2005,modis,4,1159.8,3835.3,0.9666,1166.0,0.9999,500
2005-06-19,2005,landsat,1,0.0,0.0,0.0,0.1,0.0109,90
2005-06-19,2005,modis,4,1146.3,3835.3,0.9666,1152.6,0.9998,500
2005-07-05,2005,modis,4,1151.4,3833.1,0.966,1160.5,0.9996,500
2005-07-21,2005,landsat,1,0.0,0.0,0.0,0.1,0.0137,90
2005-07-21,2005,modis,4,1132.9,3827.6,0.9646,1141.3,0.9988,500
2005-08-06,2005,landsat,5,428.3,1886.4,0.4754,433.9,0.646,90
2005-08-06,2005,modis,4,1141.3,3827.9,0.9647,1149.9,0.999,500
2005-08-22,2005,landsat,5,1137.2,3626.7,0.914,1157.0,0.924,90
2005-08-22,2005,modis,4,1142.3,3835.3,0.9666,1149.9,0.9999,500
2005-09-07,2005,landsat,1,501.0,1436.9,0.3621,501.5,0.2389,90
2005-09-07,2005,modis,4,1107.2,3834.6,0.9664,1113.9,0.9998,500
2005-09-23,2005,landsat,3,1149.4,3552.2,0.8952,1155.7,0.8725,90
2005-09-23,2005,modis,4,1102.2,3834.8,0.9664,1109.6,0.9998,500
2005-10-09,2005,landsat,4,878.9,2567.5,0.6471,895.3,0.6929,90
2005-10-09,2005,modis,4,1081.8,3829.5,0.9651,1087.5,0.9992,500
2005-10-25,2005,landsat,5,989.8,3236.0,0.8155,1001.9,0.8677,90
2005-10-25,2005,modis,4,1061.2,3833.4,0.9661,1067.6,0.9997,500
2005-11-10,2005,landsat,6,1102.4,3826.8,0.9644,1115.3,0.9988,90
2005-11-10,2005,modis,4,1050.2,3833.1,0.966,1057.5,0.9996,500
2005-11-26,2005,landsat,3,982.2,3282.1,0.8271,987.3,0.717,90
2005-11-26,2005,modis,4,1025.2,3804.4,0.9588,1033.5,0.9787,500
2005-12-12,2005,modis,4,922.1,2326.4,0.5863,941.0,0.5497,500
2005-12-28,2005,landsat,1,0.0,0.0,0.0,0.0,0.0002,90
2005-12-28,2005,modis,4,862.1,2530.5,0.6377,876.3,0.6411,500
2006-01-13,2006,modis,4,1091.8,3718.1,0.937,1104.9,0.9446,500
2006-01-29,2006,landsat,2,1054.8,2673.2,0.6737,1065.9,0.5942,90
2006-01-29,2006,modis,4,950.3,3151.7,0.7943,969.4,0.782,500
2006-02-14,2006,landsat,3,629.4,1710.8,0.4311,639.3,0.3403,90
2006-02-14,2006,modis,4,1102.6,3819.6,0.9626,1113.1,0.9813,500
2006-03-02,2006,landsat,2,789.4,1417.4,0.3572,791.8,0.2837,90
2006-03-02,2006,modis,4,1091.1,3600.2,0.9073,1099.6,0.9036,500
2006-03-18,2006,modis,4,1125.7,3629.9,0.9148,1137.7,0.8838,500
2006-04-03,2006,landsat,1,0.0,0.0,0.0,0.0,0.0007,90
2006-04-03,2006,modis,4,1133.8,3791.4,0.9555,1140.3,0.9863,500
2006-04-19,2006,modis,4,1142.0,3836.5,0.9669,1148.0,1.0,500
2006-05-05,2006,landsat,2,531.8,1639.0,0.4131,531.9,0.2652,90
2006-05-05,2006,modis,4,1146.1,3836.5,0.9669,1152.5,1.0,500
2006-05-21,2006,landsat,2,1087.1,3470.0,0.8745,1097.4,0.8258,90
2006-05-21,2006,modis,4,1143.2,3835.1,0.9665,1149.7,0.9997,500
2006-06-06,2006,landsat,5,1153.6,3829.5,0.9651,1164.1,0.9992,90
2006-06-06,2006,modis,4,1142.7,3835.8,0.9667,1149.7,0.9999,500
2006-06-22,2006,landsat,4,813.8,2809.0,0.7079,823.3,0.7617,90
2006-06-22,2006,modis,4,1126.7,3829.3,0.965,1131.9,0.9979,500
2006-07-08,2006,landsat,1,0.0,0.0,0.0,0.0,0.0027,90
2006-07-08,2006,modis,4,1135.3,3832.9,0.966,1142.0,0.9992,500
2006-07-24,2006,landsat,5,1161.5,3780.6,0.9528,1173.8,0.9588,90
2006-07-24,2006,modis,4,1135.5,3834.6,0.9664,1141.5,0.9997,500
2006-08-09,2006,landsat,4,1094.5,3495.0,0.8808,1105.2,0.8655,90
2006-08-09,2006,modis,4,1136.3,3835.5,0.9666,1143.4,0.9999,500
2006-08-25,2006,landsat,3,1085.6,3486.2,0.8786,1097.4,0.8618,90
2006-08-25,2006,modis,4,1116.9,3834.1,0.9663,1123.8,0.9997,500
2006-09-10,2006,landsat,2,199.2,498.2,0.1255,199.7,0.1854,90
2006-09-10,2006,modis,4,1093.1,3828.6,0.9649,1099.8,0.9991,500
2006-09-26,2006,landsat,5,1146.9,3836.0,0.9667,1161.4,1.0,90
2006-09-26,2006,modis,4,1042.2,3822.6,0.9634,1050.1,0.9984,500
2006-10-12,2006,landsat,1,914.3,2796.8,0.7048,927.7,0.8089,90
2006-10-12,2006,modis,4,1068.9,3831.2,0.9655,1075.6,0.9994,500
2006-10-28,2006,landsat,4,1044.9,3406.4,0.8585,1055.0,0.803,90
2006-10-28,2006,modis,4,1064.3,3835.5,0.9666,1069.8,0.9999,500
2006-11-13,2006,landsat,2,0.0,0.0,0.0,0.0,0.0076,90
2006-11-13,2006,modis,4,1058.5,3828.0,0.9647,1065.0,0.9939,500
2006-11-29,2006,landsat,3,692.8,1292.6,0.3258,694.0,0.2015,90
2006-11-29,2006,modis,4,1035.5,3526.7,0.8888,1053.2,0.9001,500
2006-12-15,2006,landsat,4,1048.0,2821.0,0.7109,1058.3,0.7185,90
2006-12-15,2006,modis,4,1040.0,3737.5,0.9419,1051.4,0.9681,500
2006-12-31,2006,landsat,2,1040.0,2407.0,0.6066,1058.1,0.4641,90
2006-12-31,2006,modis,4,718.7,2125.1,0.5356,741.8,0.428,500
2007-01-16,2007,landsat,1,2.7,128.4,0.0324,10.8,0.0938,90
2007-01-16,2007,modis,4,1084.9,2826.8,0.7124,1110.1,0.5754,500
2007-02-01,2007,landsat,3,1144.3,3158.1,0.7959,1163.1,0.8327,90
2007-02-01,2007,modis,4,1100.5,3797.9,0.9571,1111.0,0.9723,500
2007-02-17,2007,landsat,3,1094.6,3039.3,0.766,1110.7,0.6735,90
2007-02-17,2007,modis,4,1108.9,3783.7,0.9536,1118.0,0.9471,500
2007-03-05,2007,landsat,3,0.0,0.0,0.0,0.0,0.0,90
2007-03-05,2007,modis,4,1124.5,3824.9,0.9639,1130.5,0.9969,500
2007-03-21,2007,landsat,5,1123.8,2981.9,0.7515,1129.8,0.6317,90
2007-03-21,2007,modis,4,1126.2,3822.7,0.9634,1133.1,0.9909,500
2007-04-06,2007,landsat,2,592.3,1539.5,0.388,608.1,0.3237,90
2007-04-06,2007,modis,4,1140.1,3783.9,0.9536,1150.5,0.9619,500
2007-04-22,2007,landsat,4,1084.3,3368.5,0.8489,1094.4,0.7367,90
2007-04-22,2007,modis,4,1129.3,3836.5,0.9669,1137.2,0.9987,500
2007-05-08,2007,landsat,3,1125.9,3584.9,0.9035,1135.6,0.9176,90
2007-05-08,2007,modis,4,1124.0,3836.5,0.9669,1130.0,0.9989,500
2007-05-24,2007,landsat,3,1095.4,2942.1,0.7415,1101.5,0.6678,90
2007-05-24,2007,modis,4,1136.7,3836.5,0.9669,1143.7,0.9994,500
2007-06-09,2007,landsat,2,1104.9,3544.9,0.8934,1115.7,0.8734,90
2007-06-09,2007,modis,4,1118.7,3830.0,0.9652,1126.2,0.9992,500
2007-06-25,2007,landsat,3,406.5,1323.7,0.3336,415.0,0.4363,90
2007-06-25,2007,modis,4,1127.1,3834.3,0.9663,1133.4,0.9996,500
2007-07-11,2007,landsat,3,988.5,2409.0,0.6071,1000.1,0.572,90
2007-07-11,2007,modis,4,1133.0,3833.4,0.9661,1139.6,0.9995,500
2007-07-27,2007,landsat,2,1155.7,3736.4,0.9416,1173.5,0.9729,90
2007-07-27,2007,modis,4,1132.4,3832.7,0.9659,1140.8,0.9996,500
2007-08-12,2007,landsat,5,1165.7,3836.6,0.9669,1180.3,0.9973,90
2007-08-12,2007,modis,4,1130.0,3832.9,0.966,1138.4,0.9996,500
2007-08-28,2007,landsat,3,1111.9,3539.3,0.892,1124.4,0.8751,90
2007-08-28,2007,modis,4,1106.3,3820.9,0.9629,1114.4,0.9982,500
2007-09-13,2007,landsat,3,1161.2,3827.3,0.9645,1176.2,0.9934,90
2007-09-13,2007,modis,4,1114.7,3836.5,0.9669,1123.0,1.0,500
2007-09-29,2007,landsat,4,84.1,528.4,0.1332,85.6,0.1457,90
2007-09-29,2007,modis,4,1087.5,3836.5,0.9669,1095.2,1.0,500
2007-10-15,2007,landsat,3,1089.3,3532.6,0.8903,1101.1,0.8725,90
2007-10-15,2007,modis,4,1046.1,3800.7,0.9578,1052.5,0.9952,500
2007-10-31,2007,landsat,2,1054.9,2597.6,0.6546,1060.5,0.4414,90
2007-10-31,2007,modis,4,1045.4,3802.2,0.9582,1051.6,0.9959,500
2007-11-16,2007,landsat,2,1051.2,3474.2,0.8756,1060.9,0.8547,90
2007-11-16,2007,modis,4,1077.7,3836.5,0.9669,1083.2,1.0,500
2007-12-02,2007,landsat,2,45.8,158.5,0.0399,46.8,0.0507,90
2007-12-02,2007,modis,4,1074.8,3699.2,0.9323,1085.8,0.9178,500
2007-12-18,2007,landsat,2,493.8,1854.1,0.4673,502.0,0.5359,90
2007-12-18,2007,modis,6,1026.9,3041.9,0.7666,1076.7,0.7237,500
2008-01-03,2008,landsat,1,384.0,695.2,0.1752,385.4,0.2175,90
2008-01-03,2008,modis,4,1043.8,2956.2,0.745,1067.8,0.6627,500
2008-01-19,2008,landsat,2,0.1,14.3,0.0036,0.4,0.005,90
2008-01-19,2008,modis,4,1066.3,3683.0,0.9282,1078.9,0.942,500
2008-02-04,2008,landsat,4,1157.6,2676.2,0.6745,1164.4,0.6656,90
2008-02-04,2008,modis,4,1132.4,3836.5,0.9669,1139.6,0.9967,500
2008-02-20,2008,landsat,1,0.0,0.0,0.0,0.0,0.0034,90
2008-02-20,2008,modis,4,1122.8,3725.6,0.9389,1132.6,0.9047,500
2008-03-07,2008,landsat,5,778.9,1891.9,0.4768,785.3,0.4053,90
2008-03-07,2008,modis,4,1132.4,3814.6,0.9613,1139.1,0.9899,500
2008-03-23,2008,landsat,6,1129.7,3402.1,0.8574,1139.8,0.8518,90
2008-03-23,2008,modis,4,1150.4,3836.5,0.9669,1156.6,1.0,500
2008-04-08,2008,landsat,3,1075.3,2801.0,0.7059,1084.2,0.5815,90
2008-04-08,2008,modis,4,1147.8,3836.5,0.9669,1154.7,1.0,500
2008-04-24,2008,landsat,2,1109.9,3434.9,0.8657,1112.2,0.729,90
2008-04-24,2008,modis,4,1152.8,3836.5,0.9669,1160.2,1.0,500
2008-05-10,2008,landsat,2,436.1,1106.8,0.2789,439.3,0.4132,90
2008-05-10,2008,modis,4,1160.0,3835.3,0.9666,1166.9,0.9994,500
2008-05-26,2008,landsat,2,996.7,2804.2,0.7067,1005.5,0.7594,90
2008-05-26,2008,modis,4,1152.8,3834.6,0.9664,1159.7,0.9998,500
2008-06-11,2008,modis,4,1148.5,3834.8,0.9664,1155.4,0.9995,500
2008-06-27,2008,landsat,1,1019.4,2698.0,0.6799,1028.3,0.6111,90
2008-06-27,2008,modis,4,1158.4,3832.7,0.9659,1165.5,0.9996,500
2008-07-13,2008,landsat,2,976.2,2586.5,0.6518,986.9,0.5683,90
2008-07-13,2008,modis,4,1156.4,3835.5,0.9666,1162.1,0.9998,500
2008-07-29,2008,landsat,4,981.0,3224.9,0.8127,1004.0,0.8642,90
2008-07-29,2008,modis,4,1144.5,3826.7,0.9644,1152.1,0.9989,500
2008-08-14,2008,landsat,5,1169.6,3784.3,0.9537,1183.9,0.9464,90
2008-08-14,2008,modis,4,1141.3,3827.1,0.9645,1149.9,0.9989,500
2008-08-30,2008,landsat,6,1159.5,3797.4,0.957,1177.3,0.9892,90
2008-08-30,2008,modis,4,1097.2,3804.9,0.9589,1102.7,0.9962,500
2008-09-15,2008,landsat,4,462.7,1362.9,0.3435,468.1,0.3128,90
2008-09-15,2008,modis,4,1139.4,3836.3,0.9668,1147.0,1.0,500
2008-10-01,2008,landsat,6,1166.1,3828.8,0.9649,1179.7,0.9908,90
2008-10-01,2008,modis,4,1123.8,3835.1,0.9665,1132.2,0.9999,500
2008-10-17,2008,landsat,2,1102.4,3491.6,0.8799,1114.7,0.8585,90
2008-10-17,2008,modis,4,1102.9,3836.5,0.9669,1111.3,1.0,500
2008-11-02,2008,landsat,3,1082.7,3439.7,0.8669,1089.1,0.8438,90
2008-11-02,2008,modis,4,1106.0,3836.5,0.9669,1112.5,0.9997,500
2008-11-18,2008,landsat,2,320.7,939.6,0.2368,323.8,0.1694,90
2008-11-18,2008,modis,4,1095.0,3714.6,0.9362,1110.8,0.9369,500
2008-12-04,2008,landsat,2,229.2,752.7,0.1897,229.4,0.1859,90
2008-12-04,2008,modis,4,963.9,3627.0,0.9141,978.0,0.9557,500
2008-12-20,2008,modis,4,1099.5,3817.5,0.9621,1112.5,0.9831,500
2009-01-05,2009,modis,4,1083.0,3610.3,0.9099,1094.3,0.9351,500
2009-01-21,2009,landsat,1,0.0,0.0,0.0,0.0,0.0024,90
2009-01-21,2009,modis,4,1104.1,3783.4,0.9535,1117.0,0.9646,500
2009-02-06,2009,landsat,1,0.0,0.0,0.0,0.0,0.004,90
2009-02-06,2009,modis,4,1103.4,3718.0,0.937,1111.5,0.9742,500
2009-02-22,2009,landsat,2,918.6,1862.0,0.4693,921.2,0.29,90
2009-02-22,2009,modis,4,1122.5,3764.2,0.9486,1132.8,0.9651,500
2009-03-10,2009,modis,4,1142.3,3632.7,0.9155,1151.5,0.9296,500
2009-03-26,2009,landsat,2,1072.1,2469.1,0.6223,1081.8,0.5638,90
2009-03-26,2009,modis,4,1143.6,3835.8,0.9667,1150.1,0.999,500
2009-04-11,2009,landsat,1,0.0,0.0,0.0,0.0,0.0052,90
2009-04-11,2009,modis,4,1155.7,3835.5,0.9666,1160.9,0.9948,500
2009-04-27,2009,landsat,5,1163.0,3420.9,0.8621,1173.0,0.8539,90
2009-04-27,2009,modis,4,1144.9,3834.0,0.9662,1151.6,0.9921,500
2009-05-13,2009,landsat,1,0.0,0.0,0.0,0.0,0.0057,90
2009-05-13,2009,modis,4,1153.0,3836.0,0.9667,1159.7,1.0,500
2009-05-29,2009,landsat,4,796.0,3101.3,0.7816,804.7,0.8102,90
2009-05-29,2009,modis,4,1160.0,3834.1,0.9663,1166.5,0.9997,500
2009-06-14,2009,landsat,4,1012.7,3479.6,0.8769,1021.7,0.8727,90
2009-06-14,2009,modis,4,1158.1,3834.3,0.9663,1164.3,0.9998,500
2009-06-30,2009,modis,4,1154.5,3830.5,0.9654,1160.9,0.9985,500
2009-07-16,2009,landsat,2,1113.4,3530.1,0.8896,1126.1,0.8638,90
2009-07-16,2009,modis,4,1151.6,3832.4,0.9658,1158.5,0.9994,500
2009-08-01,2009,landsat,2,1139.8,3323.8,0.8377,1155.4,0.7804,90
2009-08-01,2009,modis,4,1155.7,3834.6,0.9664,1161.9,0.9998,500
2009-08-17,2009,modis,4,1143.7,3833.4,0.9661,1150.6,0.9996,500
2009-09-02,2009,landsat,1,0.0,0.0,0.0,0.0,0.0,90
2009-09-02,2009,modis,4,1117.3,3808.4,0.9598,1123.5,0.9968,500
2009-09-18,2009,landsat,1,0.0,0.0,0.0,0.0,0.0007,90
2009-09-18,2009,modis,4,1087.1,3816.4,0.9618,1093.3,0.9977,500
2009-10-04,2009,landsat,1,0.0,0.0,0.0,0.0,0.0076,90
2009-10-04,2009,modis,4,1078.0,3826.2,0.9643,1083.7,0.9988,500
2009-10-20,2009,landsat,1,0.0,0.0,0.0,0.0,0.0081,90
2009-10-20,2009,modis,4,1109.6,3835.1,0.9665,1116.8,0.9999,500
2009-11-05,2009,landsat,4,253.9,1642.8,0.414,261.2,0.5529,90
2009-11-05,2009,modis,4,1018.7,3745.6,0.944,1025.4,0.9881,500
2009-11-21,2009,landsat,3,959.6,2142.8,0.54,961.0,0.4956,90
2009-11-21,2009,modis,4,1109.9,3827.6,0.9646,1117.8,0.9896,500
2009-12-07,2009,landsat,4,428.0,913.4,0.2302,428.0,0.1328,90
2009-12-07,2009,modis,4,1102.7,3835.1,0.9665,1110.1,0.9996,500
2009-12-23,2009,modis,4,1061.2,3700.5,0.9326,1068.5,0.9746,500
2010-01-08,2010,landsat,1,0.1,74.9,0.0189,5.8,0.1002,90
2010-01-08,2010,modis,4,1081.6,3809.4,0.96,1089.2,0.9779,500
2010-01-24,2010,landsat,2,0.0,19.6,0.0049,0.0,0.0103,90
2010-01-24,2010,modis,4,1076.3,3679.4,0.9273,1088.5,0.9266,500
2010-02-09,2010,landsat,2,0.0,155.2,0.0391,0.9,0.0849,90
2010-02-09,2010,modis,4,1064.3,2712.8,0.6837,1080.8,0.6765,500
2010-02-25,2010,modis,4,1097.4,3570.5,0.8998,1111.9,0.9104,500
2010-03-13,2010,landsat,5,401.6,1312.4,0.3307,419.4,0.3568,90
2010-03-13,2010,modis,4,1088.0,3551.0,0.8949,1097.9,0.9055,500
2010-03-29,2010,landsat,2,818.9,1616.0,0.4073,827.7,0.3474,90
2010-03-29,2010,modis,4,1091.1,3617.1,0.9116,1103.4,0.9156,500
2010-04-14,2010,landsat,1,0.0,0.0,0.0,0.0,0.0083,90
2010-04-14,2010,modis,4,1097.4,3811.3,0.9605,1104.8,0.9922,500
2010-04-30,2010,landsat,5,889.8,2528.3,0.6372,901.9,0.5767,90
2010-04-30,2010,modis,4,1126.2,3836.5,0.9669,1133.6,1.0,500
2010-05-16,2010,landsat,2,310.8,967.3,0.2438,310.8,0.1498,90
2010-05-16,2010,modis,4,1118.7,3834.9,0.9665,1126.6,0.9969,500
2010-06-01,2010,modis,4,1115.6,3836.5,0.9669,1122.8,0.9976,500
2010-06-17,2010,modis,4,1102.4,3703.8,0.9334,1110.5,0.9145,500
2010-07-03,2010,landsat,1,0.0,0.0,0.0,0.0,0.0056,90
2010-07-03,2010,modis,4,1118.7,3835.1,0.9665,1126.4,0.9982,500
2010-07-19,2010,landsat,2,379.3,1204.2,0.3035,379.3,0.1836,90
2010-07-19,2010,modis,4,1122.6,3835.5,0.9666,1128.1,0.9995,500
2010-08-04,2010,modis,4,1115.8,3834.1,0.9663,1123.5,0.9997,500
2010-08-20,2010,landsat,2,1113.7,3549.6,0.8946,1126.6,0.8748,90
2010-08-20,2010,modis,4,1115.8,3836.3,0.9668,1123.3,1.0,500
2010-09-05,2010,landsat,1,269.8,600.0,0.1512,283.7,0.2067,90
2010-09-05,2010,modis,4,1099.6,3831.7,0.9657,1108.4,0.9995,500
2010-09-21,2010,landsat,1,1016.3,2827.7,0.7126,1029.2,0.7638,90
2010-09-21,2010,modis,4,1084.9,3836.5,0.9669,1091.4,1.0,500
2010-10-07,2010,landsat,1,0.0,0.0,0.0,0.0,0.0058,90
2010-10-07,2010,modis,4,1023.7,3827.6,0.9646,1030.4,0.999,500
2010-10-23,2010,landsat,1,0.0,0.0,0.0,0.0,0.0043,90
2010-10-23,2010,modis,4,1049.7,3829.5,0.9651,1058.0,0.9992,500
2010-11-08,2010,landsat,2,0.0,0.0,0.0,0.0,0.0157,90
2010-11-08,2010,modis,4,1052.1,3821.9,0.9632,1060.6,0.9983,500
2010-11-24,2010,landsat,1,0.0,0.0,0.0,0.0,0.0061,90
2010-11-24,2010,modis,4,1058.8,3808.4,0.9598,1068.8,0.9868,500
2010-12-10,2010,landsat,3,1116.1,3738.5,0.9422,1126.1,0.9263,90
2010-12-10,2010,modis,4,1048.5,3806.1,0.9592,1056.3,0.9855,500
2010-12-26,2010,landsat,1,0.0,0.0,0.0,0.0,0.0078,90
2010-12-26,2010,modis,6,999.0,3658.4,0.922,1016.3,0.9394,500
2011-01-11,2011,landsat,3,290.9,967.0,0.2437,293.3,0.2014,90
2011-01-11,2011,modis,4,1018.2,3591.2,0.905,1033.8,0.8844,500
2011-01-27,2011,landsat,2,900.7,2177.8,0.5488,903.6,0.4835,90
2011-01-27,2011,modis,4,1020.7,3641.7,0.9178,1028.8,0.9045,500
2011-02-12,2011,landsat,2,889.2,1933.9,0.4874,893.8,0.4101,90
2011-02-12,2011,modis,4,1058.8,3756.9,0.9468,1073.6,0.9298,500
2011-02-28,2011,landsat,1,312.9,444.2,0.1119,313.3,0.0543,90
2011-02-28,2011,modis,4,1059.0,3347.6,0.8437,1076.7,0.7871,500
2011-03-16,2011,landsat,1,0.0,0.0,0.0,0.0,0.0029,90
2011-03-16,2011,modis,4,1058.1,3681.7,0.9278,1067.6,0.9065,500
2011-04-01,2011,modis,4,1088.5,3821.1,0.963,1097.4,0.9792,500
2011-04-17,2011,landsat,2,935.3,2018.8,0.5088,944.1,0.4321,90
2011-04-17,2011,modis,4,1101.7,3836.3,0.9668,1109.3,0.9989,500
2011-05-03,2011,landsat,3,480.1,1458.0,0.3674,480.2,0.3127,90
2011-05-03,2011,modis,4,1104.6,3832.6,0.9659,1112.7,0.9958,500
2011-05-19,2011,landsat,1,397.0,1160.9,0.2926,397.1,0.1851,90
2011-05-19,2011,modis,4,1098.6,3835.3,0.9666,1106.5,0.9999,500
2011-06-04,2011,landsat,3,12.6,67.6,0.017,12.7,0.041,90
2011-06-04,2011,modis,4,1106.5,3833.4,0.9661,1112.9,0.9996,500
2011-06-20,2011,landsat,3,1037.8,3328.4,0.8388,1046.7,0.8367,90
2011-06-20,2011,modis,4,1118.8,3831.7,0.9657,1125.9,0.9994,500
2011-07-06,2011,landsat,3,1096.3,3553.9,0.8956,1107.0,0.8716,90
2011-07-06,2011,modis,4,1111.3,3832.4,0.9658,1117.7,0.9995,500
2011-07-22,2011,landsat,2,1023.9,3226.3,0.8131,1033.3,0.7993,90
2011-07-22,2011,modis,4,1097.1,3829.6,0.9651,1105.0,0.9992,500
2011-08-07,2011,landsat,2,968.8,3337.9,0.8412,980.2,0.8379,90
2011-08-07,2011,modis,4,1093.8,3825.7,0.9641,1101.0,0.9988,500
2011-08-23,2011,landsat,2,1092.2,3550.9,0.8949,1107.0,0.8573,90
2011-08-23,2011,modis,4,1086.6,3835.1,0.9665,1093.5,0.9999,500
2011-09-08,2011,landsat,2,1081.1,3552.1,0.8952,1091.7,0.8751,90
2011-09-08,2011,modis,4,1071.2,3832.2,0.9658,1078.2,0.9995,500
2011-09-24,2011,landsat,2,1068.2,3540.9,0.8924,1079.4,0.87,90
2011-09-24,2011,modis,4,1007.9,3797.2,0.957,1015.8,0.9946,500
2011-10-10,2011,landsat,3,1064.8,3767.0,0.9493,1076.5,0.9824,90
2011-10-10,2011,modis,4,1021.1,3836.3,0.9668,1027.8,1.0,500
2011-10-26,2011,modis,4,1015.1,3826.2,0.9643,1022.0,0.9988,500
2011-11-11,2011,landsat,1,0.0,0.0,0.0,0.0,0.0029,90
2011-11-11,2011,modis,4,1017.7,3831.0,0.9655,1023.2,0.9988,500
2011-11-27,2011,landsat,1,0.0,0.0,0.0,0.0,0.0057,90
2011-11-27,2011,modis,4,1012.9,3833.9,0.9662,1018.2,0.9954,500
2011-12-13,2011,landsat,1,0.0,0.0,0.0,0.0,0.0067,90
2011-12-13,2011,modis,4,993.5,3835.8,0.9667,1000.7,0.9986,500
2011-12-29,2011,landsat,1,0.0,0.0,0.0,0.0,0.0,90
2011-12-29,2011,modis,4,848.6,2875.7,0.7247,879.5,0.7456,500
2012-01-14,2012,modis,4,1001.5,3703.6,0.9334,1015.2,0.8872,500
2012-01-30,2012,landsat,3,946.8,2439.4,0.6148,957.6,0.5376,90
2012-01-30,2012,modis,4,997.1,3771.9,0.9506,1006.7,0.9718,500
2012-02-15,2012,landsat,2,291.7,652.7,0.1645,298.1,0.2226,90
2012-02-15,2012,modis,4,1019.6,3799.2,0.9575,1026.1,0.9773,500
2012-03-02,2012,modis,4,1020.6,3834.3,0.9663,1030.2,0.9872,500
2012-03-18,2012,landsat,1,0.0,0.0,0.0,0.0,0.0046,90
2012-03-18,2012,modis,4,1015.1,3788.3,0.9547,1026.5,0.9769,500
2012-04-03,2012,modis,4,1046.7,3834.7,0.9664,1057.0,0.9946,500
2012-04-19,2012,landsat,3,580.0,1761.3,0.4439,583.9,0.3948,90
2012-04-19,2012,modis,4,1064.0,3836.5,0.9669,1073.1,1.0,500
2012-05-05,2012,landsat,3,967.3,3268.6,0.8237,976.4,0.764,90
2012-05-05,2012,modis,4,1065.6,3835.3,0.9666,1074.5,0.9999,500
2012-05-21,2012,landsat,3,954.5,3341.6,0.8421,964.7,0.8447,90
2012-05-21,2012,modis,4,1045.3,3835.3,0.9666,1052.3,0.9998,500
2012-06-06,2012,landsat,2,1015.1,2937.2,0.7402,1024.0,0.697,90
2012-06-06,2012,modis,4,1048.2,3835.5,0.9666,1054.2,0.9998,500
2012-06-22,2012,modis,4,1025.2,3833.6,0.9661,1031.6,0.9996,500
2012-07-08,2012,modis,4,1031.9,3831.7,0.9657,1039.1,0.9994,500
2012-07-24,2012,landsat,1,0.0,0.0,0.0,0.3,0.0052,90
2012-07-24,2012,modis,4,1020.4,3835.3,0.9666,1026.8,0.9999,500
2012-08-09,2012,landsat,1,0.0,0.0,0.0,0.0,0.0023,90
2012-08-09,2012,modis,4,1006.4,3836.3,0.9668,1013.4,1.0,500
2012-08-25,2012,landsat,3,842.7,1942.4,0.4895,857.8,0.4022,90
2012-08-25,2012,modis,4,949.4,3820.7,0.9629,956.1,0.9982,500
2012-09-10,2012,landsat,3,967.7,3518.7,0.8868,979.8,0.8377,90
2012-09-10,2012,modis,4,957.5,3836.0,0.9667,963.3,1.0,500
2012-09-26,2012,landsat,3,937.5,2847.3,0.7176,952.3,0.6128,90
2012-09-26,2012,modis,4,906.4,3835.8,0.9667,912.7,0.9999,500
2012-10-12,2012,landsat,1,0.0,0.0,0.0,0.0,0.007,90
2012-10-12,2012,modis,4,882.7,3835.5,0.9666,889.1,0.9999,500
2012-10-28,2012,landsat,3,803.1,2783.2,0.7014,807.3,0.5959,90
2012-10-28,2012,modis,4,847.0,3832.2,0.9658,853.4,0.9991,500
2012-11-13,2012,landsat,2,713.6,3256.1,0.8206,721.5,0.8043,90
2012-11-13,2012,modis,4,837.6,3836.5,0.9669,843.4,1.0,500
2012-11-29,2012,landsat,3,854.8,3550.7,0.8948,863.9,0.8663,90
2012-11-29,2012,modis,4,791.6,3473.3,0.8753,804.8,0.8924,500
2012-12-15,2012,landsat,1,0.0,0.0,0.0,0.0,0.0034,90
2012-12-15,2012,modis,4,739.6,3617.3,0.9116,753.6,0.9087,500
2012-12-31,2012,landsat,2,623.9,2144.0,0.5403,631.7,0.4509,90
2012-12-31,2012,modis,4,851.1,3503.4,0.8829,882.2,0.7984,500
2013-01-16,2013,landsat,3,779.4,2230.6,0.5622,808.9,0.5199,90
2013-01-16,2013,modis,4,827.2,2933.4,0.7393,864.4,0.7545,500
2013-02-01,2013,landsat,3,149.0,501.7,0.1264,154.2,0.2335,90
2013-02-01,2013,modis,4,986.9,3115.5,0.7851,1007.6,0.8015,500
2013-02-17,2013,landsat,1,0.0,0.0,0.0,0.0,0.001,90
2013-02-17,2013,modis,4,1105.6,3735.1,0.9413,1125.7,0.9434,500
2013-03-05,2013,landsat,3,728.9,1405.3,0.3542,729.1,0.2288,90
2013-03-05,2013,modis,4,1102.7,3711.0,0.9352,1121.3,0.946,500
2013-03-21,2013,landsat,5,1078.4,3564.3,0.8982,1095.3,0.8575,90
2013-03-21,2013,modis,4,1135.3,3834.6,0.9664,1145.7,0.9993,500
2013-04-06,2013,landsat,4,958.7,3044.3,0.7672,976.4,0.8094,90
2013-04-06,2013,modis,4,1142.0,3835.3,0.9666,1154.0,0.9999,500
2013-04-22,2013,landsat,4,1135.1,3616.4,0.9114,1153.2,0.8923,90
2013-04-22,2013,modis,4,1118.8,3825.8,0.9642,1130.9,0.9905,500
2013-05-08,2013,landsat,5,1058.6,3670.5,0.925,1074.0,0.9556,90
2013-05-08,2013,modis,4,1107.6,3835.8,0.9667,1119.2,0.9999,500
2013-05-24,2013,landsat,4,189.7,1520.0,0.3831,189.8,0.2888,90
2013-05-24,2013,modis,4,1098.6,3835.5,0.9666,1109.6,0.9999,500
2013-06-09,2013,landsat,5,1104.5,3709.9,0.9349,1119.6,0.9228,90
2013-06-09,2013,modis,4,1079.8,3822.6,0.9634,1091.9,0.9917,500
2013-06-25,2013,landsat,6,1113.8,3835.7,0.9667,1129.2,0.9942,90
2013-06-25,2013,modis,4,1085.6,3832.4,0.9658,1093.8,0.9995,500
2013-07-11,2013,landsat,5,67.6,1021.2,0.2574,81.3,0.3082,90
2013-07-11,2013,modis,4,1073.9,3832.9,0.966,1082.8,0.9996,500
2013-07-27,2013,landsat,6,681.9,3106.5,0.7829,682.9,0.8368,90
2013-07-27,2013,modis,4,1066.7,3831.7,0.9657,1077.9,0.9994,500
2013-08-12,2013,landsat,6,1073.6,3626.0,0.9138,1090.5,0.9084,90
2013-08-12,2013,modis,4,1065.4,3833.4,0.9661,1076.3,0.9997,500
2013-08-28,2013,landsat,5,1086.2,3832.9,0.966,1101.5,0.9973,90
2013-08-28,2013,modis,4,1029.2,3826.2,0.9643,1039.8,0.9988,500
2013-09-13,2013,landsat,2,442.1,1652.2,0.4164,442.1,0.2706,90
2013-09-13,2013,modis,4,967.9,3830.7,0.9654,977.9,0.9994,500
2013-09-29,2013,landsat,6,1044.1,3731.0,0.9403,1057.3,0.9375,90
2013-09-29,2013,modis,4,976.3,3835.8,0.9667,984.2,0.9994,500
2013-10-15,2013,landsat,4,662.0,2002.7,0.5047,668.4,0.3755,90
2013-10-15,2013,modis,4,974.8,3832.7,0.9659,983.2,0.9996,500
2013-10-31,2013,landsat,6,1023.4,3836.6,0.9669,1035.2,0.9997,90
2013-10-31,2013,modis,4,957.8,3835.8,0.9667,965.0,0.9999,500
2013-11-16,2013,landsat,6,943.3,3390.0,0.8543,952.6,0.812,90
2013-11-16,2013,modis,4,926.6,3828.8,0.9649,934.2,0.9988,500
2013-12-02,2013,landsat,5,794.6,3627.3,0.9141,805.9,0.9725,90
2013-12-02,2013,modis,4,937.6,3836.5,0.9669,945.8,0.9996,500
2013-12-18,2013,landsat,6,246.8,851.9,0.2147,246.8,0.2425,90
2013-12-18,2013,modis,6,871.7,3731.9,0.9405,880.6,0.9558,500
2014-01-03,2014,landsat,2,29.4,1321.2,0.333,29.4,0.2461,90
2014-01-03,2014,modis,4,915.7,3766.3,0.9492,933.4,0.9588,500
2014-01-19,2014,landsat,6,940.0,3014.7,0.7597,953.5,0.693,90
2014-01-19,2014,modis,4,918.4,3569.8,0.8996,932.1,0.8595,500
2014-02-04,2014,landsat,2,0.0,0.1,0.0,0.3,0.0275,90
2014-02-04,2014,modis,4,897.1,3188.7,0.8036,903.3,0.8285,500
2014-02-20,2014,landsat,6,667.2,1766.5,0.4452,673.6,0.3729,90
2014-02-20,2014,modis,4,959.0,3608.5,0.9094,974.7,0.9021,500
2014-03-08,2014,landsat,6,595.1,1710.4,0.4311,599.9,0.3748,90
2014-03-08,2014,modis,4,1020.1,3733.2,0.9408,1033.1,0.9491,500
2014-03-24,2014,landsat,5,971.5,3471.1,0.8748,980.5,0.8873,90
2014-03-24,2014,modis,4,1037.0,3653.8,0.9208,1048.2,0.8912,500
2014-04-09,2014,landsat,6,675.5,2429.8,0.6123,686.7,0.5366,90
2014-04-09,2014,modis,4,1042.7,3834.1,0.9663,1050.1,0.997,500
2014-04-25,2014,landsat,6,985.4,3725.6,0.9389,996.7,0.9587,90
2014-04-25,2014,modis,4,1018.0,3817.6,0.9621,1025.9,0.9979,500
2014-05-11,2014,landsat,4,1010.7,3534.0,0.8906,1020.5,0.8522,90
2014-05-11,2014,modis,4,1028.8,3836.3,0.9668,1035.7,1.0,500
2014-05-27,2014,landsat,5,820.7,3603.6,0.9082,830.1,0.9731,90
2014-05-27,2014,modis,4,1020.0,3834.3,0.9663,1029.5,0.9998,500
2014-06-12,2014,landsat,4,935.6,3534.9,0.8909,942.1,0.9109,90
2014-06-12,2014,modis,4,1007.2,3833.4,0.9661,1016.5,0.9996,500
2014-06-28,2014,landsat,5,996.4,3786.1,0.9541,1007.7,0.9889,90
2014-06-28,2014,modis,4,1011.1,3834.8,0.9664,1018.7,0.999,500
2014-07-14,2014,landsat,5,90.6,665.4,0.1677,92.4,0.1553,90
2014-07-14,2014,modis,4,1003.0,3832.4,0.9658,1010.8,0.9995,500
2014-07-30,2014,landsat,6,981.6,3699.2,0.9323,993.2,0.9563,90
2014-07-30,2014,modis,4,996.2,3832.2,0.9658,1005.5,0.9983,500
2014-08-15,2014,landsat,6,1015.3,3818.1,0.9622,1028.1,0.9979,90
2014-08-15,2014,modis,4,979.0,3831.7,0.9657,988.0,0.9995,500
2014-08-31,2014,landsat,6,816.5,2737.2,0.6898,829.9,0.6036,90
2014-08-31,2014,modis,4,983.1,3834.3,0.9663,993.2,0.9998,500
2014-09-16,2014,landsat,6,1018.8,3827.9,0.9647,1031.2,0.999,90
2014-09-16,2014,modis,4,914.6,3836.3,0.9668,922.5,1.0,500
2014-10-02,2014,landsat,5,981.7,3835.6,0.9666,993.9,0.9999,90
2014-10-02,2014,modis,4,876.1,3836.5,0.9669,885.1,1.0,500
2014-10-18,2014,landsat,3,0.7,153.0,0.0385,0.7,0.0556,90
2014-10-18,2014,modis,4,912.9,3835.3,0.9666,922.0,0.9998,500
2014-11-03,2014,landsat,6,894.4,3790.6,0.9553,906.7,0.9469,90
2014-11-03,2014,modis,4,813.8,3836.3,0.9668,820.8,1.0,500
2014-11-19,2014,landsat,4,840.9,3800.7,0.9578,852.5,0.9475,90
2014-11-19,2014,modis,4,792.8,3836.3,0.9668,802.3,1.0,500
2014-12-05,2014,landsat,6,774.8,3820.7,0.9629,786.3,0.9928,90
2014-12-05,2014,modis,4,659.9,3673.6,0.9258,668.5,0.9604,500
2014-12-21,2014,landsat,6,512.8,1572.6,0.3963,518.7,0.4655,90
2014-12-21,2014,modis,4,581.3,3547.1,0.8939,589.2,0.9493,500
2015-01-06,2015,landsat,5,643.6,1657.8,0.4178,688.6,0.3748,90
2015-01-06,2015,modis,4,1242.9,3525.1,0.8884,1283.5,0.845,500
2015-01-22,2015,landsat,3,1187.5,2508.2,0.6321,1216.2,0.4402,90
2015-01-22,2015,modis,4,1196.0,3024.5,0.7622,1229.5,0.6426,500
2015-02-07,2015,landsat,6,1105.5,3186.5,0.803,1133.5,0.7966,90
2015-02-07,2015,modis,4,1269.9,3813.2,0.961,1303.9,0.9619,500
2015-02-23,2015,landsat,2,0.0,0.0,0.0,0.0,0.0,90
2015-02-23,2015,modis,4,1248.8,3736.0,0.9415,1280.8,0.9428,500
2015-03-11,2015,landsat,6,1125.5,3087.5,0.7781,1152.8,0.7347,90
2015-03-11,2015,modis,4,1204.5,3743.3,0.9434,1227.1,0.9661,500
2015-03-27,2015,landsat,6,1249.4,3821.5,0.9631,1273.1,0.9432,90
2015-03-27,2015,modis,4,1234.5,3836.5,0.9669,1256.6,0.9992,500
2015-04-12,2015,landsat,5,1252.1,3566.4,0.8988,1277.8,0.9153,90
2015-04-12,2015,modis,4,1218.9,3825.7,0.9641,1240.3,0.9988,500
2015-04-28,2015,landsat,6,1233.1,3773.3,0.9509,1254.8,0.9826,90
2015-04-28,2015,modis,4,1237.4,3836.5,0.9669,1258.0,1.0,500
2015-05-14,2015,landsat,6,1248.2,3820.8,0.9629,1271.5,0.9835,90
2015-05-14,2015,modis,4,1225.1,3836.0,0.9667,1243.9,0.9999,500
2015-05-30,2015,landsat,4,1227.4,3674.7,0.9261,1248.7,0.9102,90
2015-05-30,2015,modis,4,1199.6,3828.8,0.9649,1216.3,0.9991,500
2015-06-15,2015,landsat,6,1048.4,2949.5,0.7433,1054.2,0.7318,90
2015-06-15,2015,modis,4,1209.2,3833.4,0.9661,1226.4,0.9997,500
2015-07-01,2015,landsat,5,1227.6,3815.5,0.9616,1247.8,0.9933,90
2015-07-01,2015,modis,4,1192.9,3828.4,0.9648,1206.7,0.999,500
2015-07-17,2015,landsat,5,1214.2,3836.4,0.9668,1233.8,0.9995,90
2015-07-17,2015,modis,4,1184.0,3831.9,0.9657,1198.3,0.9995,500
2015-08-02,2015,landsat,5,1197.2,3817.5,0.9621,1215.6,0.9967,90
2015-08-02,2015,modis,4,1192.9,3831.9,0.9657,1205.1,0.9994,500
2015-08-18,2015,landsat,4,1215.3,3806.2,0.9592,1233.5,0.9914,90
2015-08-18,2015,modis,4,1167.8,3827.4,0.9646,1180.8,0.999,500
2015-09-03,2015,landsat,5,1207.3,3813.9,0.9612,1224.3,0.9957,90
2015-09-03,2015,modis,4,1168.0,3832.7,0.9659,1178.9,0.9996,500
2015-09-19,2015,landsat,6,1207.6,3835.4,0.9666,1223.6,0.9988,90
2015-09-19,2015,modis,4,1161.7,3834.6,0.9664,1173.2,0.9998,500
2015-10-05,2015,landsat,6,1169.4,3730.4,0.9401,1182.8,0.9641,90
2015-10-05,2015,modis,4,1131.3,3833.1,0.966,1141.5,0.9996,500
2015-10-21,2015,landsat,6,1101.4,2997.1,0.7553,1104.7,0.6881,90
2015-10-21,2015,modis,4,1143.6,3836.3,0.9668,1152.5,1.0,500
2015-11-06,2015,landsat,6,1174.8,3832.6,0.9659,1186.2,0.9996,90
2015-11-06,2015,modis,4,1113.6,3833.6,0.9661,1120.4,0.9997,500
2015-11-22,2015,landsat,6,1066.3,3369.7,0.8492,1075.4,0.8528,90
2015-11-22,2015,modis,4,1120.9,3836.5,0.9669,1127.3,1.0,500
2015-12-08,2015,landsat,6,1113.5,2943.4,0.7418,1121.0,0.6625,90
2015-12-08,2015,modis,4,1090.7,3736.9,0.9418,1101.5,0.9547,500
2015-12-24,2015,landsat,6,28.0,426.7,0.1075,28.2,0.2002,90
2015-12-24,2015,modis,4,1106.7,3768.0,0.9496,1114.4,0.9418,500
2016-01-09,2016,landsat,3,813.0,2140.3,0.5394,815.4,0.4265,90
2016-01-09,2016,modis,4,1087.8,3831.7,0.9657,1089.9,0.9958,500
2016-01-25,2016,landsat,4,935.0,2262.6,0.5702,938.5,0.523,90
2016-01-25,2016,modis,4,1050.8,3764.6,0.9487,1059.0,0.981,500
2016-02-10,2016,landsat,6,1076.1,3215.6,0.8104,1083.3,0.7636,90
2016-02-10,2016,modis,4,1084.3,3811.6,0.9606,1093.0,0.9866,500
2016-02-26,2016,landsat,6,1008.6,2591.0,0.653,1017.6,0.5467,90
2016-02-26,2016,modis,4,987.1,3418.3,0.8615,1002.1,0.8801,500
2016-03-13,2016,landsat,5,1076.8,3585.8,0.9037,1084.2,0.8453,90
2016-03-13,2016,modis,4,1093.3,3722.2,0.9381,1099.0,0.9644,500
2016-03-29,2016,landsat,5,1103.5,3599.4,0.9071,1110.5,0.9091,90
2016-03-29,2016,modis,4,1095.0,3673.1,0.9257,1100.2,0.9369,500
2016-04-14,2016,landsat,6,1092.1,3799.6,0.9576,1099.6,0.9955,90
2016-04-14,2016,modis,4,1102.4,3835.3,0.9666,1107.9,0.9999,500
2016-04-30,2016,landsat,6,771.9,2463.9,0.6209,777.6,0.6457,90
2016-04-30,2016,modis,4,1073.2,3826.9,0.9644,1080.3,0.9948,500
2016-05-16,2016,landsat,6,892.8,3040.2,0.7662,899.2,0.8455,90
2016-05-16,2016,modis,4,1075.1,3833.4,0.9661,1079.6,0.9989,500
2016-06-01,2016,landsat,3,237.9,1446.4,0.3645,242.4,0.4349,90
2016-06-01,2016,modis,4,1059.0,3828.4,0.9648,1064.0,0.9987,500
2016-06-17,2016,landsat,4,966.1,3470.9,0.8747,971.6,0.8695,90
2016-06-17,2016,modis,4,1049.6,3826.7,0.9644,1054.9,0.9989,500
2016-07-03,2016,landsat,4,508.4,1576.7,0.3974,509.1,0.3428,90
2016-07-03,2016,modis,4,970.7,3459.3,0.8718,976.1,0.8681,500
2016-07-19,2016,landsat,5,1025.1,3797.1,0.9569,1031.5,0.9951,90
2016-07-19,2016,modis,4,1033.5,3834.8,0.9664,1037.9,0.9998,500
2016-08-04,2016,landsat,6,1038.5,3669.3,0.9247,1044.3,0.9125,90
2016-08-04,2016,modis,4,1034.8,3834.8,0.9664,1039.1,0.9996,500
2016-08-20,2016,landsat,5,1070.6,3831.3,0.9655,1076.4,0.9889,90
2016-08-20,2016,modis,4,1023.7,3832.9,0.966,1027.3,0.9996,500
2016-09-05,2016,landsat,5,1015.2,3820.4,0.9628,1021.4,0.9898,90
2016-09-05,2016,modis,4,976.9,3835.8,0.9667,981.0,0.9999,500
2016-09-21,2016,landsat,6,948.6,3657.7,0.9218,955.1,0.943,90
2016-09-21,2016,modis,4,944.3,3836.5,0.9669,948.2,1.0,500
2016-10-07,2016,landsat,6,875.1,3478.1,0.8765,879.6,0.8902,90
2016-10-07,2016,modis,4,878.6,3827.4,0.9646,882.2,0.999,500
2016-10-23,2016,landsat,6,837.0,3825.4,0.9641,842.6,0.9903,90
2016-10-23,2016,modis,4,803.5,3836.5,0.9669,806.6,1.0,500
2016-11-08,2016,landsat,6,437.6,2117.7,0.5337,437.8,0.4133,90
2016-11-08,2016,modis,4,770.9,3835.8,0.9667,774.0,0.9999,500
2016-11-24,2016,landsat,6,754.0,3399.6,0.8568,759.2,0.8366,90
2016-11-24,2016,modis,4,803.3,3746.3,0.9441,812.7,0.9693,500
2016-12-10,2016,landsat,4,671.9,3284.5,0.8278,673.6,0.8046,90
2016-12-10,2016,modis,4,724.4,3832.4,0.9658,728.8,0.9965,500
2016-12-26,2016,landsat,4,468.9,1108.0,0.2792,471.9,0.217,90
2016-12-26,2016,modis,6,710.7,3750.7,0.9452,718.9,0.9809,500
2017-01-11,2017,landsat,1,179.1,510.0,0.1285,179.6,0.1448,90
2017-01-11,2017,modis,4,909.4,3562.6,0.8978,918.7,0.9441,500
2017-01-27,2017,landsat,5,675.0,1958.3,0.4935,682.9,0.365,90
2017-01-27,2017,modis,4,993.8,3668.6,0.9246,1005.0,0.8977,500
2017-02-12,2017,landsat,4,988.1,2638.5,0.6649,996.5,0.5813,90
2017-02-12,2017,modis,4,980.2,3789.3,0.955,985.6,0.9756,500
2017-02-28,2017,landsat,4,823.5,2088.6,0.5264,823.9,0.5202,90
2017-02-28,2017,modis,4,998.0,3834.1,0.9663,1003.0,0.9931,500
2017-03-16,2017,landsat,3,148.5,1022.7,0.2577,155.1,0.3295,90
2017-03-16,2017,modis,4,1013.0,3788.1,0.9547,1018.9,0.9774,500
2017-04-01,2017,landsat,6,1049.8,3716.7,0.9367,1056.8,0.9058,90
2017-04-01,2017,modis,4,965.9,3741.4,0.9429,970.2,0.9712,500
2017-04-17,2017,landsat,2,121.9,417.8,0.1053,121.9,0.0821,90
2017-04-17,2017,modis,4,968.6,3749.3,0.9449,972.2,0.9791,500
2017-05-03,2017,landsat,6,875.1,3510.4,0.8847,881.8,0.931,90
2017-05-03,2017,modis,4,976.7,3834.8,0.9664,981.0,0.9998,500
2017-05-19,2017,landsat,5,957.6,3812.4,0.9608,964.6,0.9926,90
2017-05-19,2017,modis,4,946.3,3834.3,0.9663,949.4,0.9967,500
2017-06-04,2017,landsat,5,671.8,2416.6,0.609,676.3,0.5193,90
2017-06-04,2017,modis,4,952.7,3834.8,0.9664,955.6,0.999,500
2017-06-20,2017,landsat,5,909.5,3468.0,0.874,916.0,0.8744,90
2017-06-20,2017,modis,4,936.9,3834.3,0.9663,940.3,0.9998,500
2017-07-06,2017,landsat,6,953.0,3736.0,0.9415,961.0,0.9694,90
2017-07-06,2017,modis,4,924.7,3831.7,0.9657,928.0,0.9992,500
2017-07-22,2017,landsat,5,951.0,3807.1,0.9595,957.9,0.9849,90
2017-07-22,2017,modis,4,913.9,3833.4,0.9661,917.5,0.9997,500
2017-08-07,2017,landsat,5,889.1,3685.3,0.9288,893.1,0.9306,90
2017-08-07,2017,modis,4,903.8,3835.8,0.9667,907.6,0.9999,500
2017-08-23,2017,landsat,6,931.0,3835.3,0.9666,937.8,0.9982,90
2017-08-23,2017,modis,4,885.1,3836.3,0.9668,888.9,1.0,500
2017-09-08,2017,landsat,5,916.4,3831.1,0.9655,923.5,0.9977,90
2017-09-08,2017,modis,4,788.0,3836.3,0.9668,792.3,1.0,500
2017-09-24,2017,landsat,6,805.5,3319.1,0.8365,813.4,0.8599,90
2017-09-24,2017,modis,4,756.3,3836.5,0.9669,760.1,1.0,500
2017-10-10,2017,landsat,6,751.8,3817.6,0.9621,758.3,0.9979,90
2017-10-10,2017,modis,4,661.1,3836.5,0.9669,665.2,1.0,500
2017-10-26,2017,landsat,6,669.9,3659.6,0.9223,675.7,0.95,90
2017-10-26,2017,modis,4,647.4,3836.5,0.9669,651.7,1.0,500
2017-11-11,2017,landsat,4,549.2,2133.8,0.5377,552.0,0.4495,90
2017-11-11,2017,modis,4,595.2,3832.2,0.9658,599.9,0.9982,500
2017-11-27,2017,landsat,3,27.7,1056.7,0.2663,27.8,0.3191,90
2017-11-27,2017,modis,4,548.9,3520.0,0.8871,555.5,0.907,500
2017-12-13,2017,landsat,5,415.9,2219.2,0.5593,416.9,0.5489,90
2017-12-13,2017,modis,4,577.9,3791.4,0.9555,580.5,0.9938,500
2017-12-29,2017,landsat,6,590.9,3429.5,0.8643,600.6,0.7995,90
2017-12-29,2017,modis,4,510.5,3821.7,0.9631,514.4,0.9979,500
2018-01-14,2018,landsat,6,523.4,3629.3,0.9147,529.7,0.9204,90
2018-01-14,2018,modis,4,513.6,3664.9,0.9236,523.7,0.9445,500
2018-01-30,2018,landsat,3,211.9,505.2,0.1273,213.9,0.1169,90
2018-01-30,2018,modis,4,546.3,2806.0,0.7072,553.9,0.7355,500
2018-02-15,2018,landsat,6,572.2,1689.2,0.4257,578.3,0.3933,90
2018-02-15,2018,modis,4,742.0,3156.1,0.7954,762.2,0.7466,500
2018-03-03,2018,landsat,5,430.6,1306.1,0.3292,439.4,0.2813,90
2018-03-03,2018,modis,4,849.6,3509.4,0.8844,859.3,0.8618,500
2018-03-19,2018,landsat,5,542.9,1665.2,0.4197,545.5,0.3269,90
2018-03-19,2018,modis,4,797.1,3792.9,0.9559,803.6,0.9797,500
2018-04-04,2018,landsat,3,409.9,1687.4,0.4253,410.1,0.3941,90
2018-04-04,2018,modis,4,821.3,3747.0,0.9443,829.7,0.9375,500
2018-04-20,2018,landsat,6,830.9,3768.7,0.9498,837.9,0.973,90
2018-04-20,2018,modis,4,776.2,3795.0,0.9564,781.5,0.9944,500
2018-05-06,2018,landsat,5,765.0,3498.2,0.8816,771.9,0.9262,90
2018-05-06,2018,modis,4,784.9,3836.5,0.9669,789.2,0.9989,500
2018-05-22,2018,landsat,5,396.2,3460.2,0.872,401.1,0.9543,90
2018-05-22,2018,modis,4,723.2,3834.6,0.9664,727.8,0.9998,500
2018-06-07,2018,landsat,5,561.9,3486.0,0.8785,568.8,0.8874,90
2018-06-07,2018,modis,4,709.1,3822.1,0.9632,715.1,0.9907,500
2018-06-23,2018,landsat,6,655.7,3595.5,0.9061,663.0,0.9383,90
2018-06-23,2018,modis,4,700.2,3836.3,0.9668,704.3,0.9999,500
2018-07-09,2018,landsat,4,536.6,1769.2,0.4459,539.1,0.3684,90
2018-07-09,2018,modis,4,706.2,3836.5,0.9669,710.3,0.9987,500
2018-07-25,2018,landsat,5,700.4,3806.4,0.9593,707.4,0.9959,90
2018-07-25,2018,modis,4,632.6,3836.5,0.9669,636.6,1.0,500
2018-08-10,2018,landsat,6,636.3,3836.3,0.9668,643.4,1.0,90
2018-08-10,2018,modis,4,593.9,3836.5,0.9669,598.5,1.0,500
2018-08-26,2018,landsat,6,649.2,3836.2,0.9668,656.1,0.9974,90
2018-08-26,2018,modis,4,616.0,3834.3,0.9663,620.3,0.9998,500
2018-09-11,2018,landsat,5,411.3,3741.6,0.943,418.2,0.9891,90
2018-09-11,2018,modis,4,487.7,3836.5,0.9669,492.0,1.0,500
2018-09-27,2018,landsat,6,475.6,3570.5,0.8998,482.4,0.8913,90
2018-09-27,2018,modis,4,515.9,3836.5,0.9669,519.2,0.9997,500
2018-10-13,2018,landsat,5,488.5,3290.0,0.8291,493.1,0.8233,90
2018-10-13,2018,modis,4,291.5,3836.5,0.9669,295.5,1.0,500
2018-10-29,2018,landsat,6,26.9,3836.6,0.9669,33.1,0.9992,90
2018-10-29,2018,modis,4,0.0,3836.5,0.9669,3.6,1.0,500
2018-11-14,2018,landsat,6,1.1,3825.6,0.9641,7.4,0.9946,90
2018-11-14,2018,modis,4,28.1,3834.1,0.9663,34.3,0.9867,500
2018-11-30,2018,landsat,3,49.4,3255.4,0.8204,52.4,0.7679,90
2018-11-30,2018,modis,4,36.9,3524.0,0.8881,43.2,0.9201,500
2018-12-16,2018,landsat,3,39.9,103.3,0.026,40.1,0.0231,90
2018-12-16,2018,modis,4,708.8,3560.7,0.8974,724.6,0.9281,500
2019-01-01,2019,landsat,6,818.8,2649.6,0.6678,832.0,0.5427,90
2019-01-01,2019,modis,4,731.8,2666.2,0.6719,743.7,0.6281,500
2019-01-17,2019,landsat,3,13.1,717.3,0.1808,15.6,0.2049,90
2019-01-17,2019,modis,4,724.0,2715.4,0.6843,732.9,0.7166,500
2019-02-02,2019,landsat,5,385.3,1316.3,0.3317,392.3,0.349,90
2019-02-02,2019,modis,4,742.5,3546.4,0.8938,750.8,0.9247,500
2019-02-18,2019,landsat,4,536.4,2456.8,0.6192,543.1,0.7419,90
2019-02-18,2019,modis,4,891.1,3822.4,0.9633,895.4,0.9983,500
2019-03-06,2019,landsat,2,1166.1,3687.7,0.9294,1200.0,0.9309,90
2019-03-06,2019,modis,4,1083.5,3818.3,0.9623,1112.9,0.9897,500
2019-03-22,2019,landsat,5,1053.1,3372.1,0.8498,1072.1,0.8287,90
2019-03-22,2019,modis,4,1061.4,3827.4,0.9646,1072.9,0.9983,500
2019-04-07,2019,landsat,6,859.1,2398.5,0.6045,866.4,0.5471,90
2019-04-07,2019,modis,4,1026.9,3809.3,0.96,1033.1,0.9868,500
2019-04-23,2019,landsat,5,900.5,3179.6,0.8013,906.5,0.8036,90
2019-04-23,2019,modis,4,1024.0,3797.3,0.957,1029.0,0.9893,500
2019-05-09,2019,landsat,6,1051.7,3808.7,0.9599,1058.8,0.9554,90
2019-05-09,2019,modis,4,1027.4,3831.7,0.9657,1031.4,0.9994,500
2019-05-25,2019,landsat,5,1018.3,3235.4,0.8154,1022.5,0.7894,90
2019-05-25,2019,modis,4,1032.1,3834.1,0.9663,1036.7,0.9997,500
2019-06-10,2019,landsat,5,816.3,2575.2,0.649,818.9,0.6151,90
2019-06-10,2019,modis,4,1005.5,3806.4,0.9593,1009.8,0.9954,500
2019-06-26,2019,landsat,6,1054.8,3819.4,0.9625,1061.9,0.991,90
2019-06-26,2019,modis,4,1018.7,3827.4,0.9646,1022.3,0.999,500
2019-07-12,2019,landsat,5,1041.5,3836.3,0.9668,1048.6,1.0,90
2019-07-12,2019,modis,4,1019.4,3831.0,0.9655,1023.3,0.9993,500
2019-07-28,2019,landsat,6,1034.6,3835.4,0.9666,1041.8,0.9999,90
2019-07-28,2019,modis,4,1017.8,3835.8,0.9667,1022.1,0.9999,500
2019-08-13,2019,landsat,5,1036.1,3731.1,0.9403,1043.2,0.9471,90
2019-08-13,2019,modis,4,1010.2,3836.0,0.9667,1014.8,1.0,500
2019-08-29,2019,landsat,5,1042.6,3830.5,0.9654,1049.9,0.9979,90
2019-08-29,2019,modis,4,990.0,3833.4,0.9661,994.0,0.9997,500
2019-09-14,2019,landsat,6,947.8,3666.4,0.924,954.3,0.9785,90
2019-09-14,2019,modis,4,975.8,3835.8,0.9667,979.6,0.9999,500
2019-09-30,2019,landsat,6,988.5,3725.7,0.9389,995.3,0.9575,90
2019-09-30,2019,modis,4,953.7,3836.5,0.9669,957.1,1.0,500
2019-10-16,2019,landsat,6,970.1,3833.2,0.966,976.9,0.989,90
2019-10-16,2019,modis,4,928.3,3836.5,0.9669,932.8,1.0,500
2019-11-01,2019,landsat,6,723.3,3047.0,0.7679,730.0,0.7679,90
2019-11-01,2019,modis,4,905.3,3818.8,0.9624,909.8,0.9979,500
2019-11-17,2019,landsat,5,745.3,1855.6,0.4676,745.4,0.4185,90
2019-11-17,2019,modis,4,834.3,3599.2,0.907,840.7,0.939,500
2019-12-03,2019,landsat,6,769.3,2579.9,0.6502,775.3,0.6257,90
2019-12-03,2019,modis,4,882.6,3663.4,0.9232,888.9,0.9483,500
2019-12-19,2019,landsat,4,856.4,3188.9,0.8037,863.3,0.7846,90
2019-12-19,2019,modis,6,888.0,3654.4,0.921,895.4,0.9161,500
2020-01-04,2020,landsat,3,185.8,1340.7,0.3379,194.2,0.2987,90
2020-01-04,2020,modis,4,923.7,3487.6,0.8789,952.9,0.8501,500
2020-01-20,2020,landsat,2,0.0,0.0,0.0,0.0,0.0,90
2020-01-20,2020,modis,4,810.7,3202.4,0.8071,840.0,0.7395,500
2020-02-05,2020,landsat,4,34.0,118.0,0.0297,41.9,0.0474,90
2020-02-05,2020,modis,4,993.3,3729.2,0.9398,1004.2,0.9349,500
2020-02-21,2020,landsat,5,975.0,2452.2,0.618,992.5,0.5472,90
2020-02-21,2020,modis,4,980.6,3752.3,0.9456,987.3,0.9635,500
2020-03-08,2020,landsat,6,540.7,2207.0,0.5562,551.4,0.6995,90
2020-03-08,2020,modis,4,997.9,3836.3,0.9668,1005.0,0.999,500
2020-03-24,2020,landsat,6,1005.2,3778.5,0.9522,1017.4,0.9612,90
2020-03-24,2020,modis,4,985.3,3836.5,0.9669,990.6,0.9994,500
2020-04-09,2020,landsat,6,704.7,2425.8,0.6113,714.8,0.6602,90
2020-04-09,2020,modis,4,1001.0,3836.5,0.9669,1008.4,0.9987,500
2020-04-25,2020,landsat,5,995.8,3817.5,0.9621,1006.6,0.9824,90
2020-04-25,2020,modis,4,997.2,3836.5,0.9669,1003.1,1.0,500
2020-05-11,2020,landsat,6,920.8,3435.4,0.8658,929.3,0.8879,90
2020-05-11,2020,modis,4,992.6,3836.0,0.9667,999.5,0.9999,500
2020-05-27,2020,landsat,5,995.4,3700.0,0.9325,1006.8,0.9201,90
2020-05-27,2020,modis,4,988.5,3833.4,0.9661,993.5,0.9994,500
2020-06-12,2020,landsat,6,584.3,2241.8,0.565,594.5,0.5926,90
2020-06-12,2020,modis,4,999.3,3836.0,0.9667,1004.8,0.9999,500
2020-06-28,2020,landsat,6,1013.7,3780.4,0.9527,1025.4,0.9641,90
2020-06-28,2020,modis,4,995.5,3833.1,0.966,1001.0,0.9996,500
2020-07-14,2020,landsat,5,1020.4,3827.2,0.9645,1030.9,0.9778,90
2020-07-14,2020,modis,4,992.6,3833.6,0.9661,996.6,0.9978,500
2020-07-30,2020,landsat,5,963.9,3591.1,0.905,975.9,0.9539,90
2020-07-30,2020,modis,4,994.8,3835.1,0.9665,1000.7,0.9999,500
2020-08-15,2020,landsat,6,1007.5,3618.6,0.9119,1016.7,0.881,90
2020-08-15,2020,modis,4,962.8,3822.8,0.9634,967.6,0.9985,500
2020-08-31,2020,landsat,5,1006.9,3830.9,0.9655,1016.2,0.9984,90
2020-08-31,2020,modis,4,964.8,3829.3,0.965,971.7,0.9992,500
2020-09-16,2020,landsat,6,982.2,3677.2,0.9267,987.3,0.9498,90
2020-09-16,2020,modis,4,922.3,3810.8,0.9604,927.3,0.9971,500
2020-10-02,2020,landsat,6,989.4,3824.3,0.9638,998.6,0.995,90
2020-10-02,2020,modis,4,925.5,3829.5,0.9651,930.0,0.9992,500
2020-10-18,2020,landsat,6,969.6,3648.7,0.9195,977.0,0.9142,90
2020-10-18,2020,modis,4,906.9,3833.4,0.9661,911.0,0.9997,500
2020-11-03,2020,landsat,5,916.1,3323.1,0.8375,920.7,0.7703,90
2020-11-03,2020,modis,4,889.2,3835.5,0.9666,893.0,0.9999,500
2020-11-19,2020,landsat,6,938.9,3794.9,0.9564,945.1,0.9793,90
2020-11-19,2020,modis,4,894.5,3829.5,0.9651,897.6,0.9989,500
2020-12-05,2020,landsat,5,809.7,3508.7,0.8843,815.3,0.937,90
2020-12-05,2020,modis,4,850.1,3771.9,0.9506,853.8,0.9841,500
2020-12-21,2020,landsat,6,914.6,2883.1,0.7266,919.5,0.6099,90
2020-12-21,2020,modis,4,882.9,3626.0,0.9138,891.1,0.9282,500
2021-01-06,2021,landsat,6,801.2,2669.6,0.6728,810.5,0.6656,90
2021-01-06,2021,modis,4,891.1,3288.9,0.8289,905.6,0.8512,500
2021-01-22,2021,landsat,3,882.2,2326.8,0.5864,886.7,0.4135,90
2021-01-22,2021,modis,4,884.3,3578.2,0.9018,895.3,0.9306,500
2021-02-07,2021,landsat,6,385.3,1852.0,0.4667,387.7,0.3958,90
2021-02-07,2021,modis,4,849.3,3077.6,0.7756,856.8,0.7769,500
2021-02-23,2021,landsat,2,82.9,265.7,0.067,82.9,0.0358,90
2021-02-23,2021,modis,4,931.9,3181.2,0.8017,949.6,0.6854,500
2021-03-11,2021,landsat,6,900.5,2766.1,0.6971,912.6,0.5941,90
2021-03-11,2021,modis,4,948.8,3792.4,0.9558,956.7,0.9515,500
2021-03-27,2021,landsat,6,777.9,2605.2,0.6566,793.8,0.7056,90
2021-03-27,2021,modis,4,938.8,3833.1,0.966,941.9,0.9961,500
2021-04-12,2021,landsat,3,389.5,1510.1,0.3806,393.8,0.3673,90
2021-04-12,2021,modis,4,946.7,3825.2,0.964,952.0,0.9964,500
2021-04-28,2021,landsat,5,733.6,2506.1,0.6316,739.7,0.6344,90
2021-04-28,2021,modis,4,954.2,3835.8,0.9667,958.2,0.9984,500
2021-05-14,2021,landsat,4,781.4,3274.4,0.8252,786.9,0.8191,90
2021-05-14,2021,modis,4,961.1,3836.5,0.9669,966.6,1.0,500
2021-05-30,2021,landsat,6,966.2,3769.8,0.9501,974.0,0.9597,90
2021-05-30,2021,modis,4,946.0,3824.5,0.9638,951.3,0.9955,500
2021-06-15,2021,landsat,6,856.3,3687.0,0.9292,864.7,0.9413,90
2021-06-15,2021,modis,4,950.3,3834.8,0.9664,955.1,0.9997,500
2021-07-01,2021,landsat,5,922.4,3751.0,0.9453,931.8,0.986,90
2021-07-01,2021,modis,4,958.1,3831.9,0.9657,962.3,0.9995,500
2021-07-17,2021,landsat,2,903.8,3299.7,0.8316,918.0,0.7541,90
2021-07-17,2021,modis,4,953.9,3835.1,0.9665,958.0,0.9999,500
2021-08-02,2021,landsat,6,951.8,3804.5,0.9588,960.2,0.9926,90
2021-08-02,2021,modis,4,953.0,3832.9,0.966,956.8,0.9996,500
2021-08-18,2021,landsat,5,981.0,3833.0,0.966,989.2,0.9945,90
2021-08-18,2021,modis,4,931.2,3833.9,0.9662,936.0,0.9997,500
2021-09-03,2021,landsat,5,901.2,2857.0,0.72,903.8,0.6225,90
2021-09-03,2021,modis,4,925.5,3830.5,0.9654,931.1,0.9993,500
2021-09-19,2021,landsat,5,742.2,2882.9,0.7265,743.2,0.6602,90
2021-09-19,2021,modis,4,916.4,3835.5,0.9666,920.6,0.9999,500
2021-10-05,2021,landsat,6,969.7,3746.3,0.9441,993.8,0.9245,90
2021-10-05,2021,modis,4,907.9,3835.5,0.9666,912.9,0.9999,500
2021-10-21,2021,landsat,5,925.0,3589.5,0.9046,933.0,0.9033,90
2021-10-21,2021,modis,4,876.1,3820.9,0.9629,881.3,0.9982,500
2021-11-06,2021,landsat,12,938.2,3836.6,0.9669,946.1,1.0,90
2021-11-06,2021,modis,4,862.8,3829.6,0.9651,866.6,0.9992,500
2021-11-22,2021,landsat,6,935.4,3822.8,0.9634,942.7,0.983,90
2021-11-22,2021,modis,4,849.4,3836.3,0.9668,853.2,0.9999,500
2021-12-08,2021,landsat,9,867.9,3835.7,0.9666,875.4,0.9953,90
2021-12-08,2021,modis,4,808.9,3814.2,0.9612,814.1,0.9948,500
2021-12-24,2021,landsat,9,855.1,3696.4,0.9315,861.8,0.9544,90
2021-12-24,2021,modis,4,652.0,3603.3,0.9081,656.8,0.9703,500
2022-01-09,2022,landsat,3,603.8,2107.1,0.531,604.2,0.4049,90
2022-01-09,2022,modis,4,875.5,3669.1,0.9247,891.8,0.951,500
2022-01-25,2022,landsat,4,615.1,2338.6,0.5894,640.6,0.6275,90
2022-01-25,2022,modis,4,949.0,3823.4,0.9636,983.1,0.9819,500
2022-02-10,2022,landsat,6,613.1,2260.9,0.5698,638.7,0.5827,90
2022-02-10,2022,modis,4,940.5,3129.9,0.7888,975.8,0.7463,500
2022-02-26,2022,landsat,8,877.2,3326.5,0.8383,894.3,0.8427,90
2022-02-26,2022,modis,4,947.4,3829.5,0.9651,960.4,0.997,500
2022-03-14,2022,landsat,5,921.9,2806.3,0.7072,955.8,0.6098,90
2022-03-14,2022,modis,4,1026.3,3654.5,0.921,1064.7,0.9416,500
2022-03-30,2022,landsat,7,888.0,2341.5,0.5901,909.6,0.6331,90
2022-03-30,2022,modis,3,962.0,3372.2,0.8498,985.8,0.7914,500
2022-04-15,2022,landsat,6,802.1,2593.5,0.6536,815.6,0.6743,90
2022-04-15,2022,modis,4,998.6,3684.5,0.9286,1010.3,0.9407,500
2022-05-01,2022,landsat,10,1036.5,3836.6,0.9669,1051.0,1.0,90
2022-05-01,2022,modis,4,1027.6,3836.3,0.9668,1037.8,1.0,500
2022-05-17,2022,landsat,10,1014.4,3671.2,0.9252,1042.4,0.9503,90
2022-05-17,2022,modis,4,1044.2,3835.5,0.9666,1069.6,0.999,500
2022-06-02,2022,landsat,9,960.0,3445.6,0.8683,975.6,0.7933,90
2022-06-02,2022,modis,4,1042.0,3817.8,0.9621,1058.6,0.9887,500
2022-06-18,2022,landsat,5,610.4,1868.9,0.471,613.9,0.3338,90
2022-06-18,2022,modis,4,1009.9,3558.9,0.8969,1017.7,0.8792,500
2022-07-04,2022,landsat,9,1056.8,3816.5,0.9618,1074.0,0.9777,90
2022-07-04,2022,modis,4,1029.7,3827.2,0.9645,1037.9,0.9932,500
2022-07-20,2022,landsat,9,1051.2,3704.5,0.9336,1058.9,0.8951,90
2022-07-20,2022,modis,4,1028.5,3831.5,0.9656,1036.4,0.9973,500
2022-08-05,2022,landsat,10,1053.4,3834.6,0.9664,1070.8,0.9934,90
2022-08-05,2022,modis,4,1020.7,3833.9,0.9662,1028.8,0.9997,500
2022-08-21,2022,landsat,9,1064.8,3830.9,0.9655,1080.2,0.9987,90
2022-08-21,2022,modis,4,1011.1,3828.4,0.9648,1019.9,0.9991,500
2022-09-06,2022,landsat,7,1054.5,3831.7,0.9657,1067.2,0.9948,90
2022-09-06,2022,modis,4,1010.2,3834.8,0.9664,1018.2,0.9998,500
2022-09-22,2022,landsat,10,1043.6,3817.0,0.962,1056.8,0.9951,90
2022-09-22,2022,modis,4,997.0,3831.5,0.9656,1006.0,0.9994,500
2022-10-08,2022,landsat,9,1025.6,3671.7,0.9253,1034.6,0.9789,90
2022-10-08,2022,modis,4,965.5,3774.6,0.9513,972.9,0.9887,500
2022-10-24,2022,landsat,9,1031.3,3834.1,0.9663,1041.5,0.9997,90
2022-10-24,2022,modis,4,954.6,3814.4,0.9613,961.1,0.9975,500
2022-11-09,2022,landsat,10,989.4,3492.3,0.8801,1001.6,0.926,90
2022-11-09,2022,modis,4,905.8,3770.3,0.9502,913.4,0.9918,500
2022-11-25,2022,landsat,9,1009.1,3834.2,0.9663,1018.8,0.9933,90
2022-11-25,2022,modis,4,917.0,3806.5,0.9593,923.2,0.996,500
2022-12-11,2022,landsat,6,900.4,3294.8,0.8303,908.2,0.7957,90
2022-12-11,2022,modis,4,904.4,3357.5,0.8461,916.0,0.8889,500
2022-12-27,2022,landsat,5,1057.5,3720.8,0.9377,1072.7,0.9283,90
2022-12-27,2022,modis,6,953.4,3738.7,0.9422,964.5,0.9468,500
2023-01-12,2023,landsat,8,510.6,1717.5,0.4328,526.8,0.5488,90
2023-01-12,2023,modis,4,1033.5,3569.8,0.8996,1050.3,0.8425,500
2023-01-28,2023,landsat,9,716.2,2407.4,0.6067,725.3,0.5056,90
2023-01-28,2023,modis,4,773.2,2591.1,0.653,786.1,0.6553,500
2023-02-13,2023,landsat,6,1216.1,3825.6,0.9641,1259.4,0.9903,90
2023-02-13,2023,modis,4,1074.3,3822.2,0.9632,1096.8,0.9957,500
2023-03-01,2023,landsat,7,925.8,2889.8,0.7283,934.2,0.6755,90
2023-03-01,2023,modis,4,1226.9,2990.6,0.7537,1248.7,0.6546,500
2023-03-17,2023,landsat,5,1056.9,1982.5,0.4996,1075.1,0.4184,90
2023-03-17,2023,modis,4,1806.0,3693.1,0.9307,1826.2,0.9478,500
2023-04-02,2023,landsat,9,1814.5,3419.9,0.8619,1848.4,0.7716,90
2023-04-02,2023,modis,4,1846.5,3758.4,0.9472,1877.9,0.9612,500
2023-04-18,2023,landsat,8,1864.1,3538.0,0.8916,1892.7,0.8218,90
2023-04-18,2023,modis,4,1908.8,3833.6,0.9661,1931.2,0.9997,500
2023-05-04,2023,landsat,8,1852.6,3767.2,0.9494,1879.7,0.9905,90
2023-05-04,2023,modis,4,1903.6,3836.3,0.9668,1922.8,1.0,500
2023-05-20,2023,landsat,11,1900.6,3826.2,0.9643,1931.1,0.9978,90
2023-05-20,2023,modis,4,1873.0,3817.6,0.9621,1890.6,0.9979,500
2023-06-05,2023,landsat,10,1911.0,3836.6,0.9669,1931.6,1.0,90
2023-06-05,2023,modis,4,1867.5,3811.1,0.9605,1884.0,0.9971,500
2023-06-21,2023,landsat,8,1899.3,3824.8,0.9639,1917.8,0.9969,90
2023-06-21,2023,modis,4,1849.9,3794.6,0.9563,1865.3,0.9952,500
2023-07-07,2023,landsat,10,1918.7,3830.4,0.9653,1937.3,0.9973,90
2023-07-07,2023,modis,4,1871.6,3789.5,0.955,1888.1,0.9942,500
2023-07-23,2023,landsat,9,1939.0,3836.6,0.9669,1961.5,1.0,90
2023-07-23,2023,modis,4,1893.7,3815.4,0.9615,1910.1,0.9976,500
2023-08-08,2023,landsat,8,1919.2,3772.2,0.9506,1937.4,0.9462,90
2023-08-08,2023,modis,4,1847.2,3782.1,0.9531,1862.6,0.9937,500
2023-08-24,2023,landsat,10,1941.6,3836.4,0.9668,1969.2,0.9997,90
2023-08-24,2023,modis,4,1787.9,3724.8,0.9387,1803.4,0.9872,500
2023-09-09,2023,landsat,10,1933.6,3836.6,0.9669,1953.3,1.0,90
2023-09-09,2023,modis,4,1882.8,3827.9,0.9647,1898.4,0.999,500
2023-09-25,2023,landsat,7,299.8,786.9,0.1983,311.9,0.3714,90
2023-09-25,2023,modis,4,1873.6,3836.5,0.9669,1887.4,1.0,500
2023-10-11,2023,landsat,8,1812.5,3768.9,0.9498,1831.2,0.9897,90
2023-10-11,2023,modis,4,1846.8,3818.0,0.9622,1858.6,0.9979,500
2023-10-27,2023,landsat,6,1883.2,3824.0,0.9637,1899.9,0.9972,90
2023-10-27,2023,modis,4,1830.1,3820.2,0.9628,1843.2,0.9981,500
2023-11-12,2023,landsat,12,1897.2,3828.9,0.965,1914.0,0.9794,90
2023-11-12,2023,modis,4,1850.5,3826.7,0.9644,1864.6,0.9989,500
2023-11-28,2023,landsat,8,1664.1,3341.0,0.842,1680.6,0.7955,90
2023-11-28,2023,modis,4,1856.0,3818.5,0.9623,1869.9,0.9938,500
2023-12-14,2023,landsat,10,1668.8,3373.1,0.8501,1688.1,0.8597,90
2023-12-14,2023,modis,4,1624.7,3240.3,0.8166,1657.1,0.7658,500
2023-12-30,2023,landsat,6,688.3,1340.1,0.3377,690.8,0.2328,90
2023-12-30,2023,modis,4,1570.5,2785.5,0.702,1598.9,0.5854,500
2024-01-15,2024,landsat,5,1592.5,3024.9,0.7623,1610.4,0.6982,90
2024-01-15,2024,modis,4,1864.0,3812.9,0.9609,1881.1,0.9801,500
2024-01-31,2024,landsat,6,620.2,1448.5,0.3651,625.1,0.4495,90
2024-01-31,2024,modis,4,1859.3,3776.3,0.9517,1874.4,0.9792,500
2024-02-16,2024,landsat,6,1656.3,3332.0,0.8397,1672.8,0.8181,90
2024-02-16,2024,modis,4,1792.2,3714.7,0.9362,1806.6,0.9725,500
2024-03-03,2024,landsat,5,1827.1,3468.6,0.8741,1846.0,0.8163,90
2024-03-03,2024,modis,4,1833.5,3801.0,0.9579,1847.4,0.9922,500
2024-03-19,2024,landsat,6,1090.2,2041.1,0.5144,1102.1,0.5144,90
2024-03-19,2024,modis,4,1790.7,3712.3,0.9356,1807.6,0.9381,500
2024-04-04,2024,landsat,5,936.1,1883.8,0.4747,952.0,0.5097,90
2024-04-04,2024,modis,4,1837.1,3799.3,0.9575,1851.4,0.9838,500
2024-04-20,2024,landsat,6,1701.5,3106.7,0.7829,1712.9,0.7493,90
2024-04-20,2024,modis,4,1852.8,3831.2,0.9655,1867.0,0.9994,500
2024-05-06,2024,landsat,6,1879.0,3768.6,0.9498,1895.2,0.9364,90
2024-05-06,2024,modis,4,1839.1,3821.9,0.9632,1851.4,0.9958,500
2024-05-22,2024,landsat,5,1861.8,3774.6,0.9513,1877.9,0.9658,90
2024-05-22,2024,modis,4,1805.8,3790.0,0.9551,1819.7,0.9947,500
2024-06-07,2024,landsat,6,1873.6,3836.6,0.9669,1890.1,0.9974,90
2024-06-07,2024,modis,4,1830.3,3808.9,0.9599,1842.3,0.9914,500
2024-06-23,2024,landsat,6,413.7,790.0,0.1991,413.7,0.1388,90
2024-06-23,2024,modis,4,1789.4,3777.3,0.9519,1803.4,0.9928,500
2024-07-09,2024,landsat,6,1868.8,3836.6,0.9669,1885.6,0.9991,90
2024-07-09,2024,modis,4,1809.3,3805.6,0.9591,1822.4,0.9964,500
2024-07-25,2024,landsat,6,1863.9,3836.6,0.9669,1880.4,1.0,90
2024-07-25,2024,modis,4,1791.1,3791.4,0.9555,1804.2,0.9948,500
2024-08-10,2024,landsat,6,1860.2,3836.6,0.9669,1876.3,1.0,90
2024-08-10,2024,modis,4,1817.7,3829.3,0.965,1831.3,0.9992,500
2024-08-26,2024,landsat,6,1852.6,3834.4,0.9663,1868.8,0.9971,90
2024-08-26,2024,modis,4,1806.4,3822.8,0.9634,1819.5,0.9984,500
2024-09-11,2024,landsat,6,1848.3,3836.6,0.9669,1864.2,1.0,90
2024-09-11,2024,modis,4,1795.6,3833.1,0.966,1808.5,0.9996,500
2024-09-27,2024,landsat,4,1827.2,3819.9,0.9627,1843.1,0.9981,90
2024-09-27,2024,modis,4,1787.9,3826.9,0.9644,1800.8,0.9989,500
2024-10-13,2024,landsat,6,1778.4,3765.7,0.949,1794.8,0.9849,90
2024-10-13,2024,modis,4,1729.2,3803.9,0.9586,1740.4,0.9963,500
2024-10-29,2024,landsat,6,1781.3,3804.6,0.9588,1797.2,0.9943,90
2024-10-29,2024,modis,4,1675.3,3734.9,0.9412,1689.1,0.988,500
2024-11-14,2024,landsat,6,1799.3,3776.0,0.9516,1814.8,0.9538,90
2024-11-14,2024,modis,4,1752.6,3834.3,0.9663,1766.0,0.9994,500
2024-11-30,2024,landsat,5,1484.9,2970.3,0.7486,1487.7,0.6353,90
2024-11-30,2024,modis,4,1755.3,3834.1,0.9663,1769.4,0.9996,500
2024-12-16,2024,landsat,4,1505.7,3377.2,0.8511,1517.6,0.8513,90
2024-12-16,2024,modis,4,1652.7,3742.2,0.9431,1665.5,0.9856,500
