photo,session_id,date,model,cover_class_reviewed,toponym,lon,lat,method,positional_uncertainty,source,dgps_lon,dgps_lat
CIMG1312.JPG,1,2011-01-01,EX-Z1000,dry vegetation / exposed lakebed,,,,unresolved,,,,
CIMG1316.JPG,1,2011-01-01,EX-Z1000,dry vegetation / exposed lakebed,,,,unresolved,,,,
CIMG1317.JPG,1,2011-01-01,EX-Z1000,dry vegetation / exposed lakebed,,,,unresolved,,,,
CIMG1323.JPG,1,2011-01-01,EX-Z1000,dry vegetation / exposed lakebed,,,,unresolved,,,,
CIMG1325.JPG,1,2011-01-01,EX-Z1000,dry vegetation / exposed lakebed,,,,unresolved,,,,
CIMG1326-001.JPG,1,2011-01-01,EX-Z1000,dry vegetation / exposed lakebed,,,,unresolved,,,,
CIMG1329.JPG,1,2011-01-01,EX-Z1000,dry vegetation / exposed lakebed,,,,unresolved,,,,
Zimbo 1.JPG,1,2011-01-01,EX-Z1000,dry vegetation / exposed lakebed,,,,unresolved,,,,
CIMG1333 (1).JPG,1,2011-01-01,EX-Z1000,dry vegetation / exposed lakebed,,,,unresolved,,,,
CIMG1333.JPG,1,2011-01-01,EX-Z1000,dry vegetation / exposed lakebed,,,,unresolved,,,,
CIMG1339.JPG,1,2011-01-01,EX-Z1000,dry vegetation / exposed lakebed,,,,unresolved,,,,
Marshtearoom-001.jpg,1,2011-01-01,EX-Z1000,dry vegetation / exposed lakebed,,,,unresolved,,,,
Zimbo 2.JPG,1,2011-01-01,EX-Z1000,dry vegetation / exposed lakebed,,,,unresolved,,,,
CIMG1340.JPG,1,2011-01-01,EX-Z1000,dry vegetation / exposed lakebed,,,,unresolved,,,,
CIMG1341.JPG,1,2011-01-01,EX-Z1000,dry vegetation / exposed lakebed,,,,unresolved,,,,
CIMG1348.JPG,1,2011-01-01,EX-Z1000,dry vegetation / exposed lakebed,,,,unresolved,,,,
sunset.jpg,1,2011-01-01,EX-Z1000,dry vegetation / exposed lakebed,,,,unresolved,,,,
CIMG1362-001.jpg,2,2011-01-10,EX-Z1000,open water,,,,unresolved,,,,
CIMG1364-001 (1).jpg,2,2011-01-10,EX-Z1000,open water,,,,unresolved,,,,
CIMG1364-001.jpg,2,2011-01-10,EX-Z1000,open water,,,,unresolved,,,,
CIMG1368-001.jpg,3,2011-01-11,EX-Z1000,flooded vegetation,,,,unresolved,,,,
landcanoe.jpg,4,2011-12-21,EX-Z1000,open water,,,,unresolved,,,,
fishtrap.jpg,4,2011-12-21,EX-Z1000,open water,,,,unresolved,,,,
Multiple fish fences and fish traps at Phaloni 1.JPG,5,2012-02-20,DSC-S5000,flooded vegetation,Phaloni,35.6984,-15.5721,toponym in filename,5 km,on the Sombani; river mouth as proxy,,
"Multiple fish fences and fish traps, Phaloni.JPG",5,2012-02-20,DSC-S5000,flooded vegetation,Phaloni,35.6984,-15.5721,toponym in filename,5 km,on the Sombani; river mouth as proxy,,
Sombani River at Phaloni.JPG,5,2012-02-20,DSC-S5000,flooded vegetation,Phaloni; Sombani River,35.6984,-15.5721,toponym in filename,5 km,on the Sombani; river mouth as proxy,,
Multiple fish fences and fish traps.JPG,5,2012-02-20,DSC-S5000,flooded vegetation,,,,unresolved,,,,
Checking fish trap.JPG,5,2012-02-20,DSC-S5000,flooded vegetation,,,,unresolved,,,,
Selling fresh Matemba at Phaloni.JPG,5,2012-02-20,DSC-S5000,flooded vegetation,Phaloni,35.6984,-15.5721,toponym in filename,5 km,on the Sombani; river mouth as proxy,,
Trapping Matemba at Phaloni.JPG,5,2012-02-20,DSC-S5000,flooded vegetation,Phaloni,35.6984,-15.5721,toponym in filename,5 km,on the Sombani; river mouth as proxy,,
Mosquito net.JPG,5,2012-02-20,DSC-S5000,flooded vegetation,,,,unresolved,,,,
Smoked Njolinjo.JPG,5,2012-02-20,DSC-S5000,flooded vegetation,,,,unresolved,,,,
Drying Matemba at Phaloni plus JW & Gibson.JPG,5,2012-02-20,DSC-S5000,flooded vegetation,Phaloni,35.6984,-15.5721,toponym in filename,5 km,on the Sombani; river mouth as proxy,,
CIMG1804-001.jpg,6,2012-02-22,EX-Z1000,open water,,,,unresolved,,,,
marshman-001.jpg,6,2012-02-22,EX-Z1000,open water,,,,unresolved,,,,
marshman.jpg,6,2012-02-22,EX-Z1000,open water,,,,unresolved,,,,
CIMG1808-001.jpg,6,2012-02-22,EX-Z1000,open water,,,,unresolved,,,,
CIMG1809-001.jpg,6,2012-02-22,EX-Z1000,open water,,,,unresolved,,,,
CIMG1816 2.JPG,6,2012-02-22,EX-Z1000,open water,,,,unresolved,,,,
CIMG1816-001(1).jpg,6,2012-02-22,EX-Z1000,open water,,,,unresolved,,,,
CIMG1816-001(2).jpg,6,2012-02-22,EX-Z1000,open water,,,,unresolved,,,,
CIMG1816-001.jpg,6,2012-02-22,EX-Z1000,open water,,,,unresolved,,,,
CIMG1816.jpg,6,2012-02-22,EX-Z1000,open water,,,,unresolved,,,,
CIMG1817 2.JPG,6,2012-02-22,EX-Z1000,open water,,,,unresolved,,,,
pushboat-001.jpg,6,2012-02-22,EX-Z1000,open water,,,,unresolved,,,,
pushboat.jpg,6,2012-02-22,EX-Z1000,open water,,,,unresolved,,,,
CIMG1821-001.jpg,6,2012-02-22,EX-Z1000,open water,,,,unresolved,,,,
CIMG1824-001 (1).jpg,6,2012-02-22,EX-Z1000,open water,,,,unresolved,,,,
CIMG1824-001.jpg,6,2012-02-22,EX-Z1000,open water,,,,unresolved,,,,
CIMG1827.jpg,6,2012-02-22,EX-Z1000,open water,,,,unresolved,,,,
CIMG1832-001.jpg,6,2012-02-22,EX-Z1000,open water,,,,unresolved,,,,
Zambia fishing camp.jpg,6,2012-02-22,EX-Z1000,open water,Zambia fishing camp,,,"toponym found, no gazetteer entry",,Zambia fishing camp,,
CIMG1834-001.jpg,6,2012-02-22,EX-Z1000,open water,,,,unresolved,,,,
CIMG1835-001.jpg,6,2012-02-22,EX-Z1000,open water,,,,unresolved,,,,
CIMG1836 (1).jpg,6,2012-02-22,EX-Z1000,open water,,,,unresolved,,,,
CIMG1836.jpg,6,2012-02-22,EX-Z1000,open water,,,,unresolved,,,,
CIMG1838-001.jpg,6,2012-02-22,EX-Z1000,open water,,,,unresolved,,,,
Mr Zambia Zimbo.jpg,6,2012-02-22,EX-Z1000,open water,Zambia fishing camp,,,"toponym found, no gazetteer entry",,Zambia fishing camp,,
CIMG1842-001.jpg,6,2012-02-22,EX-Z1000,open water,,,,unresolved,,,,
CIMG1843-001.jpg,6,2012-02-22,EX-Z1000,open water,,,,unresolved,,,,
CIMG1844-001 (2).jpg,6,2012-02-22,EX-Z1000,open water,,,,unresolved,,,,
CIMG1844-001(1).jpg,6,2012-02-22,EX-Z1000,open water,,,,unresolved,,,,
CIMG1844-001.jpg,6,2012-02-22,EX-Z1000,open water,,,,unresolved,,,,
CIMG1844.jpg,6,2012-02-22,EX-Z1000,open water,,,,unresolved,,,,
Zimbowere through reeds.jpg,6,2012-02-22,EX-Z1000,open water,,,,unresolved,,,,
CIMG1845 2.JPG,6,2012-02-22,EX-Z1000,open water,,,,unresolved,,,,
CIMG1846-001.jpg,6,2012-02-22,EX-Z1000,open water,,,,unresolved,,,,
CIMG1846.jpg,6,2012-02-22,EX-Z1000,open water,,,,unresolved,,,,
Zimbowera through reeds distant.jpg,6,2012-02-22,EX-Z1000,open water,,,,unresolved,,,,
CIMG1847 2.JPG,6,2012-02-22,EX-Z1000,open water,,,,unresolved,,,,
CIMG1847-001.jpg,6,2012-02-22,EX-Z1000,open water,,,,unresolved,,,,
CIMG1847.jpg,6,2012-02-22,EX-Z1000,open water,,,,unresolved,,,,
CIMG1848 2.JPG,6,2012-02-22,EX-Z1000,open water,,,,unresolved,,,,
CIMG1857.jpg,6,2012-02-22,EX-Z1000,open water,,,,unresolved,,,,
CIMG1858.jpg,6,2012-02-22,EX-Z1000,open water,,,,unresolved,,,,
CIMG1866.jpg,6,2012-02-22,EX-Z1000,open water,,,,unresolved,,,,
CIMG1882.JPG,7,2012-02-25,EX-Z1000,flooded cropland (rice paddy),,,,unresolved,,,,
CIMG1901(1).JPG,8,2012-02-28,EX-Z1000,settlement / market,,,,unresolved,,,,
CIMG1901.JPG,8,2012-02-28,EX-Z1000,settlement / market,,,,unresolved,,,,
CIMG1902.JPG,8,2012-02-28,EX-Z1000,settlement / market,,,,unresolved,,,,
CIMG1954-001(1).jpg,9,2012-03-21,EX-Z1000,open water,,,,unresolved,,,,
CIMG1954-001.jpg,9,2012-03-21,EX-Z1000,open water,,,,unresolved,,,,
CIMG1965.jpg,9,2012-03-21,EX-Z1000,open water,,,,unresolved,,,,
CIMG1966-001.jpg,9,2012-03-21,EX-Z1000,open water,,,,unresolved,,,,
CIMG1999-001.jpg,10,2012-03-27,EX-Z1000,settlement / processing,,,,unresolved,,,,
CIMG2005-001.jpg,10,2012-03-27,EX-Z1000,settlement / processing,,,,unresolved,,,,
CIMG2006-001.jpg,10,2012-03-27,EX-Z1000,settlement / processing,,,,unresolved,,,,
CIMG2007-001.jpg,10,2012-03-28,EX-Z1000,settlement / processing,,,,unresolved,,,,
CIMG2008.JPG,10,2012-03-28,EX-Z1000,settlement / processing,,,,unresolved,,,,
CIMG2013-001.jpg,10,2012-03-28,EX-Z1000,settlement / processing,,,,unresolved,,,,
fishhead-001.jpg,10,2012-03-28,EX-Z1000,settlement / processing,,,,unresolved,,,,
fishhead.jpg,10,2012-03-28,EX-Z1000,settlement / processing,,,,unresolved,,,,
CIMG2021-001.jpg,10,2012-03-28,EX-Z1000,settlement / processing,,,,unresolved,,,,
CIMG2027.JPG,10,2012-03-28,EX-Z1000,settlement / processing,,,,unresolved,,,,
CIMG2029.jpg,10,2012-03-28,EX-Z1000,settlement / processing,,,,unresolved,,,,
CIMG2031.JPG,10,2012-03-28,EX-Z1000,settlement / processing,,,,unresolved,,,,
CIMG2032-001.jpg,10,2012-03-28,EX-Z1000,settlement / processing,,,,unresolved,,,,
CIMG2033.JPG,10,2012-03-28,EX-Z1000,settlement / processing,,,,unresolved,,,,
CIMG2036.JPG,10,2012-03-28,EX-Z1000,settlement / processing,,,,unresolved,,,,
CIMG2037.JPG,10,2012-03-28,EX-Z1000,settlement / processing,,,,unresolved,,,,
CIMG2039.JPG,10,2012-03-28,EX-Z1000,settlement / processing,,,,unresolved,,,,
CIMG2043-001.jpg,10,2012-03-28,EX-Z1000,settlement / processing,,,,unresolved,,,,
CIMG2047-001.jpg,10,2012-03-28,EX-Z1000,settlement / processing,,,,unresolved,,,,
CIMG2055-001.jpg,10,2012-03-28,EX-Z1000,settlement / processing,,,,unresolved,,,,
CIMG2057.jpg,10,2012-03-28,EX-Z1000,settlement / processing,,,,unresolved,,,,
CIMG2068.jpg,10,2012-03-28,EX-Z1000,settlement / processing,,,,unresolved,,,,
CIMG2070-001.jpg,10,2012-03-28,EX-Z1000,settlement / processing,,,,unresolved,,,,
CIMG2071-001.jpg,10,2012-03-28,EX-Z1000,settlement / processing,,,,unresolved,,,,
CIMG2076-001.jpg,10,2012-03-28,EX-Z1000,settlement / processing,,,,unresolved,,,,
CIMG2080.jpg,10,2012-03-28,EX-Z1000,settlement / processing,,,,unresolved,,,,
CIMG2085.JPG,10,2012-03-28,EX-Z1000,settlement / processing,,,,unresolved,,,,
CIMG2086.JPG,10,2012-03-28,EX-Z1000,settlement / processing,,,,unresolved,,,,
CIMG2089-001.jpg,10,2012-03-28,EX-Z1000,settlement / processing,,,,unresolved,,,,
CIMG2090-001.jpg,10,2012-03-28,EX-Z1000,settlement / processing,,,,unresolved,,,,
CIMG2091-001.jpg,10,2012-03-28,EX-Z1000,settlement / processing,,,,unresolved,,,,
CIMG2092.JPG,10,2012-03-28,EX-Z1000,settlement / processing,,,,unresolved,,,,
CIMG2094.JPG,10,2012-03-28,EX-Z1000,settlement / processing,,,,unresolved,,,,
CIMG2106-001.jpg,10,2012-03-28,EX-Z1000,settlement / processing,,,,unresolved,,,,
CIMG2106.jpg,10,2012-03-28,EX-Z1000,settlement / processing,,,,unresolved,,,,
CIMG2107.JPG,10,2012-03-28,EX-Z1000,settlement / processing,,,,unresolved,,,,
CIMG2108.JPG,10,2012-03-28,EX-Z1000,settlement / processing,,,,unresolved,,,,
CIMG2109-001.jpg,10,2012-03-28,EX-Z1000,settlement / processing,,,,unresolved,,,,
CIMG2111-001.jpg,10,2012-03-28,EX-Z1000,settlement / processing,,,,unresolved,,,,
CIMG2115.JPG,10,2012-03-28,EX-Z1000,settlement / processing,,,,unresolved,,,,
CIMG2116.JPG,10,2012-03-28,EX-Z1000,settlement / processing,,,,unresolved,,,,
CIMG2118-001.jpg,10,2012-03-28,EX-Z1000,settlement / processing,,,,unresolved,,,,
CIMG2118.jpg,10,2012-03-28,EX-Z1000,settlement / processing,,,,unresolved,,,,
CIMG2119 2.JPG,10,2012-03-28,EX-Z1000,settlement / processing,,,,unresolved,,,,
CIMG2119-001.jpg,10,2012-03-28,EX-Z1000,settlement / processing,,,,unresolved,,,,
CIMG2125.JPG,10,2012-03-28,EX-Z1000,settlement / processing,,,,unresolved,,,,
CIMG2130-001.jpg,10,2012-03-28,EX-Z1000,settlement / processing,,,,unresolved,,,,
CIMG2130.jpg,10,2012-03-28,EX-Z1000,settlement / processing,,,,unresolved,,,,
CIMG2133-001.jpg,10,2012-03-28,EX-Z1000,settlement / processing,,,,unresolved,,,,
CIMG2134-001(1).jpg,10,2012-03-28,EX-Z1000,settlement / processing,,,,unresolved,,,,
CIMG2134-001.jpg,10,2012-03-28,EX-Z1000,settlement / processing,,,,unresolved,,,,
CIMG2134.jpg,10,2012-03-28,EX-Z1000,settlement / processing,,,,unresolved,,,,
CIMG2135.JPG,10,2012-03-28,EX-Z1000,settlement / processing,,,,unresolved,,,,
CIMG2136(1).JPG,10,2012-03-28,EX-Z1000,settlement / processing,,,,unresolved,,,,
CIMG2136.JPG,10,2012-03-28,EX-Z1000,settlement / processing,,,,unresolved,,,,
CIMG2137.JPG,10,2012-03-28,EX-Z1000,settlement / processing,,,,unresolved,,,,
CIMG2138.JPG,10,2012-03-28,EX-Z1000,settlement / processing,,,,unresolved,,,,
CIMG2143.JPG,10,2012-03-28,EX-Z1000,settlement / processing,,,,unresolved,,,,
CIMG2144-001(1).jpg,10,2012-03-28,EX-Z1000,settlement / processing,,,,unresolved,,,,
CIMG2144-001.jpg,10,2012-03-28,EX-Z1000,settlement / processing,,,,unresolved,,,,
CIMG2144.jpg,10,2012-03-28,EX-Z1000,settlement / processing,,,,unresolved,,,,
CIMG2145-001.jpg,10,2012-03-28,EX-Z1000,settlement / processing,,,,unresolved,,,,
CIMG2149(1).jpg,10,2012-03-28,EX-Z1000,settlement / processing,,,,unresolved,,,,
CIMG2149-001.jpg,10,2012-03-28,EX-Z1000,settlement / processing,,,,unresolved,,,,
CIMG2149.jpg,10,2012-03-28,EX-Z1000,settlement / processing,,,,unresolved,,,,
CIMG2174-001.jpg,11,2012-03-28,EX-Z1000,dry vegetation,,,,unresolved,,,,
CIMG2190-001.jpg,11,2012-03-29,EX-Z1000,dry vegetation,,,,unresolved,,,,
CIMG2192(1).JPG,11,2012-03-29,EX-Z1000,dry vegetation,,,,unresolved,,,,
CIMG2192.JPG,11,2012-03-29,EX-Z1000,dry vegetation,,,,unresolved,,,,
CIMG2196-001.jpg,12,2012-03-30,EX-Z1000,settlement / market,,,,unresolved,,,,
CIMG2234.jpg,13,2012-04-04,EX-Z1000,settlement / built,,,,unresolved,,,,
CIMG2239.JPG,13,2012-04-04,EX-Z1000,settlement / built,,,,unresolved,,,,
CIMG2240.JPG,13,2012-04-04,EX-Z1000,settlement / built,,,,unresolved,,,,
CIMG2241.JPG,13,2012-04-04,EX-Z1000,settlement / built,,,,unresolved,,,,
CIMG2247.JPG,14,2012-04-19,EX-Z1000,dry vegetation,,,,unresolved,,,,
CIMG2248.JPG,14,2012-04-19,EX-Z1000,dry vegetation,,,,unresolved,,,,
CIMG2249 2.JPG,14,2012-04-19,EX-Z1000,dry vegetation,,,,unresolved,,,,
CIMG2249-001.jpg,14,2012-04-19,EX-Z1000,dry vegetation,,,,unresolved,,,,
CIMG2249.jpg,14,2012-04-19,EX-Z1000,dry vegetation,,,,unresolved,,,,
20120423_194014.jpg,15,2012-04-23,GT-P6210,flooded vegetation,,,,unresolved,,,,
20120423_194025.jpg,15,2012-04-23,GT-P6210,flooded vegetation,,,,unresolved,,,,
20120423_194036.jpg,15,2012-04-23,GT-P6210,flooded vegetation,,,,unresolved,,,,
20120423_194048.jpg,15,2012-04-23,GT-P6210,flooded vegetation,,,,unresolved,,,,
20120423_194058.jpg,15,2012-04-23,GT-P6210,flooded vegetation,,,,unresolved,,,,
20120429_091523.jpg,16,2012-04-29,GT-P6210,settlement / processing,,,,unresolved,,,,
20120505_120351.jpg,17,2012-05-05,GT-P6210,gear detail,,,,unresolved,,,,
20120519_125615.jpg,18,2012-05-19,GT-P6210,open water,,,,unresolved,,,,
20120519_130454.jpg,18,2012-05-19,GT-P6210,open water,,,,unresolved,,,,
20120519_130705.jpg,18,2012-05-19,GT-P6210,open water,,,,unresolved,,,,
20120519_130714.jpg,18,2012-05-19,GT-P6210,open water,,,,unresolved,,,,
20120519_131158.jpg,18,2012-05-19,GT-P6210,open water,,,,unresolved,,,,
20120519_131237.jpg,18,2012-05-19,GT-P6210,open water,,,,unresolved,,,,
20120519_131336.jpg,18,2012-05-19,GT-P6210,open water,,,,unresolved,,,,
Boatman.jpg,18,2012-05-19,GT-P6210,open water,,,,unresolved,,,,
Boatman1.jpg,18,2012-05-19,GT-P6210,open water,,,,unresolved,,,,
Boatman2.jpg,18,2012-05-19,GT-P6210,open water,,,,unresolved,,,,
20120519_132245.jpg,18,2012-05-19,GT-P6210,open water,,,,unresolved,,,,
20120519_132343.jpg,18,2012-05-19,GT-P6210,open water,,,,unresolved,,,,
20120519_132530.jpg,18,2012-05-19,GT-P6210,open water,,,,unresolved,,,,
20120519_132558.jpg,18,2012-05-19,GT-P6210,open water,,,,unresolved,,,,
thomas.jpg,18,2012-05-19,GT-P6210,open water,,,,unresolved,,,,
20120519_132616.jpg,18,2012-05-19,GT-P6210,open water,,,,unresolved,,,,
20120519_140316.jpg,18,2012-05-19,GT-P6210,open water,,,,unresolved,,,,
20120519_140323.jpg,18,2012-05-19,GT-P6210,open water,,,,unresolved,,,,
20120519_140326.jpg,18,2012-05-19,GT-P6210,open water,,,,unresolved,,,,
20120519_140339.jpg,18,2012-05-19,GT-P6210,open water,,,,unresolved,,,,
20120519_140349.jpg,18,2012-05-19,GT-P6210,open water,,,,unresolved,,,,
20120519_140418.jpg,18,2012-05-19,GT-P6210,open water,,,,unresolved,,,,
20120519_141919.jpg,18,2012-05-19,GT-P6210,open water,,,,unresolved,,,,
thomas1.jpg,19,2012-05-20,,domestic interior,,,,unresolved,,,,
marshman1.jpg,19,2012-05-20,,domestic interior,,,,unresolved,,,,
landcanoe1-001.jpg,19,2012-05-20,,domestic interior,,,,unresolved,,,,
landcanoe1.jpg,19,2012-05-20,,domestic interior,,,,unresolved,,,,
sugarcane boatman.jpg,20,2012-05-21,,fauna / specimen,,,,unresolved,,,,
manstandngonboat.jpg,21,2012-05-22,,fauna / specimen,,,,unresolved,,,,
CIMG2484.JPG,22,2012-05-23,EX-Z1000,gathering / event,,,,unresolved,,,,
pushboat1.jpg,23,2012-05-24,,landing site,,,,unresolved,,,,
CIMG2603.JPG,24,2012-05-29,EX-Z1000,flooded vegetation,,,,unresolved,,,,
CIMG2617.JPG,25,2012-05-30,EX-Z1000,open water,,,,unresolved,,,,
CIMG2618.JPG,25,2012-05-30,EX-Z1000,open water,,,,unresolved,,,,
CIMG2619.JPG,25,2012-05-30,EX-Z1000,open water,,,,unresolved,,,,
CIMG2620.JPG,25,2012-05-30,EX-Z1000,open water,,,,unresolved,,,,
CIMG2808.JPG,26,2012-06-12,EX-Z1000,open water,,,,unresolved,,,,
CIMG2809.JPG,26,2012-06-12,EX-Z1000,open water,,,,unresolved,,,,
CIMG2810.JPG,26,2012-06-12,EX-Z1000,open water,,,,unresolved,,,,
CIMG2811.JPG,26,2012-06-12,EX-Z1000,open water,,,,unresolved,,,,
CIMG2812.JPG,26,2012-06-12,EX-Z1000,open water,,,,unresolved,,,,
CIMG2813.JPG,26,2012-06-12,EX-Z1000,open water,,,,unresolved,,,,
CIMG2814.JPG,26,2012-06-12,EX-Z1000,open water,,,,unresolved,,,,
CIMG2815.JPG,26,2012-06-12,EX-Z1000,open water,,,,unresolved,,,,
CIMG2816.JPG,26,2012-06-12,EX-Z1000,open water,,,,unresolved,,,,
CIMG2817.JPG,26,2012-06-12,EX-Z1000,open water,,,,unresolved,,,,
CIMG2848.JPG,26,2012-06-12,EX-Z1000,open water,,,,unresolved,,,,
CIMG2849.JPG,26,2012-06-12,EX-Z1000,open water,,,,unresolved,,,,
CIMG2850.JPG,26,2012-06-12,EX-Z1000,open water,,,,unresolved,,,,
CIMG2851.JPG,26,2012-06-12,EX-Z1000,open water,,,,unresolved,,,,
CIMG2852.JPG,26,2012-06-12,EX-Z1000,open water,,,,unresolved,,,,
CIMG2853.JPG,26,2012-06-12,EX-Z1000,open water,,,,unresolved,,,,
CIMG2855.JPG,26,2012-06-12,EX-Z1000,open water,,,,unresolved,,,,
CIMG2857.JPG,26,2012-06-12,EX-Z1000,open water,,,,unresolved,,,,
CIMG3173.JPG,27,2012-06-19,EX-Z1000,settlement / built,,,,unresolved,,,,
CIMG3174.JPG,27,2012-06-19,EX-Z1000,settlement / built,,,,unresolved,,,,
CIMG3179.JPG,27,2012-06-19,EX-Z1000,settlement / built,,,,unresolved,,,,
CIMG3180.JPG,27,2012-06-19,EX-Z1000,settlement / built,,,,unresolved,,,,
CIMG3182.JPG,27,2012-06-19,EX-Z1000,settlement / built,,,,unresolved,,,,
CIMG3183.JPG,27,2012-06-19,EX-Z1000,settlement / built,,,,unresolved,,,,
CIMG3184.JPG,27,2012-06-19,EX-Z1000,settlement / built,,,,unresolved,,,,
CIMG3185.JPG,27,2012-06-19,EX-Z1000,settlement / built,,,,unresolved,,,,
CIMG3186.JPG,27,2012-06-19,EX-Z1000,settlement / built,,,,unresolved,,,,
CIMG3188.JPG,27,2012-06-19,EX-Z1000,settlement / built,,,,unresolved,,,,
CIMG3191.JPG,27,2012-06-19,EX-Z1000,settlement / built,,,,unresolved,,,,
CIMG3200.JPG,27,2012-06-19,EX-Z1000,settlement / built,,,,unresolved,,,,
DSC_2375.JPG,28,2012-09-26,NIKON D7000,open water,,,,unresolved,,,,
DSC_2376.JPG,28,2012-09-26,NIKON D7000,open water,,,,unresolved,,,,
DSC_2377.JPG,28,2012-09-26,NIKON D7000,open water,,,,unresolved,,,,
DSC_2378.JPG,28,2012-09-26,NIKON D7000,open water,,,,unresolved,,,,
IMG_0014.jpg,29,2012-12-06,CanoScan LiDE 110,road / transport,,,,unresolved,,,,
IMG_0018.jpg,29,2012-12-06,CanoScan LiDE 110,road / transport,,,,unresolved,,,,
IMG_5333.JPG,30,2014-11-23,Canon DIGITAL IXUS 430,settlement / woodfuel,,,,unresolved,,,,
Phaloni 5-3-13.JPG,,,"C2Z,D520Z,C220Z",,Phaloni,35.6984,-15.5721,toponym in filename,5 km,on the Sombani; river mouth as proxy,,
