capture_id,session_id,datetime,date,model,canonical_photo,n_files,derivative_files,width,height,timestamp_source,clock_reset,scanned,date_reliable,site_hint,cover_hint
1,38,2011-01-01 00:18:28,2011-01-01,EX-Z1000,CIMG1312.JPG,1,,3648,2736,DateTimeOriginal,True,False,False,,
2,38,2011-01-01 01:14:06,2011-01-01,EX-Z1000,CIMG1316.JPG,1,,3648,2736,DateTimeOriginal,True,False,False,,
3,38,2011-01-01 01:20:21,2011-01-01,EX-Z1000,CIMG1317.JPG,1,,3648,2736,DateTimeOriginal,True,False,False,,
4,38,2011-01-01 01:58:11,2011-01-01,EX-Z1000,CIMG1323.JPG,1,,3648,2736,DateTimeOriginal,True,False,False,,
5,38,2011-01-01 01:58:20,2011-01-01,EX-Z1000,CIMG1325.JPG,1,,3648,2736,DateTimeOriginal,True,False,False,,
6,38,2011-01-01 01:58:29,2011-01-01,EX-Z1000,CIMG1326-001.JPG,1,,1024,768,DateTimeOriginal,True,False,False,,
7,38,2011-01-01 01:58:50,2011-01-01,EX-Z1000,Zimbo 1.JPG,2,CIMG1329.JPG,3648,2736,DateTimeOriginal,True,False,False,,emergent/flooded vegetation
8,38,2011-01-01 03:31:30,2011-01-01,EX-Z1000,CIMG1333.JPG,2,CIMG1333 (1).JPG,3648,2736,DateTimeOriginal,True,False,False,,
9,38,2011-01-01 03:32:43,2011-01-01,EX-Z1000,Zimbo 2.JPG,3,CIMG1339.JPG; Marshtearoom-001.jpg,3648,2736,DateTimeOriginal,True,False,False,,emergent/flooded vegetation
10,38,2011-01-01 03:32:49,2011-01-01,EX-Z1000,CIMG1340.JPG,1,,3648,2736,DateTimeOriginal,True,False,False,,
11,38,2011-01-01 03:32:52,2011-01-01,EX-Z1000,CIMG1341.JPG,1,,3648,2736,DateTimeOriginal,True,False,False,,
12,38,2011-01-01 06:48:32,2011-01-01,EX-Z1000,CIMG1348.JPG,1,,3648,2736,DateTimeOriginal,True,False,False,,
13,38,2011-01-01 06:48:45,2011-01-01,EX-Z1000,sunset.jpg,1,,3648,2457,DateTimeOriginal,True,False,False,,
14,38,2011-01-10 22:39:57,2011-01-10,EX-Z1000,CIMG1362-001.jpg,1,,1024,768,DateTimeOriginal,True,False,False,,
15,38,2011-01-10 22:41:42,2011-01-10,EX-Z1000,CIMG1364-001.jpg,2,CIMG1364-001 (1).jpg,1024,768,DateTimeOriginal,True,False,False,,
16,38,2011-01-11 04:44:27,2011-01-11,EX-Z1000,CIMG1368-001.jpg,1,,1024,768,DateTimeOriginal,True,False,False,,
17,1,2011-12-21 02:59:46,2011-12-21,EX-Z1000,landcanoe.jpg,1,,3122,1870,DateTimeOriginal,False,False,True,,open water
18,1,2011-12-21 03:03:50,2011-12-21,EX-Z1000,fishtrap.jpg,1,,3604,2431,DateTimeOriginal,False,False,True,,open water
19,2,2012-02-20 03:57:52,2012-02-20,DSC-S5000,Multiple fish fences and fish traps at Phaloni 1.JPG,1,,2160,1620,DateTimeOriginal,False,False,True,Phaloni,open water
20,2,2012-02-20 03:58:24,2012-02-20,DSC-S5000,"Multiple fish fences and fish traps, Phaloni.JPG",1,,4320,3240,DateTimeOriginal,False,False,True,Phaloni,open water
21,2,2012-02-20 03:59:24,2012-02-20,DSC-S5000,Sombani River at Phaloni.JPG,1,,2160,1620,DateTimeOriginal,False,False,True,Phaloni; Sombani,open water
22,2,2012-02-20 03:59:49,2012-02-20,DSC-S5000,Multiple fish fences and fish traps.JPG,1,,2160,1620,DateTimeOriginal,False,False,True,,open water
23,2,2012-02-20 04:00:17,2012-02-20,DSC-S5000,Checking fish trap.JPG,1,,2160,1620,DateTimeOriginal,False,False,True,,open water
24,2,2012-02-20 04:01:02,2012-02-20,DSC-S5000,Selling fresh Matemba at Phaloni.JPG,1,,1620,2160,DateTimeOriginal,False,False,True,Phaloni,
25,2,2012-02-20 04:02:10,2012-02-20,DSC-S5000,Trapping Matemba at Phaloni.JPG,1,,1620,2160,DateTimeOriginal,False,False,True,Phaloni,
26,2,2012-02-20 04:04:35,2012-02-20,DSC-S5000,Mosquito net.JPG,1,,2160,1620,DateTimeOriginal,False,False,True,,
27,2,2012-02-20 04:05:18,2012-02-20,DSC-S5000,Smoked Njolinjo.JPG,1,,1620,2160,DateTimeOriginal,False,False,True,,
28,2,2012-02-20 04:06:27,2012-02-20,DSC-S5000,Drying Matemba at Phaloni plus JW & Gibson.JPG,1,,2160,1620,DateTimeOriginal,False,False,True,Phaloni,
29,3,2012-02-22 08:54:07,2012-02-22,EX-Z1000,marshman.jpg,3,CIMG1804-001.jpg; marshman-001.jpg,2400,3300,DateTimeOriginal,False,False,True,,emergent/flooded vegetation
30,3,2012-02-22 09:41:57,2012-02-22,EX-Z1000,CIMG1808-001.jpg,1,,1024,586,DateTimeOriginal,False,False,True,,
31,3,2012-02-22 09:42:17,2012-02-22,EX-Z1000,CIMG1809-001.jpg,1,,1024,768,DateTimeOriginal,False,False,True,,
32,3,2012-02-22 10:25:45,2012-02-22,EX-Z1000,CIMG1816.jpg,5,CIMG1816 2.JPG; CIMG1816-001.jpg; CIMG1816-001(1).jpg; CIMG1816-001(2).jpg,3648,2736,DateTimeOriginal,False,False,True,,
33,3,2012-02-22 10:25:53,2012-02-22,EX-Z1000,CIMG1817 2.JPG,3,pushboat.jpg; pushboat-001.jpg,3648,2736,DateTimeOriginal,False,False,True,,open water
34,3,2012-02-22 11:25:37,2012-02-22,EX-Z1000,CIMG1821-001.jpg,1,,1024,768,DateTimeOriginal,False,False,True,,
35,3,2012-02-22 11:26:44,2012-02-22,EX-Z1000,CIMG1824-001.jpg,2,CIMG1824-001 (1).jpg,1024,768,DateTimeOriginal,False,False,True,,
36,3,2012-02-22 11:31:13,2012-02-22,EX-Z1000,CIMG1827.jpg,1,,3648,2736,DateTimeOriginal,False,False,True,,
37,4,2012-02-22 13:12:39,2012-02-22,EX-Z1000,CIMG1832-001.jpg,2,Zambia fishing camp.jpg,1024,768,DateTimeOriginal,False,False,True,Zambia,
38,4,2012-02-22 13:12:59,2012-02-22,EX-Z1000,CIMG1834-001.jpg,1,,1024,768,DateTimeOriginal,False,False,True,,
39,4,2012-02-22 13:13:06,2012-02-22,EX-Z1000,CIMG1835-001.jpg,1,,1024,768,DateTimeOriginal,False,False,True,,
40,4,2012-02-22 13:13:11,2012-02-22,EX-Z1000,CIMG1836.jpg,2,CIMG1836 (1).jpg,3648,2736,DateTimeOriginal,False,False,True,,
41,5,2012-02-22 14:57:03,2012-02-22,EX-Z1000,CIMG1838-001.jpg,2,Mr Zambia Zimbo.jpg,1024,768,DateTimeOriginal,False,False,True,Zambia,emergent/flooded vegetation
42,5,2012-02-22 15:01:26,2012-02-22,EX-Z1000,CIMG1842-001.jpg,1,,1024,768,DateTimeOriginal,False,False,True,,
43,5,2012-02-22 15:01:35,2012-02-22,EX-Z1000,CIMG1843-001.jpg,1,,1024,768,DateTimeOriginal,False,False,True,,
44,5,2012-02-22 15:01:42,2012-02-22,EX-Z1000,CIMG1844.jpg,5,CIMG1844-001.jpg; CIMG1844-001(1).jpg; CIMG1844-001 (2).jpg; Zimbowere through reeds.jpg,3648,2736,DateTimeOriginal,False,False,True,,emergent/flooded vegetation
45,5,2012-02-22 15:01:47,2012-02-22,EX-Z1000,CIMG1845 2.JPG,1,,3648,2736,DateTimeOriginal,False,False,True,,
46,5,2012-02-22 15:01:53,2012-02-22,EX-Z1000,CIMG1846.jpg,3,CIMG1846-001.jpg; Zimbowera through reeds distant.jpg,3202,2137,DateTimeOriginal,False,False,True,,emergent/flooded vegetation
47,6,2012-02-22 16:48:33,2012-02-22,EX-Z1000,CIMG1847.jpg,3,CIMG1847 2.JPG; CIMG1847-001.jpg,3648,2736,DateTimeOriginal,False,False,True,,
48,6,2012-02-22 16:48:39,2012-02-22,EX-Z1000,CIMG1848 2.JPG,1,,3648,2736,DateTimeOriginal,False,False,True,,
49,6,2012-02-22 16:55:23,2012-02-22,EX-Z1000,CIMG1857.jpg,1,,3648,2736,DateTimeOriginal,False,False,True,,
50,6,2012-02-22 16:56:32,2012-02-22,EX-Z1000,CIMG1858.jpg,1,,3648,2736,DateTimeOriginal,False,False,True,,
51,6,2012-02-22 17:48:42,2012-02-22,EX-Z1000,CIMG1866.jpg,1,,3648,2736,DateTimeOriginal,False,False,True,,
52,7,2012-02-25 07:51:29,2012-02-25,EX-Z1000,CIMG1882.JPG,1,,3648,2736,DateTimeOriginal,False,False,True,,
53,8,2012-02-28 14:34:31,2012-02-28,EX-Z1000,CIMG1901.JPG,2,CIMG1901(1).JPG,3648,2736,DateTimeOriginal,False,False,True,,
54,8,2012-02-28 14:34:42,2012-02-28,EX-Z1000,CIMG1902.JPG,1,,3648,2736,DateTimeOriginal,False,False,True,,
55,9,2012-03-21 01:37:00,2012-03-21,EX-Z1000,CIMG1954-001.jpg,2,CIMG1954-001(1).jpg,1024,768,DateTimeOriginal,False,False,True,,
56,10,2012-03-21 04:50:55,2012-03-21,EX-Z1000,CIMG1965.jpg,1,,2736,3648,DateTimeOriginal,False,False,True,,
57,10,2012-03-21 04:51:36,2012-03-21,EX-Z1000,CIMG1966-001.jpg,1,,1024,768,DateTimeOriginal,False,False,True,,
58,11,2012-03-27 23:52:29,2012-03-27,EX-Z1000,CIMG1999-001.jpg,1,,768,1024,DateTimeOriginal,False,False,True,,
59,11,2012-03-27 23:58:59,2012-03-27,EX-Z1000,CIMG2005-001.jpg,1,,768,1024,DateTimeOriginal,False,False,True,,
60,11,2012-03-27 23:59:32,2012-03-27,EX-Z1000,CIMG2006-001.jpg,1,,1024,768,DateTimeOriginal,False,False,True,,
61,12,2012-03-28 00:10:21,2012-03-28,EX-Z1000,CIMG2007-001.jpg,1,,1024,768,DateTimeOriginal,False,False,True,,
62,12,2012-03-28 00:10:29,2012-03-28,EX-Z1000,CIMG2008.JPG,1,,2736,3648,DateTimeOriginal,False,False,True,,
63,12,2012-03-28 00:24:19,2012-03-28,EX-Z1000,CIMG2013-001.jpg,1,,1024,768,DateTimeOriginal,False,False,True,,
64,12,2012-03-28 00:43:21,2012-03-28,EX-Z1000,fishhead.jpg,2,fishhead-001.jpg,3648,2736,DateTimeOriginal,False,False,True,,
65,12,2012-03-28 00:43:29,2012-03-28,EX-Z1000,CIMG2021-001.jpg,1,,1024,768,DateTimeOriginal,False,False,True,,
66,12,2012-03-28 00:47:21,2012-03-28,EX-Z1000,CIMG2027.JPG,1,,3648,2736,DateTimeOriginal,False,False,True,,
67,12,2012-03-28 00:47:54,2012-03-28,EX-Z1000,CIMG2029.jpg,1,,2736,3648,DateTimeOriginal,False,False,True,,
68,12,2012-03-28 00:48:14,2012-03-28,EX-Z1000,CIMG2031.JPG,1,,3648,2736,DateTimeOriginal,False,False,True,,
69,12,2012-03-28 00:49:17,2012-03-28,EX-Z1000,CIMG2032-001.jpg,1,,1024,768,DateTimeOriginal,False,False,True,,
70,12,2012-03-28 00:53:39,2012-03-28,EX-Z1000,CIMG2033.JPG,1,,3648,2736,DateTimeOriginal,False,False,True,,
71,12,2012-03-28 00:57:42,2012-03-28,EX-Z1000,CIMG2036.JPG,1,,3648,2736,DateTimeOriginal,False,False,True,,
72,12,2012-03-28 01:00:51,2012-03-28,EX-Z1000,CIMG2037.JPG,1,,3648,2736,DateTimeOriginal,False,False,True,,
73,12,2012-03-28 01:02:34,2012-03-28,EX-Z1000,CIMG2039.JPG,1,,3648,2736,DateTimeOriginal,False,False,True,,
74,12,2012-03-28 01:05:11,2012-03-28,EX-Z1000,CIMG2043-001.jpg,1,,1024,768,DateTimeOriginal,False,False,True,,
75,12,2012-03-28 01:07:04,2012-03-28,EX-Z1000,CIMG2047-001.jpg,1,,768,1024,DateTimeOriginal,False,False,True,,
76,12,2012-03-28 01:11:18,2012-03-28,EX-Z1000,CIMG2055-001.jpg,1,,1024,768,DateTimeOriginal,False,False,True,,
77,12,2012-03-28 01:11:32,2012-03-28,EX-Z1000,CIMG2057.jpg,1,,3648,2736,DateTimeOriginal,False,False,True,,
78,12,2012-03-28 01:28:27,2012-03-28,EX-Z1000,CIMG2068.jpg,1,,3648,2736,DateTimeOriginal,False,False,True,,
79,12,2012-03-28 01:58:07,2012-03-28,EX-Z1000,CIMG2070-001.jpg,1,,1024,768,DateTimeOriginal,False,False,True,,
80,12,2012-03-28 02:12:22,2012-03-28,EX-Z1000,CIMG2071-001.jpg,1,,1024,768,DateTimeOriginal,False,False,True,,
81,12,2012-03-28 02:13:57,2012-03-28,EX-Z1000,CIMG2076-001.jpg,1,,1024,768,DateTimeOriginal,False,False,True,,
82,12,2012-03-28 02:16:25,2012-03-28,EX-Z1000,CIMG2080.jpg,1,,3648,2736,DateTimeOriginal,False,False,True,,
83,12,2012-03-28 02:23:36,2012-03-28,EX-Z1000,CIMG2085.JPG,1,,3648,2736,DateTimeOriginal,False,False,True,,
84,12,2012-03-28 02:23:49,2012-03-28,EX-Z1000,CIMG2086.JPG,1,,3648,2736,DateTimeOriginal,False,False,True,,
85,12,2012-03-28 02:29:29,2012-03-28,EX-Z1000,CIMG2089-001.jpg,1,,1024,768,DateTimeOriginal,False,False,True,,
86,12,2012-03-28 02:29:51,2012-03-28,EX-Z1000,CIMG2090-001.jpg,1,,1024,768,DateTimeOriginal,False,False,True,,
87,12,2012-03-28 02:31:46,2012-03-28,EX-Z1000,CIMG2091-001.jpg,1,,1024,768,DateTimeOriginal,False,False,True,,
88,12,2012-03-28 02:32:25,2012-03-28,EX-Z1000,CIMG2092.JPG,1,,3648,2736,DateTimeOriginal,False,False,True,,
89,12,2012-03-28 02:40:01,2012-03-28,EX-Z1000,CIMG2094.JPG,1,,3648,2736,DateTimeOriginal,False,False,True,,
90,12,2012-03-28 02:52:47,2012-03-28,EX-Z1000,CIMG2106.jpg,2,CIMG2106-001.jpg,2736,3648,DateTimeOriginal,False,False,True,,
91,12,2012-03-28 03:00:44,2012-03-28,EX-Z1000,CIMG2107.JPG,1,,3648,2736,DateTimeOriginal,False,False,True,,
92,12,2012-03-28 03:00:52,2012-03-28,EX-Z1000,CIMG2108.JPG,1,,3648,2736,DateTimeOriginal,False,False,True,,
93,12,2012-03-28 03:07:25,2012-03-28,EX-Z1000,CIMG2109-001.jpg,1,,1024,768,DateTimeOriginal,False,False,True,,
94,12,2012-03-28 03:38:47,2012-03-28,EX-Z1000,CIMG2111-001.jpg,1,,1024,768,DateTimeOriginal,False,False,True,,
95,12,2012-03-28 04:08:01,2012-03-28,EX-Z1000,CIMG2115.JPG,1,,2736,3648,DateTimeOriginal,False,False,True,,
96,12,2012-03-28 04:08:17,2012-03-28,EX-Z1000,CIMG2116.JPG,1,,3648,2736,DateTimeOriginal,False,False,True,,
97,12,2012-03-28 04:08:51,2012-03-28,EX-Z1000,CIMG2118.jpg,2,CIMG2118-001.jpg,3648,2736,DateTimeOriginal,False,False,True,,
98,12,2012-03-28 04:09:15,2012-03-28,EX-Z1000,CIMG2119 2.JPG,2,CIMG2119-001.jpg,2736,3648,DateTimeOriginal,False,False,True,,
99,12,2012-03-28 04:15:24,2012-03-28,EX-Z1000,CIMG2125.JPG,1,,3648,2736,DateTimeOriginal,False,False,True,,
100,12,2012-03-28 04:20:12,2012-03-28,EX-Z1000,CIMG2130.jpg,2,CIMG2130-001.jpg,3648,2736,DateTimeOriginal,False,False,True,,
101,12,2012-03-28 04:21:58,2012-03-28,EX-Z1000,CIMG2133-001.jpg,1,,1024,768,DateTimeOriginal,False,False,True,,
102,12,2012-03-28 04:22:27,2012-03-28,EX-Z1000,CIMG2134.jpg,3,CIMG2134-001.jpg; CIMG2134-001(1).jpg,2736,3648,DateTimeOriginal,False,False,True,,
103,12,2012-03-28 04:23:14,2012-03-28,EX-Z1000,CIMG2135.JPG,1,,3648,2736,DateTimeOriginal,False,False,True,,
104,12,2012-03-28 04:23:58,2012-03-28,EX-Z1000,CIMG2136.JPG,2,CIMG2136(1).JPG,3648,2736,DateTimeOriginal,False,False,True,,
105,13,2012-03-28 06:28:07,2012-03-28,EX-Z1000,CIMG2137.JPG,1,,3648,2736,DateTimeOriginal,False,False,True,,
106,13,2012-03-28 06:28:16,2012-03-28,EX-Z1000,CIMG2138.JPG,1,,3648,2736,DateTimeOriginal,False,False,True,,
107,13,2012-03-28 06:28:55,2012-03-28,EX-Z1000,CIMG2143.JPG,1,,3648,2736,DateTimeOriginal,False,False,True,,
108,13,2012-03-28 06:40:44,2012-03-28,EX-Z1000,CIMG2144.jpg,3,CIMG2144-001.jpg; CIMG2144-001(1).jpg,2736,3648,DateTimeOriginal,False,False,True,,
109,13,2012-03-28 06:44:18,2012-03-28,EX-Z1000,CIMG2145-001.jpg,1,,768,1024,DateTimeOriginal,False,False,True,,
110,13,2012-03-28 06:45:40,2012-03-28,EX-Z1000,CIMG2149.jpg,3,CIMG2149(1).jpg; CIMG2149-001.jpg,3648,2736,DateTimeOriginal,False,False,True,,
111,14,2012-03-28 23:58:07,2012-03-28,EX-Z1000,CIMG2174-001.jpg,1,,1024,768,DateTimeOriginal,False,False,True,,
112,15,2012-03-29 01:28:08,2012-03-29,EX-Z1000,CIMG2190-001.jpg,1,,1024,768,DateTimeOriginal,False,False,True,,
113,15,2012-03-29 02:20:27,2012-03-29,EX-Z1000,CIMG2192.JPG,2,CIMG2192(1).JPG,3648,2736,DateTimeOriginal,False,False,True,,
114,16,2012-03-30 02:51:17,2012-03-30,EX-Z1000,CIMG2196-001.jpg,1,,1024,768,DateTimeOriginal,False,False,True,,
115,17,2012-04-04 00:40:01,2012-04-04,EX-Z1000,CIMG2234.jpg,1,,3648,2736,DateTimeOriginal,False,False,True,,
116,17,2012-04-04 00:54:14,2012-04-04,EX-Z1000,CIMG2239.JPG,1,,3648,2736,DateTimeOriginal,False,False,True,,
117,17,2012-04-04 00:54:20,2012-04-04,EX-Z1000,CIMG2240.JPG,1,,3648,2736,DateTimeOriginal,False,False,True,,
118,17,2012-04-04 00:54:25,2012-04-04,EX-Z1000,CIMG2241.JPG,1,,3648,2736,DateTimeOriginal,False,False,True,,
119,18,2012-04-19 03:18:31,2012-04-19,EX-Z1000,CIMG2247.JPG,1,,3648,2736,DateTimeOriginal,False,False,True,,
120,18,2012-04-19 03:19:03,2012-04-19,EX-Z1000,CIMG2248.JPG,1,,3648,2736,DateTimeOriginal,False,False,True,,
121,18,2012-04-19 04:48:10,2012-04-19,EX-Z1000,CIMG2249.jpg,3,CIMG2249 2.JPG; CIMG2249-001.jpg,3648,2736,DateTimeOriginal,False,False,True,,
122,19,2012-04-23 19:40:13,2012-04-23,GT-P6210,20120423_194014.jpg,1,,1024,768,DateTimeOriginal,False,False,True,,
123,19,2012-04-23 19:40:24,2012-04-23,GT-P6210,20120423_194025.jpg,1,,1024,768,DateTimeOriginal,False,False,True,,
124,19,2012-04-23 19:40:36,2012-04-23,GT-P6210,20120423_194036.jpg,1,,1024,768,DateTimeOriginal,False,False,True,,
125,19,2012-04-23 19:40:47,2012-04-23,GT-P6210,20120423_194048.jpg,1,,768,1024,DateTimeOriginal,False,False,True,,
126,19,2012-04-23 19:40:58,2012-04-23,GT-P6210,20120423_194058.jpg,1,,1024,768,DateTimeOriginal,False,False,True,,
127,20,2012-04-29 09:15:23,2012-04-29,GT-P6210,20120429_091523.jpg,1,,1024,768,DateTimeOriginal,False,False,True,,
128,21,2012-05-05 12:03:50,2012-05-05,GT-P6210,20120505_120351.jpg,1,,1024,768,DateTimeOriginal,False,False,True,,
129,22,2012-05-19 12:56:14,2012-05-19,GT-P6210,20120519_125615.jpg,1,,1024,164,DateTimeOriginal,False,False,True,,
130,22,2012-05-19 13:04:54,2012-05-19,GT-P6210,20120519_130454.jpg,1,,1024,768,DateTimeOriginal,False,False,True,,
131,22,2012-05-19 13:07:04,2012-05-19,GT-P6210,20120519_130705.jpg,1,,1024,768,DateTimeOriginal,False,False,True,,
132,22,2012-05-19 13:07:14,2012-05-19,GT-P6210,20120519_130714.jpg,1,,1024,768,DateTimeOriginal,False,False,True,,
133,22,2012-05-19 13:11:58,2012-05-19,GT-P6210,20120519_131158.jpg,1,,1024,768,DateTimeOriginal,False,False,True,,
134,22,2012-05-19 13:12:37,2012-05-19,GT-P6210,20120519_131237.jpg,1,,1024,506,DateTimeOriginal,False,False,True,,
135,22,2012-05-19 13:13:35,2012-05-19,GT-P6210,20120519_131336.jpg,1,,1024,356,DateTimeOriginal,False,False,True,,
136,22,2012-05-19 13:18:53,2012-05-19,GT-P6210,Boatman.jpg,3,Boatman2.jpg; Boatman1.jpg,768,1024,DateTimeOriginal,False,False,True,,open water
137,22,2012-05-19 13:22:44,2012-05-19,GT-P6210,20120519_132245.jpg,1,,1024,768,DateTimeOriginal,False,False,True,,
138,22,2012-05-19 13:23:42,2012-05-19,GT-P6210,20120519_132343.jpg,1,,1024,768,DateTimeOriginal,False,False,True,,
139,22,2012-05-19 13:25:29,2012-05-19,GT-P6210,20120519_132530.jpg,1,,1024,768,DateTimeOriginal,False,False,True,,
140,22,2012-05-19 13:25:57,2012-05-19,GT-P6210,20120519_132558.jpg,2,thomas.jpg,768,1024,DateTimeOriginal,False,False,True,,
141,22,2012-05-19 13:26:15,2012-05-19,GT-P6210,20120519_132616.jpg,1,,1024,768,DateTimeOriginal,False,False,True,,
142,22,2012-05-19 14:03:15,2012-05-19,GT-P6210,20120519_140316.jpg,1,,768,1024,DateTimeOriginal,False,False,True,,
143,22,2012-05-19 14:03:22,2012-05-19,GT-P6210,20120519_140323.jpg,1,,768,1024,DateTimeOriginal,False,False,True,,
144,22,2012-05-19 14:03:26,2012-05-19,GT-P6210,20120519_140326.jpg,1,,768,1024,DateTimeOriginal,False,False,True,,
145,22,2012-05-19 14:03:39,2012-05-19,GT-P6210,20120519_140339.jpg,1,,768,1024,DateTimeOriginal,False,False,True,,
146,22,2012-05-19 14:03:48,2012-05-19,GT-P6210,20120519_140349.jpg,1,,768,1024,DateTimeOriginal,False,False,True,,
147,22,2012-05-19 14:04:17,2012-05-19,GT-P6210,20120519_140418.jpg,1,,1024,768,DateTimeOriginal,False,False,True,,
148,22,2012-05-19 14:19:18,2012-05-19,GT-P6210,20120519_141919.jpg,1,,1024,768,DateTimeOriginal,False,False,True,,
149,23,2012-05-20 14:14:41,2012-05-20,,thomas1.jpg,1,,768,1024,DateTimeOriginal,False,False,True,,
150,24,2012-05-20 16:18:16,2012-05-20,,marshman1.jpg,1,,2400,3300,DateTimeOriginal,False,False,True,,emergent/flooded vegetation
151,24,2012-05-20 17:47:10,2012-05-20,,landcanoe1.jpg,2,landcanoe1-001.jpg,3153,1779,DateTimeOriginal,False,False,True,,open water
152,25,2012-05-21 10:59:18,2012-05-21,,sugarcane boatman.jpg,1,,3648,2068,DateTimeOriginal,False,False,True,,open water
153,26,2012-05-22 23:54:51,2012-05-22,,manstandngonboat.jpg,1,,3197,1971,DateTimeOriginal,False,False,True,,open water
154,27,2012-05-23 09:52:01,2012-05-23,EX-Z1000,CIMG2484.JPG,1,,3648,2736,DateTimeOriginal,False,False,True,,
155,28,2012-05-24 23:35:48,2012-05-24,,pushboat1.jpg,1,,1417,945,DateTimeOriginal,False,False,True,,open water
156,29,2012-05-29 09:51:48,2012-05-29,EX-Z1000,CIMG2603.JPG,1,,3648,2736,DateTimeOriginal,False,False,True,,
157,30,2012-05-30 07:33:03,2012-05-30,EX-Z1000,CIMG2617.JPG,1,,3648,2736,DateTimeOriginal,False,False,True,,
158,31,2012-05-30 10:37:11,2012-05-30,EX-Z1000,CIMG2618.JPG,1,,3648,2736,DateTimeOriginal,False,False,True,,
159,31,2012-05-30 10:37:21,2012-05-30,EX-Z1000,CIMG2619.JPG,1,,2736,3648,DateTimeOriginal,False,False,True,,
160,31,2012-05-30 10:37:43,2012-05-30,EX-Z1000,CIMG2620.JPG,1,,3648,2736,DateTimeOriginal,False,False,True,,
161,32,2012-06-12 12:02:14,2012-06-12,EX-Z1000,CIMG2808.JPG,1,,3648,2736,DateTimeOriginal,False,False,True,,
162,32,2012-06-12 12:02:57,2012-06-12,EX-Z1000,CIMG2809.JPG,1,,3648,2736,DateTimeOriginal,False,False,True,,
163,32,2012-06-12 12:03:21,2012-06-12,EX-Z1000,CIMG2810.JPG,1,,3648,2736,DateTimeOriginal,False,False,True,,
164,32,2012-06-12 12:04:09,2012-06-12,EX-Z1000,CIMG2811.JPG,1,,3648,2736,DateTimeOriginal,False,False,True,,
165,32,2012-06-12 12:04:17,2012-06-12,EX-Z1000,CIMG2812.JPG,1,,3648,2736,DateTimeOriginal,False,False,True,,
166,32,2012-06-12 12:04:39,2012-06-12,EX-Z1000,CIMG2813.JPG,1,,3648,2736,DateTimeOriginal,False,False,True,,
167,32,2012-06-12 12:04:47,2012-06-12,EX-Z1000,CIMG2814.JPG,1,,3648,2736,DateTimeOriginal,False,False,True,,
168,32,2012-06-12 12:05:01,2012-06-12,EX-Z1000,CIMG2815.JPG,1,,3648,2736,DateTimeOriginal,False,False,True,,
169,32,2012-06-12 12:05:11,2012-06-12,EX-Z1000,CIMG2816.JPG,1,,3648,2736,DateTimeOriginal,False,False,True,,
170,32,2012-06-12 12:05:25,2012-06-12,EX-Z1000,CIMG2817.JPG,1,,3648,2736,DateTimeOriginal,False,False,True,,
171,32,2012-06-12 12:12:48,2012-06-12,EX-Z1000,CIMG2848.JPG,1,,3648,2736,DateTimeOriginal,False,False,True,,
172,32,2012-06-12 12:12:52,2012-06-12,EX-Z1000,CIMG2849.JPG,1,,3648,2736,DateTimeOriginal,False,False,True,,
173,32,2012-06-12 12:13:02,2012-06-12,EX-Z1000,CIMG2850.JPG,1,,3648,2736,DateTimeOriginal,False,False,True,,
174,32,2012-06-12 12:13:07,2012-06-12,EX-Z1000,CIMG2851.JPG,1,,3648,2736,DateTimeOriginal,False,False,True,,
175,32,2012-06-12 12:13:19,2012-06-12,EX-Z1000,CIMG2852.JPG,1,,3648,2736,DateTimeOriginal,False,False,True,,
176,32,2012-06-12 12:13:23,2012-06-12,EX-Z1000,CIMG2853.JPG,1,,3648,2736,DateTimeOriginal,False,False,True,,
177,32,2012-06-12 12:13:35,2012-06-12,EX-Z1000,CIMG2855.JPG,1,,3648,2736,DateTimeOriginal,False,False,True,,
178,32,2012-06-12 12:15:04,2012-06-12,EX-Z1000,CIMG2857.JPG,1,,3648,2736,DateTimeOriginal,False,False,True,,
179,33,2012-06-19 11:07:09,2012-06-19,EX-Z1000,CIMG3173.JPG,1,,3648,2736,DateTimeOriginal,False,False,True,,
180,33,2012-06-19 11:07:13,2012-06-19,EX-Z1000,CIMG3174.JPG,1,,3648,2736,DateTimeOriginal,False,False,True,,
181,33,2012-06-19 11:07:41,2012-06-19,EX-Z1000,CIMG3179.JPG,1,,3648,2736,DateTimeOriginal,False,False,True,,
182,33,2012-06-19 11:07:45,2012-06-19,EX-Z1000,CIMG3180.JPG,1,,3648,2736,DateTimeOriginal,False,False,True,,
183,33,2012-06-19 11:07:53,2012-06-19,EX-Z1000,CIMG3182.JPG,1,,3648,2736,DateTimeOriginal,False,False,True,,
184,33,2012-06-19 11:08:05,2012-06-19,EX-Z1000,CIMG3183.JPG,1,,3648,2736,DateTimeOriginal,False,False,True,,
185,33,2012-06-19 11:08:10,2012-06-19,EX-Z1000,CIMG3184.JPG,1,,3648,2736,DateTimeOriginal,False,False,True,,
186,33,2012-06-19 11:08:14,2012-06-19,EX-Z1000,CIMG3185.JPG,1,,3648,2736,DateTimeOriginal,False,False,True,,
187,33,2012-06-19 11:08:18,2012-06-19,EX-Z1000,CIMG3186.JPG,1,,3648,2736,DateTimeOriginal,False,False,True,,
188,33,2012-06-19 11:08:24,2012-06-19,EX-Z1000,CIMG3188.JPG,1,,3648,2736,DateTimeOriginal,False,False,True,,
189,33,2012-06-19 11:08:39,2012-06-19,EX-Z1000,CIMG3191.JPG,1,,3648,2736,DateTimeOriginal,False,False,True,,
190,34,2012-06-19 13:08:00,2012-06-19,EX-Z1000,CIMG3200.JPG,1,,3648,2736,DateTimeOriginal,False,False,True,,
191,35,2012-09-26 12:52:17,2012-09-26,NIKON D7000,DSC_2375.JPG,1,,4928,3264,DateTimeOriginal,False,False,True,,
192,35,2012-09-26 12:52:19,2012-09-26,NIKON D7000,DSC_2376.JPG,1,,4928,3264,DateTimeOriginal,False,False,True,,
193,35,2012-09-26 12:52:25,2012-09-26,NIKON D7000,DSC_2377.JPG,1,,4928,3264,DateTimeOriginal,False,False,True,,
194,35,2012-09-26 12:52:26,2012-09-26,NIKON D7000,DSC_2378.JPG,1,,4928,3264,DateTimeOriginal,False,False,True,,
195,36,2012-12-06 15:10:27,2012-12-06,CanoScan LiDE 110,IMG_0014.jpg,1,,2368,3208,DateTimeDigitized,False,True,False,,
196,36,2012-12-06 15:15:03,2012-12-06,CanoScan LiDE 110,IMG_0018.jpg,1,,2372,3236,DateTimeDigitized,False,True,False,,
197,37,2014-11-23 09:26:45,2014-11-23,Canon DIGITAL IXUS 430,IMG_5333.JPG,1,,480,640,DateTimeOriginal,False,False,True,,
